2026/09/30 05:42:52.964, 1830 MHz, 9501 MHz, 343.45 W, 86 %
2026/09/30 05:42:53.969, 1965 MHz, 9501 MHz, 177.94 W, 0 %
2026/09/30 05:42:54.969, 1965 MHz, 9501 MHz, 137.42 W, 0 %
2026/09/30 05:42:55.969, 1695 MHz, 9501 MHz, 124.57 W, 0 %
2026/09/30 05:42:56.969, 1695 MHz, 9501 MHz, 112.28 W, 0 %
2026/09/30 05:42:57.969, 1695 MHz, 9501 MHz, 111.87 W, 0 %
2026/09/30 05:42:58.970, 1695 MHz, 9501 MHz, 111.84 W, 0 %
2026/09/30 05:42:59.970, 1695 MHz, 9501 MHz, 111.76 W, 0 %
2026/09/30 05:43:00.970, 1695 MHz, 9501 MHz, 111.69 W, 0 %
2026/09/30 05:43:01.971, 1695 MHz, 9501 MHz, 111.64 W, 0 %
2026/09/30 05:43:02.971, 1665 MHz, 9501 MHz, 215.62 W, 100 %
2026/09/30 05:43:03.971, 1710 MHz, 9501 MHz, 308.87 W, 92 %
2026/09/30 05:43:04.971, 1740 MHz, 9501 MHz, 335.55 W, 92 %
2026/09/30 05:43:05.971, 1770 MHz, 9501 MHz, 335.58 W, 88 %
2026/09/30 05:43:06.971, 1725 MHz, 9501 MHz, 337.03 W, 94 %
2026/09/30 05:43:07.971, 1770 MHz, 9501 MHz, 337.69 W, 92 %
2026/09/30 05:43:08.971, 1755 MHz, 9501 MHz, 339.88 W, 92 %
2026/09/30 05:43:09.972, 1665 MHz, 9501 MHz, 341.91 W, 93 %
2026/09/30 05:43:10.972, 1740 MHz, 9501 MHz, 344.12 W, 92 %
2026/09/30 05:43:11.972, 1680 MHz, 9501 MHz, 344.63 W, 91 %
2026/09/30 05:43:12.973, 1770 MHz, 9501 MHz, 341.48 W, 90 %
2026/09/30 05:43:13.973, 1755 MHz, 9501 MHz, 342.11 W, 91 %
2026/09/30 05:43:14.973, 1815 MHz, 9501 MHz, 342.20 W, 87 %
2026/09/30 05:43:15.973, 1815 MHz, 9501 MHz, 343.84 W, 88 %
2026/09/30 05:43:16.973, 1755 MHz, 9501 MHz, 342.60 W, 88 %
2026/09/30 05:43:17.973, 1770 MHz, 9501 MHz, 341.73 W, 90 %
2026/09/30 05:43:18.973, 1815 MHz, 9501 MHz, 343.57 W, 87 %
2026/09/30 05:43:19.974, 1980 MHz, 9501 MHz, 193.04 W, 0 %
2026/09/30 05:43:20.974, 1980 MHz, 9501 MHz, 174.65 W, 0 %
2026/09/30 05:43:21.974, 1695 MHz, 9501 MHz, 144.35 W, 0 %
2026/09/30 05:43:22.974, 1695 MHz, 9501 MHz, 129.77 W, 0 %
2026/09/30 05:43:23.974, 1695 MHz, 9501 MHz, 114.42 W, 0 %
2026/09/30 05:43:24.974, 1695 MHz, 9501 MHz, 114.37 W, 0 %
2026/09/30 05:43:25.975, 1695 MHz, 9501 MHz, 113.86 W, 0 %
2026/09/30 05:43:26.975, 1695 MHz, 9501 MHz, 113.80 W, 0 %
2026/09/30 05:43:27.975, 1695 MHz, 9501 MHz, 113.78 W, 0 %
2026/09/30 05:43:28.975, 1785 MHz, 9501 MHz, 252.55 W, 86 %
2026/09/30 05:43:29.975, 1785 MHz, 9501 MHz, 339.79 W, 86 %
2026/09/30 05:43:30.975, 1815 MHz, 9501 MHz, 342.41 W, 86 %
2026/09/30 05:43:31.975, 1770 MHz, 9501 MHz, 342.74 W, 86 %
2026/09/30 05:43:32.976, 1770 MHz, 9501 MHz, 341.97 W, 85 %
2026/09/30 05:43:33.976, 1770 MHz, 9501 MHz, 343.90 W, 84 %
2026/09/30 05:43:34.976, 1815 MHz, 9501 MHz, 343.76 W, 83 %
2026/09/30 05:43:35.976, 1800 MHz, 9501 MHz, 343.06 W, 83 %
2026/09/30 05:43:36.976, 1800 MHz, 9501 MHz, 342.46 W, 83 %
2026/09/30 05:43:37.976, 1815 MHz, 9501 MHz, 342.66 W, 85 %
2026/09/30 05:43:38.976, 1740 MHz, 9501 MHz, 342.16 W, 84 %
2026/09/30 05:43:39.977, 1710 MHz, 9501 MHz, 341.68 W, 84 %
2026/09/30 05:43:40.977, 1740 MHz, 9501 MHz, 342.84 W, 84 %
2026/09/30 05:43:41.977, 1770 MHz, 9501 MHz, 342.68 W, 84 %
2026/09/30 05:43:42.977, 1770 MHz, 9501 MHz, 343.61 W, 86 %
2026/09/30 05:43:43.977, 1800 MHz, 9501 MHz, 344.74 W, 87 %
2026/09/30 05:43:44.977, 1785 MHz, 9501 MHz, 343.31 W, 87 %
2026/09/30 05:43:45.977, 1800 MHz, 9501 MHz, 343.07 W, 86 %
2026/09/30 05:43:46.977, 1770 MHz, 9501 MHz, 343.42 W, 84 %
2026/09/30 05:43:47.978, 1785 MHz, 9501 MHz, 342.84 W, 84 %
2026/09/30 05:43:48.978, 1755 MHz, 9501 MHz, 343.25 W, 87 %
2026/09/30 05:43:49.978, 1800 MHz, 9501 MHz, 343.35 W, 88 %
2026/09/30 05:43:50.978, 1755 MHz, 9501 MHz, 343.58 W, 88 %
2026/09/30 05:43:51.978, 1710 MHz, 9501 MHz, 342.55 W, 88 %
2026/09/30 05:43:52.978, 1770 MHz, 9501 MHz, 343.09 W, 85 %
2026/09/30 05:43:53.978, 1770 MHz, 9501 MHz, 343.28 W, 83 %
2026/09/30 05:43:54.979, 1770 MHz, 9501 MHz, 343.67 W, 84 %
2026/09/30 05:43:55.979, 1785 MHz, 9501 MHz, 337.40 W, 87 %
2026/09/30 05:43:56.979, 1770 MHz, 9501 MHz, 329.67 W, 84 %
2026/09/30 05:43:57.979, 1800 MHz, 9501 MHz, 341.97 W, 84 %
2026/09/30 05:43:58.979, 1815 MHz, 9501 MHz, 344.11 W, 87 %
2026/09/30 05:43:59.979, 1770 MHz, 9501 MHz, 343.20 W, 83 %
2026/09/30 05:44:00.979, 1725 MHz, 9501 MHz, 342.29 W, 86 %
2026/09/30 05:44:01.979, 1710 MHz, 9501 MHz, 341.54 W, 87 %
2026/09/30 05:44:02.980, 1770 MHz, 9501 MHz, 341.96 W, 84 %
2026/09/30 05:44:03.980, 1800 MHz, 9501 MHz, 342.06 W, 84 %
2026/09/30 05:44:04.980, 1725 MHz, 9501 MHz, 341.81 W, 87 %
2026/09/30 05:44:05.980, 1770 MHz, 9501 MHz, 342.35 W, 84 %
2026/09/30 05:44:06.981, 1785 MHz, 9501 MHz, 342.42 W, 86 %
2026/09/30 05:44:07.981, 1710 MHz, 9501 MHz, 342.76 W, 88 %
2026/09/30 05:44:08.981, 1770 MHz, 9501 MHz, 342.06 W, 84 %
2026/09/30 05:44:09.981, 1800 MHz, 9501 MHz, 343.99 W, 83 %
2026/09/30 05:44:10.981, 1800 MHz, 9501 MHz, 342.47 W, 87 %
2026/09/30 05:44:11.982, 1710 MHz, 9501 MHz, 342.55 W, 87 %
2026/09/30 05:44:12.983, 1770 MHz, 9501 MHz, 342.11 W, 84 %
2026/09/30 05:44:13.983, 1785 MHz, 9501 MHz, 342.13 W, 84 %
2026/09/30 05:44:14.983, 1785 MHz, 9501 MHz, 343.13 W, 87 %
2026/09/30 05:44:15.983, 1770 MHz, 9501 MHz, 343.03 W, 88 %
2026/09/30 05:44:16.983, 1710 MHz, 9501 MHz, 343.48 W, 87 %
2026/09/30 05:44:17.983, 1755 MHz, 9501 MHz, 341.95 W, 84 %
2026/09/30 05:44:18.984, 1785 MHz, 9501 MHz, 342.06 W, 84 %
2026/09/30 05:44:19.984, 1785 MHz, 9501 MHz, 343.29 W, 87 %
2026/09/30 05:44:20.985, 1770 MHz, 9501 MHz, 343.38 W, 88 %
2026/09/30 05:44:21.985, 1755 MHz, 9501 MHz, 344.19 W, 84 %
2026/09/30 05:44:22.985, 1770 MHz, 9501 MHz, 342.72 W, 84 %
2026/09/30 05:44:23.985, 1785 MHz, 9501 MHz, 342.83 W, 86 %
2026/09/30 05:44:24.986, 1800 MHz, 9501 MHz, 344.62 W, 88 %
2026/09/30 05:44:25.986, 1725 MHz, 9501 MHz, 344.02 W, 88 %
2026/09/30 05:44:26.986, 1740 MHz, 9501 MHz, 343.03 W, 86 %
2026/09/30 05:44:27.986, 1770 MHz, 9501 MHz, 343.11 W, 84 %
2026/09/30 05:44:28.986, 1785 MHz, 9501 MHz, 342.70 W, 84 %
2026/09/30 05:44:29.986, 1785 MHz, 9501 MHz, 343.64 W, 84 %
2026/09/30 05:44:30.986, 1710 MHz, 9501 MHz, 331.32 W, 88 %
2026/09/30 05:44:31.987, 1680 MHz, 9501 MHz, 343.68 W, 96 %
2026/09/30 05:44:32.987, 1785 MHz, 9501 MHz, 342.54 W, 88 %
2026/09/30 05:44:33.987, 1725 MHz, 9501 MHz, 344.26 W, 88 %
2026/09/30 05:44:34.987, 1695 MHz, 9501 MHz, 344.09 W, 87 %
2026/09/30 05:44:35.987, 1755 MHz, 9501 MHz, 343.50 W, 85 %
2026/09/30 05:44:36.987, 1755 MHz, 9501 MHz, 343.08 W, 84 %
2026/09/30 05:44:37.987, 1770 MHz, 9501 MHz, 342.80 W, 84 %
2026/09/30 05:44:38.987, 1695 MHz, 9501 MHz, 343.14 W, 86 %
2026/09/30 05:44:39.988, 1785 MHz, 9501 MHz, 343.04 W, 86 %
2026/09/30 05:44:40.988, 1800 MHz, 9501 MHz, 344.16 W, 88 %
2026/09/30 05:44:41.988, 1710 MHz, 9501 MHz, 343.94 W, 88 %
2026/09/30 05:44:42.989, 1725 MHz, 9501 MHz, 343.47 W, 86 %
2026/09/30 05:44:43.989, 1785 MHz, 9501 MHz, 343.48 W, 84 %
2026/09/30 05:44:44.989, 1770 MHz, 9501 MHz, 343.28 W, 84 %
2026/09/30 05:44:45.989, 1785 MHz, 9501 MHz, 343.62 W, 84 %
2026/09/30 05:44:46.990, 1710 MHz, 9501 MHz, 344.22 W, 87 %
2026/09/30 05:44:47.990, 1740 MHz, 9501 MHz, 343.96 W, 88 %
2026/09/30 05:44:48.990, 1755 MHz, 9501 MHz, 344.18 W, 88 %
2026/09/30 05:44:49.990, 1770 MHz, 9501 MHz, 342.85 W, 84 %
2026/09/30 05:44:50.990, 1965 MHz, 9501 MHz, 287.56 W, 0 %
2026/09/30 05:44:51.991, 1965 MHz, 9501 MHz, 182.96 W, 0 %
2026/09/30 05:44:52.991, 1695 MHz, 9501 MHz, 147.96 W, 0 %
2026/09/30 05:44:53.991, 1695 MHz, 9501 MHz, 133.34 W, 0 %
2026/09/30 05:44:54.992, 1695 MHz, 9501 MHz, 118.34 W, 0 %
2026/09/30 05:44:55.992, 1695 MHz, 9501 MHz, 117.44 W, 0 %
2026/09/30 05:44:56.992, 1695 MHz, 9501 MHz, 116.52 W, 0 %
2026/09/30 05:44:57.992, 1695 MHz, 9501 MHz, 116.42 W, 0 %
2026/09/30 05:44:58.992, 1695 MHz, 9501 MHz, 116.17 W, 0 %
2026/09/30 05:44:59.992, 1695 MHz, 9501 MHz, 134.78 W, 96 %
2026/09/30 05:45:00.993, 1725 MHz, 9501 MHz, 338.52 W, 87 %
2026/09/30 05:45:01.993, 1770 MHz, 9501 MHz, 341.51 W, 87 %
2026/09/30 05:45:02.993, 1785 MHz, 9501 MHz, 342.60 W, 87 %
2026/09/30 05:45:03.993, 1890 MHz, 9501 MHz, 332.85 W, 60 %
2026/09/30 05:45:04.993, 1890 MHz, 9501 MHz, 323.58 W, 59 %
2026/09/30 05:45:05.994, 1890 MHz, 9501 MHz, 323.58 W, 59 %
2026/09/30 05:45:06.994, 1785 MHz, 9501 MHz, 336.34 W, 87 %
2026/09/30 05:45:07.994, 1785 MHz, 9501 MHz, 342.52 W, 87 %
2026/09/30 05:45:08.994, 1800 MHz, 9501 MHz, 341.53 W, 88 %
2026/09/30 05:45:09.995, 1800 MHz, 9501 MHz, 341.08 W, 87 %
2026/09/30 05:45:10.995, 1770 MHz, 9501 MHz, 341.19 W, 84 %
2026/09/30 05:45:11.995, 1740 MHz, 9501 MHz, 341.67 W, 88 %
2026/09/30 05:45:12.995, 1785 MHz, 9501 MHz, 341.97 W, 88 %
2026/09/30 05:45:13.995, 1785 MHz, 9501 MHz, 341.33 W, 88 %
2026/09/30 05:45:14.995, 1800 MHz, 9501 MHz, 341.47 W, 88 %
2026/09/30 05:45:15.996, 1800 MHz, 9501 MHz, 340.96 W, 86 %
2026/09/30 05:45:16.997, 1740 MHz, 9501 MHz, 341.78 W, 87 %
2026/09/30 05:45:17.997, 1770 MHz, 9501 MHz, 341.18 W, 88 %
2026/09/30 05:45:18.997, 1785 MHz, 9501 MHz, 343.14 W, 88 %
2026/09/30 05:45:19.998, 1770 MHz, 9501 MHz, 341.39 W, 88 %
2026/09/30 05:45:20.998, 1800 MHz, 9501 MHz, 341.33 W, 88 %
2026/09/30 05:45:21.998, 1770 MHz, 9501 MHz, 342.27 W, 92 %
2026/09/30 05:45:22.998, 1740 MHz, 9501 MHz, 341.59 W, 88 %
2026/09/30 05:45:23.999, 1785 MHz, 9501 MHz, 341.14 W, 87 %
2026/09/30 05:45:24.999, 1770 MHz, 9501 MHz, 341.46 W, 88 %
2026/09/30 05:45:25.999, 1770 MHz, 9501 MHz, 342.04 W, 88 %
2026/09/30 05:45:26.999, 1770 MHz, 9501 MHz, 340.99 W, 88 %
2026/09/30 05:45:28.000, 1785 MHz, 9501 MHz, 341.76 W, 85 %
2026/09/30 05:45:29.000, 1740 MHz, 9501 MHz, 342.16 W, 87 %
2026/09/30 05:45:30.000, 1785 MHz, 9501 MHz, 341.42 W, 88 %
2026/09/30 05:45:31.000, 1770 MHz, 9501 MHz, 342.05 W, 88 %
2026/09/30 05:45:32.000, 1800 MHz, 9501 MHz, 341.82 W, 88 %
2026/09/30 05:45:33.000, 1785 MHz, 9501 MHz, 341.73 W, 87 %
2026/09/30 05:45:34.001, 1785 MHz, 9501 MHz, 342.03 W, 87 %
2026/09/30 05:45:35.002, 1830 MHz, 9501 MHz, 341.92 W, 91 %
2026/09/30 05:45:36.002, 1770 MHz, 9501 MHz, 339.72 W, 88 %
2026/09/30 05:45:37.002, 1770 MHz, 9501 MHz, 343.54 W, 100 %
2026/09/30 05:45:38.002, 1770 MHz, 9501 MHz, 342.31 W, 86 %
2026/09/30 05:45:39.002, 1770 MHz, 9501 MHz, 341.89 W, 88 %
2026/09/30 05:45:40.002, 1905 MHz, 9501 MHz, 335.52 W, 67 %
2026/09/30 05:45:41.003, 1920 MHz, 9501 MHz, 325.46 W, 58 %
2026/09/30 05:45:42.003, 1830 MHz, 9501 MHz, 318.87 W, 60 %
2026/09/30 05:45:43.003, 1740 MHz, 9501 MHz, 332.00 W, 88 %
2026/09/30 05:45:44.003, 1740 MHz, 9501 MHz, 341.74 W, 88 %
2026/09/30 05:45:45.003, 1785 MHz, 9501 MHz, 342.05 W, 86 %
2026/09/30 05:45:46.004, 1725 MHz, 9501 MHz, 341.47 W, 84 %
2026/09/30 05:45:47.004, 1755 MHz, 9501 MHz, 341.15 W, 84 %
2026/09/30 05:45:48.004, 1755 MHz, 9501 MHz, 342.65 W, 88 %
2026/09/30 05:45:49.004, 1785 MHz, 9501 MHz, 343.11 W, 87 %
2026/09/30 05:45:50.026, 1965 MHz, 9501 MHz, 241.51 W, 0 %
2026/09/30 05:45:51.026, 1965 MHz, 9501 MHz, 172.25 W, 0 %
2026/09/30 05:45:52.026, 1695 MHz, 9501 MHz, 148.45 W, 0 %
2026/09/30 05:45:53.026, 1695 MHz, 9501 MHz, 133.95 W, 0 %
2026/09/30 05:45:54.026, 1695 MHz, 9501 MHz, 119.05 W, 0 %
2026/09/30 05:45:55.027, 1695 MHz, 9501 MHz, 117.64 W, 0 %
2026/09/30 05:45:56.027, 1695 MHz, 9501 MHz, 117.61 W, 0 %
2026/09/30 05:45:57.027, 1695 MHz, 9501 MHz, 117.06 W, 0 %
2026/09/30 05:45:58.027, 1695 MHz, 9501 MHz, 116.84 W, 0 %
2026/09/30 05:45:59.027, 1680 MHz, 9501 MHz, 184.83 W, 100 %
2026/09/30 05:46:00.027, 1800 MHz, 9501 MHz, 345.42 W, 88 %
2026/09/30 05:46:01.027, 1800 MHz, 9501 MHz, 344.97 W, 88 %
2026/09/30 05:46:02.027, 1755 MHz, 9501 MHz, 345.80 W, 88 %
2026/09/30 05:46:03.028, 1785 MHz, 9501 MHz, 345.96 W, 91 %
2026/09/30 05:46:04.028, 1800 MHz, 9501 MHz, 343.66 W, 88 %
2026/09/30 05:46:05.028, 1770 MHz, 9501 MHz, 343.89 W, 88 %
2026/09/30 05:46:06.029, 1815 MHz, 9501 MHz, 344.11 W, 88 %
2026/09/30 05:46:07.029, 1785 MHz, 9501 MHz, 344.47 W, 87 %
2026/09/30 05:46:08.029, 1800 MHz, 9501 MHz, 344.42 W, 88 %
2026/09/30 05:46:09.029, 1800 MHz, 9501 MHz, 345.24 W, 89 %
2026/09/30 05:46:10.029, 1770 MHz, 9501 MHz, 344.57 W, 88 %
2026/09/30 05:46:11.029, 1785 MHz, 9501 MHz, 344.30 W, 92 %
2026/09/30 05:46:12.030, 1755 MHz, 9501 MHz, 345.41 W, 88 %
2026/09/30 05:46:13.030, 1710 MHz, 9501 MHz, 343.14 W, 85 %
2026/09/30 05:46:14.030, 1800 MHz, 9501 MHz, 342.37 W, 89 %
2026/09/30 05:46:15.030, 1785 MHz, 9501 MHz, 342.54 W, 89 %
2026/09/30 05:46:16.030, 1785 MHz, 9501 MHz, 341.57 W, 88 %
2026/09/30 05:46:17.031, 1845 MHz, 9501 MHz, 338.81 W, 77 %
2026/09/30 05:46:18.031, 1845 MHz, 9501 MHz, 326.74 W, 74 %
2026/09/30 05:46:19.031, 1830 MHz, 9501 MHz, 326.24 W, 76 %
2026/09/30 05:46:20.031, 1785 MHz, 9501 MHz, 338.87 W, 91 %
2026/09/30 05:46:21.031, 1755 MHz, 9501 MHz, 341.46 W, 88 %
2026/09/30 05:46:22.032, 1800 MHz, 9501 MHz, 342.58 W, 88 %
2026/09/30 05:46:23.032, 1815 MHz, 9501 MHz, 340.99 W, 88 %
2026/09/30 05:46:24.032, 1800 MHz, 9501 MHz, 343.08 W, 90 %
2026/09/30 05:46:25.033, 1740 MHz, 9501 MHz, 342.79 W, 88 %
2026/09/30 05:46:26.033, 1755 MHz, 9501 MHz, 343.33 W, 84 %
2026/09/30 05:46:27.033, 1755 MHz, 9501 MHz, 343.33 W, 87 %
2026/09/30 05:46:28.033, 1770 MHz, 9501 MHz, 343.20 W, 88 %
2026/09/30 05:46:29.034, 1950 MHz, 9501 MHz, 312.02 W, 0 %
2026/09/30 05:46:30.034, 1965 MHz, 9501 MHz, 172.75 W, 0 %
2026/09/30 05:46:31.034, 1695 MHz, 9501 MHz, 143.81 W, 0 %
2026/09/30 05:46:32.034, 1695 MHz, 9501 MHz, 140.42 W, 0 %
2026/09/30 05:46:33.034, 1695 MHz, 9501 MHz, 119.04 W, 0 %
2026/09/30 05:46:34.034, 1695 MHz, 9501 MHz, 118.62 W, 0 %
2026/09/30 05:46:35.035, 1695 MHz, 9501 MHz, 118.01 W, 0 %
2026/09/30 05:46:36.035, 1695 MHz, 9501 MHz, 117.65 W, 0 %
2026/09/30 05:46:37.035, 1695 MHz, 9501 MHz, 117.42 W, 0 %
2026/09/30 05:46:38.035, 1695 MHz, 9501 MHz, 116.60 W, 1 %
2026/09/30 05:46:39.035, 1620 MHz, 9501 MHz, 322.36 W, 100 %
2026/09/30 05:46:40.035, 1740 MHz, 9501 MHz, 336.93 W, 92 %
2026/09/30 05:46:41.035, 1680 MHz, 9501 MHz, 340.45 W, 91 %
2026/09/30 05:46:42.036, 1740 MHz, 9501 MHz, 338.26 W, 92 %
2026/09/30 05:46:43.036, 1695 MHz, 9501 MHz, 340.70 W, 91 %
2026/09/30 05:46:44.036, 1740 MHz, 9501 MHz, 339.04 W, 92 %
2026/09/30 05:46:45.036, 1710 MHz, 9501 MHz, 341.37 W, 92 %
2026/09/30 05:46:46.036, 1755 MHz, 9501 MHz, 340.29 W, 92 %
2026/09/30 05:46:47.036, 1725 MHz, 9501 MHz, 340.55 W, 92 %
2026/09/30 05:46:48.036, 1680 MHz, 9501 MHz, 340.00 W, 88 %
2026/09/30 05:46:49.037, 1740 MHz, 9501 MHz, 340.40 W, 92 %
2026/09/30 05:46:50.037, 1725 MHz, 9501 MHz, 340.34 W, 92 %
2026/09/30 05:46:51.037, 1680 MHz, 9501 MHz, 340.84 W, 88 %
2026/09/30 05:46:52.037, 1755 MHz, 9501 MHz, 339.18 W, 92 %
2026/09/30 05:46:53.037, 1755 MHz, 9501 MHz, 340.09 W, 92 %
2026/09/30 05:46:54.037, 1755 MHz, 9501 MHz, 334.76 W, 86 %
2026/09/30 05:46:55.037, 1860 MHz, 9501 MHz, 324.63 W, 69 %
2026/09/30 05:46:56.038, 1875 MHz, 9501 MHz, 324.74 W, 73 %
2026/09/30 05:46:57.038, 1785 MHz, 9501 MHz, 339.24 W, 85 %
2026/09/30 05:46:58.038, 1965 MHz, 9501 MHz, 274.07 W, 0 %
2026/09/30 05:46:59.038, 1965 MHz, 9501 MHz, 151.28 W, 0 %
2026/09/30 05:47:00.038, 1695 MHz, 9501 MHz, 141.30 W, 0 %
2026/09/30 05:47:01.038, 1695 MHz, 9501 MHz, 118.24 W, 0 %
2026/09/30 05:47:02.039, 1695 MHz, 9501 MHz, 117.75 W, 0 %
2026/09/30 05:47:03.039, 1695 MHz, 9501 MHz, 117.08 W, 0 %
2026/09/30 05:47:04.039, 1695 MHz, 9501 MHz, 116.66 W, 0 %
2026/09/30 05:47:05.039, 1695 MHz, 9501 MHz, 116.38 W, 0 %
2026/09/30 05:47:06.039, 1695 MHz, 9501 MHz, 116.01 W, 0 %
2026/09/30 05:47:07.039, 1935 MHz, 9501 MHz, 155.97 W, 96 %
2026/09/30 05:47:08.039, 1755 MHz, 9501 MHz, 335.18 W, 85 %
2026/09/30 05:47:09.039, 1710 MHz, 9501 MHz, 342.68 W, 85 %
2026/09/30 05:47:10.040, 1770 MHz, 9501 MHz, 343.29 W, 88 %
2026/09/30 05:47:11.040, 1755 MHz, 9501 MHz, 344.28 W, 89 %
2026/09/30 05:47:12.040, 1770 MHz, 9501 MHz, 344.58 W, 86 %
2026/09/30 05:47:13.040, 1755 MHz, 9501 MHz, 343.29 W, 85 %
2026/09/30 05:47:14.040, 1740 MHz, 9501 MHz, 342.81 W, 85 %
2026/09/30 05:47:15.040, 1755 MHz, 9501 MHz, 342.85 W, 85 %
2026/09/30 05:47:16.041, 1740 MHz, 9501 MHz, 343.78 W, 85 %
2026/09/30 05:47:17.041, 1710 MHz, 9501 MHz, 343.47 W, 85 %
2026/09/30 05:47:18.041, 1755 MHz, 9501 MHz, 343.80 W, 88 %
2026/09/30 05:47:19.041, 1710 MHz, 9501 MHz, 341.94 W, 86 %
2026/09/30 05:47:20.041, 1740 MHz, 9501 MHz, 342.65 W, 87 %
2026/09/30 05:47:21.042, 1755 MHz, 9501 MHz, 343.11 W, 88 %
2026/09/30 05:47:22.042, 1755 MHz, 9501 MHz, 343.35 W, 88 %
2026/09/30 05:47:23.042, 1710 MHz, 9501 MHz, 342.44 W, 88 %
2026/09/30 05:47:24.042, 1710 MHz, 9501 MHz, 342.87 W, 89 %
2026/09/30 05:47:25.042, 1695 MHz, 9501 MHz, 343.44 W, 89 %
2026/09/30 05:47:26.042, 1710 MHz, 9501 MHz, 344.91 W, 88 %
2026/09/30 05:47:27.043, 1755 MHz, 9501 MHz, 344.02 W, 88 %
2026/09/30 05:47:28.043, 1770 MHz, 9501 MHz, 343.27 W, 86 %
2026/09/30 05:47:29.043, 1755 MHz, 9501 MHz, 343.24 W, 85 %
2026/09/30 05:47:30.043, 1755 MHz, 9501 MHz, 342.87 W, 85 %
2026/09/30 05:47:31.043, 1845 MHz, 9501 MHz, 334.44 W, 60 %
2026/09/30 05:47:32.043, 1905 MHz, 9501 MHz, 330.51 W, 60 %
2026/09/30 05:47:33.044, 1740 MHz, 9501 MHz, 333.83 W, 69 %
2026/09/30 05:47:34.044, 1740 MHz, 9501 MHz, 345.88 W, 86 %
2026/09/30 05:47:35.044, 1740 MHz, 9501 MHz, 343.18 W, 87 %
2026/09/30 05:47:36.044, 1740 MHz, 9501 MHz, 343.90 W, 85 %
2026/09/30 05:47:37.044, 1740 MHz, 9501 MHz, 343.44 W, 87 %
2026/09/30 05:47:38.044, 1710 MHz, 9501 MHz, 343.22 W, 89 %
2026/09/30 05:47:39.045, 1755 MHz, 9501 MHz, 344.83 W, 88 %
2026/09/30 05:47:40.045, 1770 MHz, 9501 MHz, 344.60 W, 86 %
2026/09/30 05:47:41.045, 1755 MHz, 9501 MHz, 344.28 W, 85 %
2026/09/30 05:47:42.045, 1755 MHz, 9501 MHz, 344.15 W, 85 %
2026/09/30 05:47:43.045, 1755 MHz, 9501 MHz, 344.19 W, 85 %
2026/09/30 05:47:44.045, 1740 MHz, 9501 MHz, 344.07 W, 85 %
2026/09/30 05:47:45.045, 1755 MHz, 9501 MHz, 344.78 W, 92 %
2026/09/30 05:47:46.046, 1740 MHz, 9501 MHz, 344.06 W, 85 %
2026/09/30 05:47:47.046, 1740 MHz, 9501 MHz, 344.58 W, 87 %
2026/09/30 05:47:48.046, 1695 MHz, 9501 MHz, 344.21 W, 89 %
2026/09/30 05:47:49.046, 1740 MHz, 9501 MHz, 345.05 W, 88 %
2026/09/30 05:47:50.046, 1770 MHz, 9501 MHz, 345.50 W, 86 %
2026/09/30 05:47:51.046, 1755 MHz, 9501 MHz, 344.27 W, 85 %
2026/09/30 05:47:52.047, 1755 MHz, 9501 MHz, 344.53 W, 85 %
2026/09/30 05:47:53.047, 1740 MHz, 9501 MHz, 344.44 W, 85 %
2026/09/30 05:47:54.047, 1740 MHz, 9501 MHz, 344.36 W, 86 %
2026/09/30 05:47:55.047, 1695 MHz, 9501 MHz, 343.05 W, 82 %
2026/09/30 05:47:56.047, 1755 MHz, 9501 MHz, 346.24 W, 85 %
2026/09/30 05:47:57.047, 1755 MHz, 9501 MHz, 345.71 W, 85 %
2026/09/30 05:47:58.047, 1740 MHz, 9501 MHz, 344.69 W, 86 %
2026/09/30 05:47:59.048, 1695 MHz, 9501 MHz, 344.12 W, 89 %
2026/09/30 05:48:00.048, 1695 MHz, 9501 MHz, 344.46 W, 89 %
2026/09/30 05:48:01.049, 1740 MHz, 9501 MHz, 344.23 W, 88 %
2026/09/30 05:48:02.050, 1770 MHz, 9501 MHz, 343.76 W, 88 %
2026/09/30 05:48:03.050, 1770 MHz, 9501 MHz, 344.05 W, 86 %
2026/09/30 05:48:04.050, 1755 MHz, 9501 MHz, 344.52 W, 85 %
2026/09/30 05:48:05.050, 1740 MHz, 9501 MHz, 343.82 W, 84 %
2026/09/30 05:48:06.050, 1890 MHz, 9501 MHz, 332.28 W, 57 %
2026/09/30 05:48:07.050, 1875 MHz, 9501 MHz, 330.01 W, 60 %
2026/09/30 05:48:08.050, 1755 MHz, 9501 MHz, 334.30 W, 87 %
2026/09/30 05:48:09.051, 1740 MHz, 9501 MHz, 346.02 W, 85 %
2026/09/30 05:48:10.051, 1740 MHz, 9501 MHz, 345.31 W, 85 %
2026/09/30 05:48:11.051, 1710 MHz, 9501 MHz, 345.52 W, 89 %
2026/09/30 05:48:12.051, 1755 MHz, 9501 MHz, 344.20 W, 85 %
2026/09/30 05:48:13.051, 1740 MHz, 9501 MHz, 344.64 W, 85 %
2026/09/30 05:48:14.051, 1725 MHz, 9501 MHz, 344.64 W, 86 %
2026/09/30 05:48:15.051, 1710 MHz, 9501 MHz, 343.93 W, 88 %
2026/09/30 05:48:16.052, 1725 MHz, 9501 MHz, 344.57 W, 89 %
2026/09/30 05:48:17.052, 1770 MHz, 9501 MHz, 345.14 W, 89 %
2026/09/30 05:48:18.052, 1755 MHz, 9501 MHz, 345.73 W, 87 %
2026/09/30 05:48:19.052, 1755 MHz, 9501 MHz, 345.79 W, 85 %
2026/09/30 05:48:20.052, 1755 MHz, 9501 MHz, 345.40 W, 85 %
2026/09/30 05:48:21.052, 1755 MHz, 9501 MHz, 344.72 W, 85 %
2026/09/30 05:48:22.053, 1950 MHz, 9501 MHz, 324.43 W, 0 %
2026/09/30 05:48:23.053, 1965 MHz, 9501 MHz, 185.12 W, 0 %
2026/09/30 05:48:24.053, 1695 MHz, 9501 MHz, 146.59 W, 0 %
2026/09/30 05:48:25.053, 1695 MHz, 9501 MHz, 119.85 W, 0 %
2026/09/30 05:48:26.053, 1695 MHz, 9501 MHz, 119.40 W, 0 %
2026/09/30 05:48:27.054, 1695 MHz, 9501 MHz, 118.14 W, 0 %
2026/09/30 05:48:28.054, 1695 MHz, 9501 MHz, 117.90 W, 0 %
2026/09/30 05:48:29.054, 1695 MHz, 9501 MHz, 117.40 W, 0 %
2026/09/30 05:48:30.054, 1695 MHz, 9501 MHz, 117.16 W, 0 %
2026/09/30 05:48:31.054, 1695 MHz, 9501 MHz, 117.16 W, 0 %
2026/09/30 05:48:32.055, 1785 MHz, 9501 MHz, 287.64 W, 89 %
2026/09/30 05:48:33.055, 1785 MHz, 9501 MHz, 344.58 W, 89 %
2026/09/30 05:48:34.055, 1785 MHz, 9501 MHz, 345.40 W, 88 %
2026/09/30 05:48:35.055, 1785 MHz, 9501 MHz, 345.86 W, 88 %
2026/09/30 05:48:36.055, 1785 MHz, 9501 MHz, 346.19 W, 88 %
2026/09/30 05:48:37.055, 1770 MHz, 9501 MHz, 343.13 W, 88 %
2026/09/30 05:48:38.056, 1785 MHz, 9501 MHz, 344.31 W, 89 %
2026/09/30 05:48:39.056, 1755 MHz, 9501 MHz, 342.56 W, 89 %
2026/09/30 05:48:40.056, 1710 MHz, 9501 MHz, 341.69 W, 89 %
2026/09/30 05:48:41.056, 1755 MHz, 9501 MHz, 344.03 W, 88 %
2026/09/30 05:48:42.056, 1830 MHz, 9501 MHz, 341.40 W, 80 %
2026/09/30 05:48:43.057, 1830 MHz, 9501 MHz, 333.51 W, 67 %
2026/09/30 05:48:44.057, 1860 MHz, 9501 MHz, 336.01 W, 73 %
2026/09/30 05:48:45.057, 1680 MHz, 9501 MHz, 339.41 W, 96 %
2026/09/30 05:48:46.058, 1755 MHz, 9501 MHz, 342.00 W, 89 %
2026/09/30 05:48:47.058, 1725 MHz, 9501 MHz, 342.12 W, 89 %
2026/09/30 05:48:48.058, 1725 MHz, 9501 MHz, 341.92 W, 88 %
2026/09/30 05:48:49.058, 1725 MHz, 9501 MHz, 341.82 W, 88 %
2026/09/30 05:48:50.058, 1755 MHz, 9501 MHz, 341.97 W, 85 %
2026/09/30 05:48:51.058, 1770 MHz, 9501 MHz, 342.54 W, 85 %
2026/09/30 05:48:52.059, 1725 MHz, 9501 MHz, 343.13 W, 89 %
2026/09/30 05:48:53.059, 1725 MHz, 9501 MHz, 342.44 W, 89 %
2026/09/30 05:48:54.059, 1755 MHz, 9501 MHz, 342.35 W, 89 %
2026/09/30 05:48:55.060, 1755 MHz, 9501 MHz, 342.08 W, 88 %
2026/09/30 05:48:56.060, 1755 MHz, 9501 MHz, 343.29 W, 88 %
2026/09/30 05:48:57.060, 1755 MHz, 9501 MHz, 341.81 W, 85 %
2026/09/30 05:48:58.060, 1755 MHz, 9501 MHz, 342.96 W, 85 %
2026/09/30 05:48:59.061, 1770 MHz, 9501 MHz, 343.18 W, 87 %
2026/09/30 05:49:00.061, 1770 MHz, 9501 MHz, 342.67 W, 88 %
2026/09/30 05:49:01.061, 1770 MHz, 9501 MHz, 342.91 W, 89 %
2026/09/30 05:49:02.061, 1755 MHz, 9501 MHz, 342.35 W, 89 %
2026/09/30 05:49:03.061, 1755 MHz, 9501 MHz, 342.39 W, 85 %
2026/09/30 05:49:04.061, 1755 MHz, 9501 MHz, 341.53 W, 86 %
2026/09/30 05:49:05.062, 1770 MHz, 9501 MHz, 342.57 W, 88 %
2026/09/30 05:49:06.062, 1770 MHz, 9501 MHz, 342.72 W, 89 %
2026/09/30 05:49:07.062, 1725 MHz, 9501 MHz, 342.05 W, 89 %
2026/09/30 05:49:08.062, 1725 MHz, 9501 MHz, 343.11 W, 89 %
2026/09/30 05:49:09.062, 1755 MHz, 9501 MHz, 342.97 W, 89 %
2026/09/30 05:49:10.063, 1755 MHz, 9501 MHz, 342.60 W, 87 %
2026/09/30 05:49:11.063, 1770 MHz, 9501 MHz, 342.91 W, 85 %
2026/09/30 05:49:12.063, 1755 MHz, 9501 MHz, 342.88 W, 85 %
2026/09/30 05:49:13.063, 1755 MHz, 9501 MHz, 343.80 W, 85 %
2026/09/30 05:49:14.063, 1755 MHz, 9501 MHz, 344.36 W, 85 %
2026/09/30 05:49:15.063, 1740 MHz, 9501 MHz, 343.92 W, 85 %
2026/09/30 05:49:16.064, 1755 MHz, 9501 MHz, 343.83 W, 85 %
2026/09/30 05:49:17.064, 1905 MHz, 9501 MHz, 338.43 W, 59 %
2026/09/30 05:49:18.064, 1965 MHz, 9501 MHz, 277.05 W, 0 %
2026/09/30 05:49:19.064, 1965 MHz, 9501 MHz, 179.84 W, 0 %
2026/09/30 05:49:20.064, 1695 MHz, 9501 MHz, 146.17 W, 0 %
2026/09/30 05:49:21.064, 1695 MHz, 9501 MHz, 132.82 W, 0 %
2026/09/30 05:49:22.064, 1695 MHz, 9501 MHz, 119.62 W, 0 %
2026/09/30 05:49:23.065, 1695 MHz, 9501 MHz, 118.31 W, 0 %
2026/09/30 05:49:24.065, 1695 MHz, 9501 MHz, 118.23 W, 0 %
2026/09/30 05:49:25.065, 1695 MHz, 9501 MHz, 117.57 W, 0 %
2026/09/30 05:49:26.065, 1695 MHz, 9501 MHz, 117.40 W, 0 %
2026/09/30 05:49:27.066, 1650 MHz, 9501 MHz, 143.15 W, 100 %
2026/09/30 05:49:28.066, 1785 MHz, 9501 MHz, 343.92 W, 85 %
2026/09/30 05:49:29.066, 1740 MHz, 9501 MHz, 343.15 W, 91 %
2026/09/30 05:49:30.066, 1785 MHz, 9501 MHz, 341.97 W, 88 %
2026/09/30 05:49:31.066, 1770 MHz, 9501 MHz, 343.52 W, 89 %
2026/09/30 05:49:32.066, 1785 MHz, 9501 MHz, 343.72 W, 89 %
2026/09/30 05:49:33.066, 1770 MHz, 9501 MHz, 344.27 W, 89 %
2026/09/30 05:49:34.067, 1800 MHz, 9501 MHz, 344.86 W, 88 %
2026/09/30 05:49:35.067, 1770 MHz, 9501 MHz, 343.49 W, 88 %
2026/09/30 05:49:36.067, 1800 MHz, 9501 MHz, 342.66 W, 88 %
2026/09/30 05:49:37.067, 1785 MHz, 9501 MHz, 344.84 W, 89 %
2026/09/30 05:49:38.068, 1800 MHz, 9501 MHz, 343.03 W, 86 %
2026/09/30 05:49:39.068, 1785 MHz, 9501 MHz, 343.28 W, 89 %
2026/09/30 05:49:40.068, 1845 MHz, 9501 MHz, 342.45 W, 78 %
2026/09/30 05:49:41.068, 1725 MHz, 9501 MHz, 340.55 W, 91 %
2026/09/30 05:49:42.068, 1785 MHz, 9501 MHz, 341.76 W, 88 %
2026/09/30 05:49:43.068, 1740 MHz, 9501 MHz, 343.23 W, 89 %
2026/09/30 05:49:44.068, 1770 MHz, 9501 MHz, 343.86 W, 89 %
2026/09/30 05:49:45.069, 1785 MHz, 9501 MHz, 344.42 W, 89 %
2026/09/30 05:49:46.069, 1770 MHz, 9501 MHz, 343.00 W, 88 %
2026/09/30 05:49:47.069, 1785 MHz, 9501 MHz, 343.54 W, 89 %
2026/09/30 05:49:48.069, 1770 MHz, 9501 MHz, 343.58 W, 88 %
2026/09/30 05:49:49.069, 1770 MHz, 9501 MHz, 343.27 W, 89 %
2026/09/30 05:49:50.069, 1725 MHz, 9501 MHz, 344.64 W, 87 %
2026/09/30 05:49:51.070, 1740 MHz, 9501 MHz, 344.11 W, 88 %
2026/09/30 05:49:52.070, 1905 MHz, 9501 MHz, 338.44 W, 62 %
2026/09/30 05:49:53.070, 1845 MHz, 9501 MHz, 334.24 W, 63 %
2026/09/30 05:49:54.071, 1830 MHz, 9501 MHz, 335.08 W, 66 %
2026/09/30 05:49:55.071, 1755 MHz, 9501 MHz, 342.31 W, 85 %
2026/09/30 05:49:56.071, 1965 MHz, 9501 MHz, 180.11 W, 0 %
2026/09/30 05:49:57.071, 1965 MHz, 9501 MHz, 145.93 W, 0 %
2026/09/30 05:49:58.071, 1695 MHz, 9501 MHz, 132.14 W, 0 %
2026/09/30 05:49:59.072, 1695 MHz, 9501 MHz, 118.78 W, 0 %
2026/09/30 05:50:00.072, 1695 MHz, 9501 MHz, 117.93 W, 0 %
2026/09/30 05:50:01.072, 1695 MHz, 9501 MHz, 117.72 W, 0 %
2026/09/30 05:50:02.072, 1695 MHz, 9501 MHz, 117.30 W, 0 %
2026/09/30 05:50:03.072, 1695 MHz, 9501 MHz, 116.94 W, 0 %
2026/09/30 05:50:04.073, 1695 MHz, 9501 MHz, 116.59 W, 0 %
2026/09/30 05:50:05.074, 1695 MHz, 9501 MHz, 139.95 W, 100 %
2026/09/30 05:50:06.074, 1740 MHz, 9501 MHz, 348.69 W, 100 %
2026/09/30 05:50:07.074, 1725 MHz, 9501 MHz, 322.14 W, 84 %
2026/09/30 05:50:08.074, 1725 MHz, 9501 MHz, 336.68 W, 89 %
2026/09/30 05:50:09.074, 1740 MHz, 9501 MHz, 336.55 W, 90 %
2026/09/30 05:50:10.075, 1680 MHz, 9501 MHz, 335.73 W, 87 %
2026/09/30 05:50:11.075, 1725 MHz, 9501 MHz, 336.36 W, 88 %
2026/09/30 05:50:12.075, 1740 MHz, 9501 MHz, 334.95 W, 84 %
2026/09/30 05:50:13.075, 1725 MHz, 9501 MHz, 330.97 W, 84 %
2026/09/30 05:50:14.075, 1770 MHz, 9501 MHz, 332.24 W, 84 %
2026/09/30 05:50:15.075, 1710 MHz, 9501 MHz, 331.27 W, 85 %
2026/09/30 05:50:16.076, 1725 MHz, 9501 MHz, 332.53 W, 86 %
2026/09/30 05:50:17.076, 1740 MHz, 9501 MHz, 339.78 W, 92 %
2026/09/30 05:50:18.076, 1740 MHz, 9501 MHz, 342.01 W, 88 %
2026/09/30 05:50:19.076, 1695 MHz, 9501 MHz, 340.83 W, 92 %
2026/09/30 05:50:20.076, 1725 MHz, 9501 MHz, 339.34 W, 88 %
2026/09/30 05:50:21.076, 1725 MHz, 9501 MHz, 339.05 W, 88 %
2026/09/30 05:50:22.077, 1800 MHz, 9501 MHz, 341.37 W, 89 %
2026/09/30 05:50:23.077, 1710 MHz, 9501 MHz, 343.14 W, 85 %
