2026/09/30 05:58:58.067, 1950 MHz, 9501 MHz, 318.70 W, 0 %
2026/09/30 05:58:59.072, 1965 MHz, 9501 MHz, 176.23 W, 0 %
2026/09/30 05:59:00.072, 1695 MHz, 9501 MHz, 146.33 W, 0 %
2026/09/30 05:59:01.072, 1695 MHz, 9501 MHz, 132.75 W, 0 %
2026/09/30 05:59:02.072, 1695 MHz, 9501 MHz, 119.28 W, 0 %
2026/09/30 05:59:03.073, 1695 MHz, 9501 MHz, 117.84 W, 0 %
2026/09/30 05:59:04.073, 1695 MHz, 9501 MHz, 117.78 W, 0 %
2026/09/30 05:59:05.073, 1695 MHz, 9501 MHz, 117.17 W, 0 %
2026/09/30 05:59:06.073, 1695 MHz, 9501 MHz, 116.88 W, 0 %
2026/09/30 05:59:07.073, 1695 MHz, 9501 MHz, 116.49 W, 0 %
2026/09/30 05:59:08.073, 1695 MHz, 9501 MHz, 116.24 W, 0 %
2026/09/30 05:59:09.074, 1695 MHz, 9501 MHz, 116.01 W, 0 %
2026/09/30 05:59:10.074, 1695 MHz, 9501 MHz, 115.74 W, 0 %
2026/09/30 05:59:11.074, 1785 MHz, 9501 MHz, 239.86 W, 92 %
2026/09/30 05:59:12.075, 1740 MHz, 9501 MHz, 345.31 W, 96 %
2026/09/30 05:59:13.075, 1755 MHz, 9501 MHz, 344.74 W, 82 %
2026/09/30 05:59:14.075, 1725 MHz, 9501 MHz, 346.73 W, 96 %
2026/09/30 05:59:15.075, 1725 MHz, 9501 MHz, 347.35 W, 89 %
2026/09/30 05:59:16.075, 1725 MHz, 9501 MHz, 348.37 W, 96 %
2026/09/30 05:59:17.075, 1755 MHz, 9501 MHz, 345.12 W, 85 %
2026/09/30 05:59:18.076, 1740 MHz, 9501 MHz, 346.62 W, 96 %
2026/09/30 05:59:19.076, 1785 MHz, 9501 MHz, 347.24 W, 94 %
2026/09/30 05:59:20.076, 1740 MHz, 9501 MHz, 347.65 W, 96 %
2026/09/30 05:59:21.076, 1770 MHz, 9501 MHz, 348.88 W, 100 %
2026/09/30 05:59:22.076, 1755 MHz, 9501 MHz, 348.08 W, 97 %
2026/09/30 05:59:23.076, 1725 MHz, 9501 MHz, 348.48 W, 96 %
2026/09/30 05:59:24.077, 1740 MHz, 9501 MHz, 348.51 W, 96 %
2026/09/30 05:59:25.077, 1755 MHz, 9501 MHz, 347.60 W, 96 %
2026/09/30 05:59:26.078, 1740 MHz, 9501 MHz, 348.37 W, 96 %
2026/09/30 05:59:27.078, 1740 MHz, 9501 MHz, 348.23 W, 96 %
2026/09/30 05:59:28.079, 1785 MHz, 9501 MHz, 347.34 W, 96 %
2026/09/30 05:59:29.079, 1770 MHz, 9501 MHz, 348.60 W, 96 %
2026/09/30 05:59:30.079, 1785 MHz, 9501 MHz, 348.94 W, 100 %
2026/09/30 05:59:31.079, 1770 MHz, 9501 MHz, 347.64 W, 92 %
2026/09/30 05:59:32.080, 1755 MHz, 9501 MHz, 348.01 W, 96 %
2026/09/30 05:59:33.080, 1755 MHz, 9501 MHz, 348.04 W, 96 %
2026/09/30 05:59:34.080, 1845 MHz, 9501 MHz, 338.89 W, 92 %
2026/09/30 05:59:35.080, 1800 MHz, 9501 MHz, 337.28 W, 82 %
2026/09/30 05:59:36.081, 1785 MHz, 9501 MHz, 339.05 W, 84 %
2026/09/30 05:59:37.081, 1770 MHz, 9501 MHz, 339.60 W, 99 %
2026/09/30 05:59:38.082, 1770 MHz, 9501 MHz, 342.41 W, 91 %
2026/09/30 05:59:39.082, 1725 MHz, 9501 MHz, 345.95 W, 95 %
2026/09/30 05:59:40.082, 1815 MHz, 9501 MHz, 347.71 W, 100 %
2026/09/30 05:59:41.082, 1755 MHz, 9501 MHz, 348.26 W, 96 %
2026/09/30 05:59:42.082, 1800 MHz, 9501 MHz, 348.01 W, 96 %
2026/09/30 05:59:43.083, 1770 MHz, 9501 MHz, 347.32 W, 96 %
2026/09/30 05:59:44.083, 1800 MHz, 9501 MHz, 348.29 W, 99 %
2026/09/30 05:59:45.083, 1770 MHz, 9501 MHz, 348.89 W, 100 %
2026/09/30 05:59:46.083, 1785 MHz, 9501 MHz, 347.65 W, 93 %
2026/09/30 05:59:47.083, 1770 MHz, 9501 MHz, 347.98 W, 100 %
2026/09/30 05:59:48.084, 1770 MHz, 9501 MHz, 348.09 W, 96 %
2026/09/30 05:59:49.084, 1800 MHz, 9501 MHz, 346.71 W, 96 %
2026/09/30 05:59:50.084, 1770 MHz, 9501 MHz, 348.64 W, 96 %
2026/09/30 05:59:51.084, 1785 MHz, 9501 MHz, 347.51 W, 96 %
2026/09/30 05:59:52.084, 1785 MHz, 9501 MHz, 348.56 W, 96 %
2026/09/30 05:59:53.084, 1770 MHz, 9501 MHz, 347.85 W, 96 %
2026/09/30 05:59:54.085, 1785 MHz, 9501 MHz, 347.70 W, 96 %
2026/09/30 05:59:55.085, 1815 MHz, 9501 MHz, 347.96 W, 100 %
2026/09/30 05:59:56.085, 1755 MHz, 9501 MHz, 348.29 W, 96 %
2026/09/30 05:59:57.085, 1770 MHz, 9501 MHz, 348.11 W, 96 %
2026/09/30 05:59:58.085, 1785 MHz, 9501 MHz, 347.92 W, 96 %
2026/09/30 05:59:59.086, 1785 MHz, 9501 MHz, 347.81 W, 100 %
2026/09/30 06:00:00.086, 1815 MHz, 9501 MHz, 348.51 W, 100 %
2026/09/30 06:00:01.086, 1830 MHz, 9501 MHz, 348.28 W, 100 %
2026/09/30 06:00:02.086, 1815 MHz, 9501 MHz, 348.54 W, 100 %
2026/09/30 06:00:03.086, 1815 MHz, 9501 MHz, 348.28 W, 100 %
2026/09/30 06:00:04.086, 1845 MHz, 9501 MHz, 348.53 W, 100 %
2026/09/30 06:00:05.087, 1815 MHz, 9501 MHz, 348.44 W, 100 %
2026/09/30 06:00:06.087, 1785 MHz, 9501 MHz, 348.97 W, 97 %
2026/09/30 06:00:07.087, 1785 MHz, 9501 MHz, 348.12 W, 96 %
2026/09/30 06:00:08.087, 1800 MHz, 9501 MHz, 347.99 W, 96 %
2026/09/30 06:00:09.087, 1815 MHz, 9501 MHz, 347.36 W, 96 %
2026/09/30 06:00:10.088, 1815 MHz, 9501 MHz, 348.26 W, 100 %
2026/09/30 06:00:11.088, 1770 MHz, 9501 MHz, 348.82 W, 96 %
2026/09/30 06:00:12.088, 1785 MHz, 9501 MHz, 347.44 W, 96 %
2026/09/30 06:00:13.088, 1815 MHz, 9501 MHz, 344.35 W, 90 %
2026/09/30 06:00:14.088, 1800 MHz, 9501 MHz, 344.47 W, 90 %
2026/09/30 06:00:15.088, 1815 MHz, 9501 MHz, 344.01 W, 100 %
2026/09/30 06:00:16.088, 1845 MHz, 9501 MHz, 345.52 W, 100 %
2026/09/30 06:00:17.089, 1800 MHz, 9501 MHz, 345.80 W, 97 %
2026/09/30 06:00:18.089, 1800 MHz, 9501 MHz, 348.59 W, 95 %
2026/09/30 06:00:19.089, 1845 MHz, 9501 MHz, 348.59 W, 100 %
2026/09/30 06:00:20.089, 1800 MHz, 9501 MHz, 348.00 W, 96 %
2026/09/30 06:00:21.089, 1800 MHz, 9501 MHz, 347.99 W, 96 %
2026/09/30 06:00:22.089, 1830 MHz, 9501 MHz, 348.67 W, 100 %
2026/09/30 06:00:23.089, 1800 MHz, 9501 MHz, 348.29 W, 96 %
2026/09/30 06:00:24.090, 1800 MHz, 9501 MHz, 348.32 W, 96 %
2026/09/30 06:00:25.090, 1845 MHz, 9501 MHz, 348.41 W, 100 %
2026/09/30 06:00:26.090, 1830 MHz, 9501 MHz, 347.98 W, 96 %
2026/09/30 06:00:27.091, 1800 MHz, 9501 MHz, 348.39 W, 97 %
2026/09/30 06:00:28.091, 1815 MHz, 9501 MHz, 347.61 W, 95 %
2026/09/30 06:00:29.091, 1800 MHz, 9501 MHz, 347.94 W, 96 %
2026/09/30 06:00:30.091, 1800 MHz, 9501 MHz, 348.44 W, 96 %
2026/09/30 06:00:31.091, 1785 MHz, 9501 MHz, 348.79 W, 96 %
2026/09/30 06:00:32.091, 1800 MHz, 9501 MHz, 348.22 W, 96 %
2026/09/30 06:00:33.092, 1800 MHz, 9501 MHz, 348.29 W, 96 %
2026/09/30 06:00:34.092, 1800 MHz, 9501 MHz, 348.03 W, 97 %
2026/09/30 06:00:35.092, 1815 MHz, 9501 MHz, 346.74 W, 95 %
2026/09/30 06:00:36.092, 1830 MHz, 9501 MHz, 348.21 W, 96 %
2026/09/30 06:00:37.092, 1830 MHz, 9501 MHz, 349.06 W, 100 %
2026/09/30 06:00:38.093, 1830 MHz, 9501 MHz, 349.01 W, 100 %
2026/09/30 06:00:39.093, 1845 MHz, 9501 MHz, 348.96 W, 100 %
2026/09/30 06:00:40.093, 1800 MHz, 9501 MHz, 349.01 W, 100 %
2026/09/30 06:00:41.093, 1800 MHz, 9501 MHz, 348.05 W, 95 %
2026/09/30 06:00:42.094, 1830 MHz, 9501 MHz, 348.12 W, 100 %
2026/09/30 06:00:43.094, 1815 MHz, 9501 MHz, 348.82 W, 100 %
2026/09/30 06:00:44.094, 1800 MHz, 9501 MHz, 349.30 W, 97 %
2026/09/30 06:00:45.094, 1815 MHz, 9501 MHz, 348.40 W, 96 %
2026/09/30 06:00:46.094, 1815 MHz, 9501 MHz, 347.91 W, 97 %
2026/09/30 06:00:47.095, 1830 MHz, 9501 MHz, 349.00 W, 96 %
2026/09/30 06:00:48.095, 1815 MHz, 9501 MHz, 347.56 W, 96 %
2026/09/30 06:00:49.095, 1845 MHz, 9501 MHz, 348.08 W, 100 %
2026/09/30 06:00:50.095, 1815 MHz, 9501 MHz, 342.92 W, 90 %
2026/09/30 06:00:51.095, 1890 MHz, 9501 MHz, 344.53 W, 86 %
2026/09/30 06:00:52.095, 1815 MHz, 9501 MHz, 344.48 W, 99 %
2026/09/30 06:00:53.096, 1815 MHz, 9501 MHz, 346.18 W, 100 %
2026/09/30 06:00:54.096, 1830 MHz, 9501 MHz, 346.61 W, 96 %
2026/09/30 06:00:55.096, 1815 MHz, 9501 MHz, 348.11 W, 95 %
2026/09/30 06:00:56.096, 1815 MHz, 9501 MHz, 347.65 W, 96 %
2026/09/30 06:00:57.096, 1800 MHz, 9501 MHz, 348.23 W, 100 %
2026/09/30 06:00:58.096, 1815 MHz, 9501 MHz, 348.07 W, 96 %
2026/09/30 06:00:59.096, 1785 MHz, 9501 MHz, 348.34 W, 100 %
2026/09/30 06:01:00.097, 1800 MHz, 9501 MHz, 347.98 W, 100 %
2026/09/30 06:01:01.097, 1830 MHz, 9501 MHz, 347.39 W, 96 %
2026/09/30 06:01:02.097, 1800 MHz, 9501 MHz, 347.55 W, 98 %
2026/09/30 06:01:03.097, 1800 MHz, 9501 MHz, 348.02 W, 100 %
2026/09/30 06:01:04.097, 1830 MHz, 9501 MHz, 347.91 W, 100 %
2026/09/30 06:01:05.097, 1800 MHz, 9501 MHz, 348.09 W, 96 %
2026/09/30 06:01:06.098, 1800 MHz, 9501 MHz, 347.90 W, 100 %
2026/09/30 06:01:07.098, 1815 MHz, 9501 MHz, 347.17 W, 99 %
2026/09/30 06:01:08.098, 1830 MHz, 9501 MHz, 347.20 W, 100 %
2026/09/30 06:01:09.099, 1815 MHz, 9501 MHz, 347.71 W, 96 %
2026/09/30 06:01:10.099, 1815 MHz, 9501 MHz, 348.04 W, 100 %
2026/09/30 06:01:11.099, 1830 MHz, 9501 MHz, 349.05 W, 100 %
2026/09/30 06:01:12.099, 1830 MHz, 9501 MHz, 347.98 W, 100 %
2026/09/30 06:01:13.099, 1845 MHz, 9501 MHz, 347.99 W, 100 %
2026/09/30 06:01:14.099, 1830 MHz, 9501 MHz, 347.28 W, 96 %
2026/09/30 06:01:15.100, 1830 MHz, 9501 MHz, 347.43 W, 97 %
2026/09/30 06:01:16.100, 1830 MHz, 9501 MHz, 347.79 W, 96 %
2026/09/30 06:01:17.100, 1800 MHz, 9501 MHz, 347.92 W, 96 %
2026/09/30 06:01:18.100, 1815 MHz, 9501 MHz, 348.07 W, 100 %
2026/09/30 06:01:19.100, 1830 MHz, 9501 MHz, 347.47 W, 95 %
2026/09/30 06:01:20.101, 1815 MHz, 9501 MHz, 348.05 W, 96 %
2026/09/30 06:01:21.101, 1800 MHz, 9501 MHz, 348.00 W, 100 %
2026/09/30 06:01:22.101, 1800 MHz, 9501 MHz, 347.01 W, 100 %
2026/09/30 06:01:23.101, 1830 MHz, 9501 MHz, 346.74 W, 96 %
2026/09/30 06:01:24.101, 1815 MHz, 9501 MHz, 347.59 W, 96 %
2026/09/30 06:01:25.101, 1815 MHz, 9501 MHz, 348.16 W, 98 %
2026/09/30 06:01:26.102, 1845 MHz, 9501 MHz, 345.13 W, 91 %
2026/09/30 06:01:27.102, 1815 MHz, 9501 MHz, 345.22 W, 90 %
2026/09/30 06:01:28.102, 1875 MHz, 9501 MHz, 344.77 W, 90 %
2026/09/30 06:01:29.102, 1860 MHz, 9501 MHz, 342.47 W, 83 %
2026/09/30 06:01:30.102, 1815 MHz, 9501 MHz, 346.14 W, 100 %
2026/09/30 06:01:31.103, 1830 MHz, 9501 MHz, 347.32 W, 100 %
2026/09/30 06:01:32.103, 1830 MHz, 9501 MHz, 348.26 W, 100 %
2026/09/30 06:01:33.103, 1830 MHz, 9501 MHz, 347.75 W, 96 %
2026/09/30 06:01:34.103, 1830 MHz, 9501 MHz, 347.32 W, 100 %
2026/09/30 06:01:35.103, 1830 MHz, 9501 MHz, 348.60 W, 100 %
2026/09/30 06:01:36.103, 1830 MHz, 9501 MHz, 347.44 W, 96 %
2026/09/30 06:01:37.104, 1830 MHz, 9501 MHz, 347.70 W, 96 %
2026/09/30 06:01:38.104, 1860 MHz, 9501 MHz, 347.72 W, 96 %
2026/09/30 06:01:39.104, 1830 MHz, 9501 MHz, 348.48 W, 100 %
2026/09/30 06:01:40.104, 1830 MHz, 9501 MHz, 347.62 W, 100 %
2026/09/30 06:01:41.104, 1830 MHz, 9501 MHz, 347.64 W, 96 %
2026/09/30 06:01:42.105, 1830 MHz, 9501 MHz, 347.70 W, 100 %
2026/09/30 06:01:43.105, 1845 MHz, 9501 MHz, 347.42 W, 100 %
2026/09/30 06:01:44.105, 1845 MHz, 9501 MHz, 347.80 W, 100 %
2026/09/30 06:01:45.105, 1815 MHz, 9501 MHz, 348.20 W, 100 %
2026/09/30 06:01:46.105, 1830 MHz, 9501 MHz, 347.28 W, 100 %
2026/09/30 06:01:47.105, 1815 MHz, 9501 MHz, 347.49 W, 100 %
2026/09/30 06:01:48.106, 1830 MHz, 9501 MHz, 347.83 W, 100 %
2026/09/30 06:01:49.106, 1830 MHz, 9501 MHz, 347.91 W, 100 %
2026/09/30 06:01:50.106, 1830 MHz, 9501 MHz, 348.22 W, 96 %
2026/09/30 06:01:51.106, 1830 MHz, 9501 MHz, 347.83 W, 100 %
2026/09/30 06:01:52.107, 1815 MHz, 9501 MHz, 346.34 W, 96 %
2026/09/30 06:01:53.107, 1860 MHz, 9501 MHz, 346.12 W, 96 %
2026/09/30 06:01:54.107, 1830 MHz, 9501 MHz, 347.87 W, 98 %
2026/09/30 06:01:55.107, 1860 MHz, 9501 MHz, 347.66 W, 96 %
2026/09/30 06:01:56.107, 1830 MHz, 9501 MHz, 347.31 W, 100 %
2026/09/30 06:01:57.108, 1845 MHz, 9501 MHz, 346.51 W, 96 %
2026/09/30 06:01:58.108, 1830 MHz, 9501 MHz, 347.41 W, 100 %
2026/09/30 06:01:59.108, 1830 MHz, 9501 MHz, 347.36 W, 98 %
2026/09/30 06:02:00.108, 1830 MHz, 9501 MHz, 347.51 W, 100 %
2026/09/30 06:02:01.108, 1845 MHz, 9501 MHz, 347.22 W, 96 %
2026/09/30 06:02:02.109, 1845 MHz, 9501 MHz, 347.18 W, 100 %
2026/09/30 06:02:03.109, 1845 MHz, 9501 MHz, 346.12 W, 90 %
2026/09/30 06:02:04.110, 1815 MHz, 9501 MHz, 344.45 W, 100 %
2026/09/30 06:02:05.110, 1830 MHz, 9501 MHz, 344.47 W, 100 %
2026/09/30 06:02:06.110, 1845 MHz, 9501 MHz, 343.84 W, 90 %
2026/09/30 06:02:07.110, 1845 MHz, 9501 MHz, 343.80 W, 100 %
2026/09/30 06:02:08.110, 1845 MHz, 9501 MHz, 346.77 W, 100 %
2026/09/30 06:02:09.110, 1830 MHz, 9501 MHz, 346.70 W, 96 %
2026/09/30 06:02:10.110, 1845 MHz, 9501 MHz, 346.52 W, 95 %
2026/09/30 06:02:11.110, 1815 MHz, 9501 MHz, 346.12 W, 100 %
2026/09/30 06:02:12.111, 1830 MHz, 9501 MHz, 346.61 W, 96 %
2026/09/30 06:02:13.111, 1830 MHz, 9501 MHz, 346.54 W, 100 %
2026/09/30 06:02:14.111, 1830 MHz, 9501 MHz, 347.19 W, 100 %
2026/09/30 06:02:15.111, 1845 MHz, 9501 MHz, 346.96 W, 100 %
2026/09/30 06:02:16.111, 1830 MHz, 9501 MHz, 346.25 W, 100 %
2026/09/30 06:02:17.112, 1830 MHz, 9501 MHz, 346.05 W, 96 %
2026/09/30 06:02:18.112, 1845 MHz, 9501 MHz, 345.60 W, 95 %
2026/09/30 06:02:19.112, 1815 MHz, 9501 MHz, 347.37 W, 100 %
2026/09/30 06:02:20.112, 1800 MHz, 9501 MHz, 346.56 W, 100 %
2026/09/30 06:02:21.112, 1800 MHz, 9501 MHz, 344.91 W, 100 %
2026/09/30 06:02:22.112, 1830 MHz, 9501 MHz, 345.97 W, 100 %
2026/09/30 06:02:23.113, 1830 MHz, 9501 MHz, 346.14 W, 98 %
2026/09/30 06:02:24.113, 1830 MHz, 9501 MHz, 347.10 W, 100 %
2026/09/30 06:02:25.113, 1830 MHz, 9501 MHz, 346.34 W, 96 %
2026/09/30 06:02:26.113, 1860 MHz, 9501 MHz, 345.90 W, 96 %
2026/09/30 06:02:27.113, 1830 MHz, 9501 MHz, 347.48 W, 100 %
2026/09/30 06:02:28.113, 1845 MHz, 9501 MHz, 348.23 W, 100 %
2026/09/30 06:02:29.114, 1845 MHz, 9501 MHz, 346.97 W, 100 %
2026/09/30 06:02:30.114, 1845 MHz, 9501 MHz, 347.54 W, 96 %
2026/09/30 06:02:31.114, 1860 MHz, 9501 MHz, 346.87 W, 96 %
2026/09/30 06:02:32.114, 1845 MHz, 9501 MHz, 346.17 W, 100 %
2026/09/30 06:02:33.114, 1845 MHz, 9501 MHz, 346.64 W, 100 %
2026/09/30 06:02:34.115, 1830 MHz, 9501 MHz, 348.06 W, 100 %
2026/09/30 06:02:35.115, 1845 MHz, 9501 MHz, 345.96 W, 96 %
2026/09/30 06:02:36.115, 1845 MHz, 9501 MHz, 347.14 W, 100 %
2026/09/30 06:02:37.115, 1845 MHz, 9501 MHz, 346.22 W, 96 %
2026/09/30 06:02:38.115, 1860 MHz, 9501 MHz, 345.86 W, 95 %
2026/09/30 06:02:39.115, 1815 MHz, 9501 MHz, 346.48 W, 100 %
2026/09/30 06:02:40.116, 1830 MHz, 9501 MHz, 344.50 W, 100 %
2026/09/30 06:02:41.116, 1845 MHz, 9501 MHz, 343.86 W, 100 %
2026/09/30 06:02:42.116, 1815 MHz, 9501 MHz, 345.55 W, 100 %
2026/09/30 06:02:43.117, 1845 MHz, 9501 MHz, 344.04 W, 90 %
2026/09/30 06:02:44.117, 1845 MHz, 9501 MHz, 344.98 W, 100 %
2026/09/30 06:02:45.117, 1845 MHz, 9501 MHz, 346.85 W, 95 %
2026/09/30 06:02:46.118, 1845 MHz, 9501 MHz, 347.27 W, 100 %
2026/09/30 06:02:47.118, 1830 MHz, 9501 MHz, 348.34 W, 100 %
2026/09/30 06:02:48.118, 1845 MHz, 9501 MHz, 345.73 W, 100 %
2026/09/30 06:02:49.118, 1830 MHz, 9501 MHz, 348.41 W, 100 %
2026/09/30 06:02:50.118, 1845 MHz, 9501 MHz, 347.35 W, 100 %
2026/09/30 06:02:51.118, 1845 MHz, 9501 MHz, 347.62 W, 100 %
2026/09/30 06:02:52.119, 1830 MHz, 9501 MHz, 346.49 W, 100 %
2026/09/30 06:02:53.119, 1845 MHz, 9501 MHz, 347.38 W, 100 %
2026/09/30 06:02:54.119, 1845 MHz, 9501 MHz, 346.29 W, 100 %
2026/09/30 06:02:55.119, 1815 MHz, 9501 MHz, 346.39 W, 100 %
2026/09/30 06:02:56.119, 1830 MHz, 9501 MHz, 347.00 W, 100 %
2026/09/30 06:02:57.119, 1830 MHz, 9501 MHz, 346.61 W, 100 %
2026/09/30 06:02:58.120, 1860 MHz, 9501 MHz, 347.78 W, 100 %
2026/09/30 06:02:59.120, 1845 MHz, 9501 MHz, 346.83 W, 95 %
2026/09/30 06:03:00.120, 1845 MHz, 9501 MHz, 347.21 W, 100 %
2026/09/30 06:03:01.120, 1830 MHz, 9501 MHz, 348.32 W, 100 %
2026/09/30 06:03:02.120, 1860 MHz, 9501 MHz, 347.24 W, 96 %
2026/09/30 06:03:03.121, 1860 MHz, 9501 MHz, 347.48 W, 100 %
2026/09/30 06:03:04.121, 1860 MHz, 9501 MHz, 346.01 W, 96 %
2026/09/30 06:03:05.121, 1860 MHz, 9501 MHz, 347.15 W, 96 %
2026/09/30 06:03:06.121, 1815 MHz, 9501 MHz, 347.85 W, 100 %
2026/09/30 06:03:07.122, 1845 MHz, 9501 MHz, 347.10 W, 100 %
2026/09/30 06:03:08.122, 1845 MHz, 9501 MHz, 346.55 W, 99 %
2026/09/30 06:03:09.122, 1845 MHz, 9501 MHz, 347.33 W, 100 %
2026/09/30 06:03:10.122, 1860 MHz, 9501 MHz, 346.37 W, 100 %
2026/09/30 06:03:11.122, 1815 MHz, 9501 MHz, 347.05 W, 96 %
2026/09/30 06:03:12.123, 1830 MHz, 9501 MHz, 346.38 W, 100 %
2026/09/30 06:03:13.123, 1860 MHz, 9501 MHz, 346.80 W, 100 %
2026/09/30 06:03:14.123, 1860 MHz, 9501 MHz, 346.61 W, 96 %
2026/09/30 06:03:15.123, 1830 MHz, 9501 MHz, 346.99 W, 100 %
2026/09/30 06:03:16.124, 1860 MHz, 9501 MHz, 347.56 W, 100 %
2026/09/30 06:03:17.124, 1845 MHz, 9501 MHz, 345.11 W, 88 %
2026/09/30 06:03:18.124, 1845 MHz, 9501 MHz, 344.27 W, 90 %
2026/09/30 06:03:19.125, 1890 MHz, 9501 MHz, 343.62 W, 91 %
2026/09/30 06:03:20.125, 1860 MHz, 9501 MHz, 345.91 W, 100 %
2026/09/30 06:03:21.126, 1845 MHz, 9501 MHz, 345.74 W, 100 %
2026/09/30 06:03:22.126, 1860 MHz, 9501 MHz, 348.38 W, 97 %
2026/09/30 06:03:23.126, 1845 MHz, 9501 MHz, 348.12 W, 100 %
2026/09/30 06:03:24.126, 1860 MHz, 9501 MHz, 347.32 W, 100 %
2026/09/30 06:03:25.126, 1830 MHz, 9501 MHz, 348.16 W, 100 %
2026/09/30 06:03:26.127, 1860 MHz, 9501 MHz, 346.31 W, 96 %
2026/09/30 06:03:27.127, 1860 MHz, 9501 MHz, 347.23 W, 100 %
2026/09/30 06:03:28.127, 1830 MHz, 9501 MHz, 347.34 W, 100 %
2026/09/30 06:03:29.127, 1845 MHz, 9501 MHz, 347.33 W, 100 %
2026/09/30 06:03:30.128, 1875 MHz, 9501 MHz, 347.43 W, 100 %
2026/09/30 06:03:31.128, 1830 MHz, 9501 MHz, 347.51 W, 100 %
2026/09/30 06:03:32.128, 1845 MHz, 9501 MHz, 347.26 W, 100 %
2026/09/30 06:03:33.128, 1860 MHz, 9501 MHz, 347.92 W, 96 %
2026/09/30 06:03:34.129, 1845 MHz, 9501 MHz, 347.78 W, 97 %
2026/09/30 06:03:35.129, 1845 MHz, 9501 MHz, 347.49 W, 100 %
2026/09/30 06:03:36.129, 1845 MHz, 9501 MHz, 347.50 W, 100 %
2026/09/30 06:03:37.129, 1860 MHz, 9501 MHz, 346.24 W, 95 %
2026/09/30 06:03:38.129, 1860 MHz, 9501 MHz, 347.91 W, 100 %
2026/09/30 06:03:39.130, 1860 MHz, 9501 MHz, 346.58 W, 100 %
2026/09/30 06:03:40.130, 1860 MHz, 9501 MHz, 346.73 W, 95 %
2026/09/30 06:03:41.130, 1830 MHz, 9501 MHz, 347.36 W, 100 %
2026/09/30 06:03:42.130, 1860 MHz, 9501 MHz, 347.60 W, 100 %
2026/09/30 06:03:43.131, 1860 MHz, 9501 MHz, 347.40 W, 100 %
2026/09/30 06:03:44.131, 1830 MHz, 9501 MHz, 347.82 W, 100 %
2026/09/30 06:03:45.131, 1860 MHz, 9501 MHz, 346.15 W, 95 %
2026/09/30 06:03:46.131, 1845 MHz, 9501 MHz, 347.39 W, 95 %
2026/09/30 06:03:47.131, 1860 MHz, 9501 MHz, 347.23 W, 100 %
2026/09/30 06:03:48.132, 1785 MHz, 9501 MHz, 348.53 W, 95 %
2026/09/30 06:03:49.132, 1740 MHz, 9501 MHz, 215.47 W, 96 %
2026/09/30 06:03:50.132, 1770 MHz, 9501 MHz, 347.84 W, 94 %
2026/09/30 06:03:51.132, 1740 MHz, 9501 MHz, 346.53 W, 96 %
2026/09/30 06:03:52.132, 1800 MHz, 9501 MHz, 346.71 W, 88 %
2026/09/30 06:03:53.133, 1740 MHz, 9501 MHz, 347.35 W, 96 %
2026/09/30 06:03:54.133, 1830 MHz, 9501 MHz, 335.46 W, 66 %
2026/09/30 06:03:55.133, 1830 MHz, 9501 MHz, 334.36 W, 66 %
2026/09/30 06:03:56.134, 1890 MHz, 9501 MHz, 335.35 W, 71 %
2026/09/30 06:03:57.134, 1800 MHz, 9501 MHz, 335.28 W, 73 %
2026/09/30 06:03:58.134, 1905 MHz, 9501 MHz, 336.51 W, 67 %
2026/09/30 06:03:59.134, 1695 MHz, 9501 MHz, 343.32 W, 96 %
2026/09/30 06:04:00.134, 1710 MHz, 9501 MHz, 346.47 W, 96 %
2026/09/30 06:04:01.135, 1725 MHz, 9501 MHz, 347.23 W, 93 %
2026/09/30 06:04:02.135, 1725 MHz, 9501 MHz, 348.23 W, 96 %
2026/09/30 06:04:03.135, 1755 MHz, 9501 MHz, 348.15 W, 96 %
2026/09/30 06:04:04.135, 1755 MHz, 9501 MHz, 348.68 W, 98 %
2026/09/30 06:04:05.135, 1755 MHz, 9501 MHz, 348.21 W, 96 %
2026/09/30 06:04:06.136, 1740 MHz, 9501 MHz, 348.44 W, 96 %
2026/09/30 06:04:07.136, 1725 MHz, 9501 MHz, 348.73 W, 97 %
2026/09/30 06:04:08.136, 1725 MHz, 9501 MHz, 348.76 W, 96 %
2026/09/30 06:04:09.136, 1740 MHz, 9501 MHz, 348.04 W, 96 %
2026/09/30 06:04:10.136, 1770 MHz, 9501 MHz, 347.52 W, 95 %
2026/09/30 06:04:11.137, 1755 MHz, 9501 MHz, 347.78 W, 96 %
2026/09/30 06:04:12.137, 1785 MHz, 9501 MHz, 348.37 W, 98 %
2026/09/30 06:04:13.137, 1740 MHz, 9501 MHz, 348.75 W, 96 %
2026/09/30 06:04:14.137, 1785 MHz, 9501 MHz, 347.62 W, 95 %
2026/09/30 06:04:15.137, 1770 MHz, 9501 MHz, 348.44 W, 100 %
2026/09/30 06:04:16.138, 1770 MHz, 9501 MHz, 348.23 W, 96 %
2026/09/30 06:04:17.138, 1755 MHz, 9501 MHz, 348.02 W, 96 %
2026/09/30 06:04:18.138, 1755 MHz, 9501 MHz, 348.26 W, 96 %
2026/09/30 06:04:19.138, 1755 MHz, 9501 MHz, 348.52 W, 100 %
2026/09/30 06:04:20.138, 1755 MHz, 9501 MHz, 347.99 W, 99 %
2026/09/30 06:04:21.139, 1755 MHz, 9501 MHz, 348.54 W, 96 %
2026/09/30 06:04:22.139, 1770 MHz, 9501 MHz, 348.00 W, 96 %
2026/09/30 06:04:23.139, 1770 MHz, 9501 MHz, 347.71 W, 96 %
2026/09/30 06:04:24.139, 1800 MHz, 9501 MHz, 349.02 W, 100 %
2026/09/30 06:04:25.139, 1800 MHz, 9501 MHz, 349.04 W, 99 %
2026/09/30 06:04:26.139, 1770 MHz, 9501 MHz, 348.12 W, 96 %
2026/09/30 06:04:27.140, 1785 MHz, 9501 MHz, 346.79 W, 95 %
2026/09/30 06:04:28.140, 1785 MHz, 9501 MHz, 347.08 W, 97 %
2026/09/30 06:04:29.140, 1770 MHz, 9501 MHz, 348.39 W, 98 %
2026/09/30 06:04:30.140, 1785 MHz, 9501 MHz, 347.52 W, 96 %
2026/09/30 06:04:31.140, 1785 MHz, 9501 MHz, 348.42 W, 96 %
2026/09/30 06:04:32.141, 1800 MHz, 9501 MHz, 347.44 W, 96 %
2026/09/30 06:04:33.141, 1800 MHz, 9501 MHz, 344.82 W, 95 %
2026/09/30 06:04:34.141, 1845 MHz, 9501 MHz, 343.21 W, 100 %
2026/09/30 06:04:35.141, 1785 MHz, 9501 MHz, 344.43 W, 90 %
2026/09/30 06:04:36.141, 1785 MHz, 9501 MHz, 342.69 W, 93 %
2026/09/30 06:04:37.142, 1785 MHz, 9501 MHz, 342.18 W, 96 %
2026/09/30 06:04:38.142, 1770 MHz, 9501 MHz, 347.33 W, 96 %
2026/09/30 06:04:39.142, 1785 MHz, 9501 MHz, 347.95 W, 96 %
2026/09/30 06:04:40.142, 1785 MHz, 9501 MHz, 347.96 W, 96 %
2026/09/30 06:04:41.142, 1785 MHz, 9501 MHz, 348.55 W, 96 %
2026/09/30 06:04:42.143, 1770 MHz, 9501 MHz, 348.07 W, 96 %
2026/09/30 06:04:43.143, 1770 MHz, 9501 MHz, 347.92 W, 96 %
2026/09/30 06:04:44.143, 1785 MHz, 9501 MHz, 348.33 W, 96 %
2026/09/30 06:04:45.143, 1800 MHz, 9501 MHz, 348.04 W, 96 %
2026/09/30 06:04:46.143, 1800 MHz, 9501 MHz, 347.96 W, 97 %
2026/09/30 06:04:47.144, 1830 MHz, 9501 MHz, 348.46 W, 100 %
2026/09/30 06:04:48.144, 1785 MHz, 9501 MHz, 348.72 W, 97 %
2026/09/30 06:04:49.144, 1770 MHz, 9501 MHz, 348.18 W, 97 %
2026/09/30 06:04:50.144, 1800 MHz, 9501 MHz, 349.08 W, 93 %
2026/09/30 06:04:51.144, 1785 MHz, 9501 MHz, 347.59 W, 95 %
2026/09/30 06:04:52.145, 1830 MHz, 9501 MHz, 348.03 W, 100 %
2026/09/30 06:04:53.145, 1785 MHz, 9501 MHz, 348.45 W, 96 %
2026/09/30 06:04:54.145, 1800 MHz, 9501 MHz, 347.85 W, 96 %
2026/09/30 06:04:55.145, 1800 MHz, 9501 MHz, 348.40 W, 96 %
2026/09/30 06:04:56.145, 1800 MHz, 9501 MHz, 347.96 W, 96 %
2026/09/30 06:04:57.146, 1770 MHz, 9501 MHz, 348.49 W, 96 %
2026/09/30 06:04:58.146, 1815 MHz, 9501 MHz, 347.95 W, 100 %
2026/09/30 06:04:59.146, 1800 MHz, 9501 MHz, 347.98 W, 96 %
2026/09/30 06:05:00.146, 1800 MHz, 9501 MHz, 348.63 W, 100 %
2026/09/30 06:05:01.146, 1815 MHz, 9501 MHz, 347.95 W, 96 %
2026/09/30 06:05:02.147, 1800 MHz, 9501 MHz, 348.05 W, 97 %
2026/09/30 06:05:03.147, 1800 MHz, 9501 MHz, 348.48 W, 95 %
2026/09/30 06:05:04.147, 1800 MHz, 9501 MHz, 348.67 W, 96 %
2026/09/30 06:05:05.147, 1830 MHz, 9501 MHz, 348.18 W, 100 %
2026/09/30 06:05:06.147, 1815 MHz, 9501 MHz, 348.48 W, 97 %
2026/09/30 06:05:07.148, 1800 MHz, 9501 MHz, 347.81 W, 96 %
2026/09/30 06:05:08.148, 1800 MHz, 9501 MHz, 348.24 W, 96 %
2026/09/30 06:05:09.148, 1800 MHz, 9501 MHz, 348.17 W, 96 %
2026/09/30 06:05:10.148, 1800 MHz, 9501 MHz, 348.64 W, 99 %
2026/09/30 06:05:11.149, 1785 MHz, 9501 MHz, 347.47 W, 95 %
2026/09/30 06:05:12.149, 1815 MHz, 9501 MHz, 344.76 W, 90 %
2026/09/30 06:05:13.150, 1860 MHz, 9501 MHz, 344.35 W, 100 %
2026/09/30 06:05:14.150, 1815 MHz, 9501 MHz, 346.40 W, 90 %
2026/09/30 06:05:15.150, 1815 MHz, 9501 MHz, 344.60 W, 92 %
2026/09/30 06:05:16.150, 1800 MHz, 9501 MHz, 347.08 W, 97 %
2026/09/30 06:05:17.151, 1800 MHz, 9501 MHz, 349.52 W, 100 %
2026/09/30 06:05:18.151, 1815 MHz, 9501 MHz, 348.65 W, 96 %
2026/09/30 06:05:19.151, 1815 MHz, 9501 MHz, 348.28 W, 96 %
2026/09/30 06:05:20.151, 1800 MHz, 9501 MHz, 348.15 W, 96 %
2026/09/30 06:05:21.151, 1815 MHz, 9501 MHz, 348.54 W, 96 %
2026/09/30 06:05:22.152, 1830 MHz, 9501 MHz, 348.62 W, 95 %
2026/09/30 06:05:23.152, 1800 MHz, 9501 MHz, 348.22 W, 96 %
2026/09/30 06:05:24.152, 1800 MHz, 9501 MHz, 348.12 W, 96 %
2026/09/30 06:05:25.152, 1815 MHz, 9501 MHz, 349.13 W, 100 %
2026/09/30 06:05:26.153, 1800 MHz, 9501 MHz, 348.98 W, 100 %
2026/09/30 06:05:27.153, 1800 MHz, 9501 MHz, 348.63 W, 97 %
2026/09/30 06:05:28.153, 1815 MHz, 9501 MHz, 348.89 W, 100 %
2026/09/30 06:05:29.153, 1800 MHz, 9501 MHz, 349.16 W, 96 %
2026/09/30 06:05:30.153, 1830 MHz, 9501 MHz, 348.48 W, 100 %
2026/09/30 06:05:31.154, 1800 MHz, 9501 MHz, 348.61 W, 100 %
2026/09/30 06:05:32.154, 1800 MHz, 9501 MHz, 348.27 W, 97 %
2026/09/30 06:05:33.154, 1800 MHz, 9501 MHz, 348.81 W, 96 %
2026/09/30 06:05:34.154, 1845 MHz, 9501 MHz, 348.15 W, 100 %
2026/09/30 06:05:35.154, 1800 MHz, 9501 MHz, 348.80 W, 96 %
2026/09/30 06:05:36.154, 1815 MHz, 9501 MHz, 348.06 W, 100 %
2026/09/30 06:05:37.154, 1830 MHz, 9501 MHz, 347.34 W, 95 %
2026/09/30 06:05:38.155, 1830 MHz, 9501 MHz, 348.24 W, 100 %
2026/09/30 06:05:39.155, 1830 MHz, 9501 MHz, 348.08 W, 96 %
2026/09/30 06:05:40.155, 1800 MHz, 9501 MHz, 348.69 W, 100 %
2026/09/30 06:05:41.155, 1815 MHz, 9501 MHz, 348.41 W, 100 %
2026/09/30 06:05:42.155, 1815 MHz, 9501 MHz, 348.79 W, 100 %
2026/09/30 06:05:43.155, 1815 MHz, 9501 MHz, 347.97 W, 96 %
2026/09/30 06:05:44.155, 1845 MHz, 9501 MHz, 348.38 W, 100 %
2026/09/30 06:05:45.156, 1815 MHz, 9501 MHz, 347.58 W, 97 %
2026/09/30 06:05:46.156, 1815 MHz, 9501 MHz, 347.51 W, 96 %
2026/09/30 06:05:47.156, 1815 MHz, 9501 MHz, 347.98 W, 96 %
2026/09/30 06:05:48.156, 1860 MHz, 9501 MHz, 348.10 W, 100 %
2026/09/30 06:05:49.156, 1860 MHz, 9501 MHz, 343.14 W, 85 %
2026/09/30 06:05:50.156, 1815 MHz, 9501 MHz, 344.75 W, 100 %
2026/09/30 06:05:51.156, 1830 MHz, 9501 MHz, 343.76 W, 100 %
2026/09/30 06:05:52.157, 1875 MHz, 9501 MHz, 345.04 W, 100 %
2026/09/30 06:05:53.157, 1815 MHz, 9501 MHz, 346.29 W, 100 %
2026/09/30 06:05:54.157, 1845 MHz, 9501 MHz, 348.30 W, 100 %
2026/09/30 06:05:55.157, 1845 MHz, 9501 MHz, 347.81 W, 96 %
2026/09/30 06:05:56.157, 1800 MHz, 9501 MHz, 348.62 W, 97 %
2026/09/30 06:05:57.157, 1830 MHz, 9501 MHz, 346.89 W, 96 %
2026/09/30 06:05:58.158, 1815 MHz, 9501 MHz, 348.84 W, 96 %
2026/09/30 06:05:59.158, 1830 MHz, 9501 MHz, 347.54 W, 96 %
2026/09/30 06:06:00.158, 1830 MHz, 9501 MHz, 347.44 W, 100 %
2026/09/30 06:06:01.158, 1845 MHz, 9501 MHz, 348.81 W, 100 %
2026/09/30 06:06:02.158, 1830 MHz, 9501 MHz, 348.49 W, 100 %
2026/09/30 06:06:03.158, 1830 MHz, 9501 MHz, 348.22 W, 100 %
2026/09/30 06:06:04.158, 1830 MHz, 9501 MHz, 346.90 W, 100 %
2026/09/30 06:06:05.159, 1830 MHz, 9501 MHz, 348.36 W, 100 %
2026/09/30 06:06:06.159, 1815 MHz, 9501 MHz, 348.25 W, 100 %
2026/09/30 06:06:07.159, 1845 MHz, 9501 MHz, 347.61 W, 95 %
2026/09/30 06:06:08.159, 1800 MHz, 9501 MHz, 347.40 W, 95 %
2026/09/30 06:06:09.159, 1830 MHz, 9501 MHz, 347.01 W, 96 %
2026/09/30 06:06:10.159, 1815 MHz, 9501 MHz, 346.81 W, 97 %
2026/09/30 06:06:11.159, 1830 MHz, 9501 MHz, 347.44 W, 100 %
2026/09/30 06:06:12.160, 1830 MHz, 9501 MHz, 348.05 W, 100 %
2026/09/30 06:06:13.160, 1830 MHz, 9501 MHz, 347.82 W, 100 %
2026/09/30 06:06:14.160, 1845 MHz, 9501 MHz, 347.63 W, 96 %
2026/09/30 06:06:15.160, 1860 MHz, 9501 MHz, 348.05 W, 96 %
2026/09/30 06:06:16.160, 1845 MHz, 9501 MHz, 347.80 W, 96 %
2026/09/30 06:06:17.160, 1830 MHz, 9501 MHz, 346.67 W, 100 %
2026/09/30 06:06:18.160, 1845 MHz, 9501 MHz, 347.57 W, 100 %
2026/09/30 06:06:19.161, 1830 MHz, 9501 MHz, 348.05 W, 100 %
2026/09/30 06:06:20.161, 1845 MHz, 9501 MHz, 348.11 W, 100 %
2026/09/30 06:06:21.161, 1830 MHz, 9501 MHz, 347.02 W, 100 %
2026/09/30 06:06:22.161, 1830 MHz, 9501 MHz, 347.71 W, 100 %
2026/09/30 06:06:23.161, 1845 MHz, 9501 MHz, 346.07 W, 95 %
2026/09/30 06:06:24.161, 1845 MHz, 9501 MHz, 348.27 W, 100 %
2026/09/30 06:06:25.161, 1830 MHz, 9501 MHz, 347.36 W, 100 %
2026/09/30 06:06:26.162, 1845 MHz, 9501 MHz, 346.73 W, 100 %
2026/09/30 06:06:27.162, 1830 MHz, 9501 MHz, 345.10 W, 100 %
2026/09/30 06:06:28.162, 1845 MHz, 9501 MHz, 345.18 W, 90 %
2026/09/30 06:06:29.162, 1845 MHz, 9501 MHz, 344.91 W, 100 %
2026/09/30 06:06:30.162, 1860 MHz, 9501 MHz, 346.70 W, 96 %
2026/09/30 06:06:31.163, 1845 MHz, 9501 MHz, 347.30 W, 96 %
2026/09/30 06:06:32.163, 1845 MHz, 9501 MHz, 346.93 W, 96 %
2026/09/30 06:06:33.163, 1845 MHz, 9501 MHz, 346.49 W, 96 %
2026/09/30 06:06:34.163, 1815 MHz, 9501 MHz, 346.99 W, 100 %
2026/09/30 06:06:35.163, 1845 MHz, 9501 MHz, 347.41 W, 96 %
2026/09/30 06:06:36.163, 1845 MHz, 9501 MHz, 347.83 W, 100 %
2026/09/30 06:06:37.163, 1815 MHz, 9501 MHz, 347.47 W, 98 %
2026/09/30 06:06:38.164, 1830 MHz, 9501 MHz, 346.46 W, 100 %
2026/09/30 06:06:39.164, 1830 MHz, 9501 MHz, 346.38 W, 96 %
2026/09/30 06:06:40.164, 1830 MHz, 9501 MHz, 348.01 W, 100 %
2026/09/30 06:06:41.164, 1830 MHz, 9501 MHz, 347.80 W, 96 %
2026/09/30 06:06:42.164, 1815 MHz, 9501 MHz, 346.70 W, 100 %
2026/09/30 06:06:43.164, 1830 MHz, 9501 MHz, 346.41 W, 99 %
2026/09/30 06:06:44.164, 1845 MHz, 9501 MHz, 348.00 W, 100 %
2026/09/30 06:06:45.165, 1860 MHz, 9501 MHz, 347.92 W, 96 %
2026/09/30 06:06:46.165, 1830 MHz, 9501 MHz, 347.31 W, 96 %
2026/09/30 06:06:47.165, 1845 MHz, 9501 MHz, 348.27 W, 100 %
2026/09/30 06:06:48.165, 1830 MHz, 9501 MHz, 348.10 W, 100 %
2026/09/30 06:06:49.165, 1845 MHz, 9501 MHz, 347.20 W, 100 %
2026/09/30 06:06:50.165, 1860 MHz, 9501 MHz, 347.31 W, 96 %
2026/09/30 06:06:51.165, 1845 MHz, 9501 MHz, 347.64 W, 95 %
2026/09/30 06:06:52.166, 1845 MHz, 9501 MHz, 347.15 W, 100 %
2026/09/30 06:06:53.166, 1845 MHz, 9501 MHz, 347.12 W, 96 %
2026/09/30 06:06:54.166, 1845 MHz, 9501 MHz, 347.50 W, 100 %
2026/09/30 06:06:55.166, 1845 MHz, 9501 MHz, 347.48 W, 100 %
2026/09/30 06:06:56.166, 1845 MHz, 9501 MHz, 347.54 W, 100 %
2026/09/30 06:06:57.166, 1845 MHz, 9501 MHz, 346.68 W, 100 %
2026/09/30 06:06:58.166, 1830 MHz, 9501 MHz, 347.02 W, 100 %
2026/09/30 06:06:59.166, 1830 MHz, 9501 MHz, 344.96 W, 100 %
2026/09/30 06:07:00.167, 1845 MHz, 9501 MHz, 348.05 W, 100 %
2026/09/30 06:07:01.167, 1845 MHz, 9501 MHz, 348.23 W, 100 %
2026/09/30 06:07:02.167, 1845 MHz, 9501 MHz, 344.60 W, 100 %
2026/09/30 06:07:03.167, 1845 MHz, 9501 MHz, 345.15 W, 91 %
2026/09/30 06:07:04.167, 1890 MHz, 9501 MHz, 344.10 W, 88 %
2026/09/30 06:07:05.167, 1860 MHz, 9501 MHz, 344.82 W, 100 %
2026/09/30 06:07:06.167, 1830 MHz, 9501 MHz, 345.37 W, 100 %
2026/09/30 06:07:07.168, 1815 MHz, 9501 MHz, 345.78 W, 100 %
2026/09/30 06:07:08.168, 1860 MHz, 9501 MHz, 347.17 W, 96 %
2026/09/30 06:07:09.168, 1860 MHz, 9501 MHz, 347.11 W, 98 %
2026/09/30 06:07:10.168, 1830 MHz, 9501 MHz, 346.78 W, 96 %
2026/09/30 06:07:11.168, 1830 MHz, 9501 MHz, 348.35 W, 100 %
2026/09/30 06:07:12.168, 1845 MHz, 9501 MHz, 346.04 W, 100 %
2026/09/30 06:07:13.168, 1845 MHz, 9501 MHz, 346.53 W, 98 %
2026/09/30 06:07:14.169, 1845 MHz, 9501 MHz, 347.30 W, 100 %
2026/09/30 06:07:15.169, 1830 MHz, 9501 MHz, 346.85 W, 96 %
2026/09/30 06:07:16.169, 1845 MHz, 9501 MHz, 346.13 W, 100 %
2026/09/30 06:07:17.169, 1860 MHz, 9501 MHz, 347.66 W, 100 %
2026/09/30 06:07:18.169, 1815 MHz, 9501 MHz, 347.58 W, 100 %
2026/09/30 06:07:19.169, 1845 MHz, 9501 MHz, 345.61 W, 100 %
2026/09/30 06:07:20.170, 1845 MHz, 9501 MHz, 346.15 W, 100 %
2026/09/30 06:07:21.170, 1845 MHz, 9501 MHz, 346.78 W, 96 %
2026/09/30 06:07:22.170, 1845 MHz, 9501 MHz, 346.50 W, 100 %
2026/09/30 06:07:23.170, 1860 MHz, 9501 MHz, 347.54 W, 96 %
2026/09/30 06:07:24.170, 1860 MHz, 9501 MHz, 346.61 W, 96 %
2026/09/30 06:07:25.171, 1860 MHz, 9501 MHz, 346.43 W, 96 %
2026/09/30 06:07:26.171, 1860 MHz, 9501 MHz, 346.44 W, 95 %
2026/09/30 06:07:27.171, 1845 MHz, 9501 MHz, 346.57 W, 96 %
2026/09/30 06:07:28.171, 1830 MHz, 9501 MHz, 348.03 W, 100 %
2026/09/30 06:07:29.171, 1830 MHz, 9501 MHz, 347.76 W, 95 %
2026/09/30 06:07:30.171, 1845 MHz, 9501 MHz, 346.78 W, 100 %
2026/09/30 06:07:31.172, 1860 MHz, 9501 MHz, 345.93 W, 96 %
2026/09/30 06:07:32.172, 1815 MHz, 9501 MHz, 347.59 W, 100 %
2026/09/30 06:07:33.172, 1845 MHz, 9501 MHz, 347.18 W, 95 %
2026/09/30 06:07:34.172, 1860 MHz, 9501 MHz, 346.04 W, 100 %
2026/09/30 06:07:35.172, 1860 MHz, 9501 MHz, 346.85 W, 100 %
2026/09/30 06:07:36.172, 1860 MHz, 9501 MHz, 346.53 W, 96 %
2026/09/30 06:07:37.172, 1860 MHz, 9501 MHz, 347.79 W, 100 %
2026/09/30 06:07:38.173, 1860 MHz, 9501 MHz, 346.22 W, 96 %
2026/09/30 06:07:39.173, 1860 MHz, 9501 MHz, 346.42 W, 91 %
2026/09/30 06:07:40.173, 1860 MHz, 9501 MHz, 345.81 W, 100 %
2026/09/30 06:07:41.174, 1860 MHz, 9501 MHz, 344.95 W, 99 %
2026/09/30 06:07:42.174, 1875 MHz, 9501 MHz, 344.20 W, 97 %
2026/09/30 06:07:43.174, 1860 MHz, 9501 MHz, 345.44 W, 100 %
2026/09/30 06:07:44.174, 1845 MHz, 9501 MHz, 346.26 W, 100 %
2026/09/30 06:07:45.174, 1830 MHz, 9501 MHz, 346.26 W, 100 %
2026/09/30 06:07:46.174, 1860 MHz, 9501 MHz, 347.68 W, 100 %
2026/09/30 06:07:47.175, 1860 MHz, 9501 MHz, 347.18 W, 96 %
2026/09/30 06:07:48.175, 1830 MHz, 9501 MHz, 347.67 W, 96 %
2026/09/30 06:07:49.175, 1830 MHz, 9501 MHz, 347.72 W, 100 %
2026/09/30 06:07:50.175, 1845 MHz, 9501 MHz, 347.52 W, 100 %
2026/09/30 06:07:51.175, 1845 MHz, 9501 MHz, 347.78 W, 100 %
2026/09/30 06:07:52.176, 1860 MHz, 9501 MHz, 347.39 W, 100 %
2026/09/30 06:07:53.176, 1860 MHz, 9501 MHz, 346.63 W, 100 %
2026/09/30 06:07:54.176, 1860 MHz, 9501 MHz, 347.17 W, 96 %
2026/09/30 06:07:55.176, 1860 MHz, 9501 MHz, 347.04 W, 96 %
2026/09/30 06:07:56.176, 1860 MHz, 9501 MHz, 346.84 W, 100 %
2026/09/30 06:07:57.176, 1830 MHz, 9501 MHz, 347.68 W, 100 %
2026/09/30 06:07:58.177, 1860 MHz, 9501 MHz, 346.00 W, 100 %
2026/09/30 06:07:59.177, 1860 MHz, 9501 MHz, 347.84 W, 100 %
2026/09/30 06:08:00.177, 1860 MHz, 9501 MHz, 346.93 W, 95 %
2026/09/30 06:08:01.177, 1860 MHz, 9501 MHz, 346.79 W, 96 %
2026/09/30 06:08:02.177, 1860 MHz, 9501 MHz, 346.17 W, 97 %
2026/09/30 06:08:03.177, 1860 MHz, 9501 MHz, 347.28 W, 100 %
2026/09/30 06:08:04.178, 1845 MHz, 9501 MHz, 347.53 W, 100 %
2026/09/30 06:08:05.178, 1845 MHz, 9501 MHz, 347.17 W, 96 %
2026/09/30 06:08:06.178, 1875 MHz, 9501 MHz, 346.61 W, 96 %
2026/09/30 06:08:07.178, 1860 MHz, 9501 MHz, 347.77 W, 100 %
2026/09/30 06:08:08.178, 1860 MHz, 9501 MHz, 347.45 W, 100 %
2026/09/30 06:08:09.178, 1860 MHz, 9501 MHz, 346.78 W, 96 %
2026/09/30 06:08:10.179, 1875 MHz, 9501 MHz, 347.32 W, 100 %
2026/09/30 06:08:11.179, 1860 MHz, 9501 MHz, 347.57 W, 100 %
2026/09/30 06:08:12.179, 1860 MHz, 9501 MHz, 348.26 W, 100 %
2026/09/30 06:08:13.179, 1845 MHz, 9501 MHz, 348.04 W, 100 %
2026/09/30 06:08:14.179, 1860 MHz, 9501 MHz, 347.52 W, 100 %
2026/09/30 06:08:15.179, 1845 MHz, 9501 MHz, 347.55 W, 95 %
2026/09/30 06:08:16.180, 1845 MHz, 9501 MHz, 347.13 W, 96 %
2026/09/30 06:08:17.180, 1860 MHz, 9501 MHz, 347.50 W, 97 %
2026/09/30 06:08:18.180, 1860 MHz, 9501 MHz, 346.83 W, 100 %
2026/09/30 06:08:19.180, 1860 MHz, 9501 MHz, 345.59 W, 98 %
2026/09/30 06:08:20.180, 1860 MHz, 9501 MHz, 345.59 W, 100 %
2026/09/30 06:08:21.180, 1845 MHz, 9501 MHz, 344.05 W, 100 %
2026/09/30 06:08:22.180, 1875 MHz, 9501 MHz, 347.02 W, 100 %
2026/09/30 06:08:23.180, 1830 MHz, 9501 MHz, 347.16 W, 100 %
2026/09/30 06:08:24.181, 1845 MHz, 9501 MHz, 347.01 W, 96 %
2026/09/30 06:08:25.181, 1875 MHz, 9501 MHz, 346.75 W, 96 %
2026/09/30 06:08:26.181, 1860 MHz, 9501 MHz, 347.96 W, 100 %
2026/09/30 06:08:27.181, 1845 MHz, 9501 MHz, 347.74 W, 96 %
