# 2-D quantized tensors of ukisai/Swift-1.5-Qwen3.8-27B-GSQ-RCO-GGUF Swift-1.5-Qwen3.8-27B-GSQ-RCO-IQ3_S-mtp.gguf (header read 2026-10-04); rows x K = GGUF shape[1] x shape[0]
name	type	rows	K
blk.0.attn_qkv.weight	IQ4_XS	10240	5120
blk.0.attn_gate.weight	IQ4_XS	6144	5120
blk.0.ssm_out.weight	IQ4_XS	5120	6144
blk.0.ffn_down.weight	IQ2_S	5120	17408
blk.0.ffn_gate.weight	IQ2_XS	17408	5120
blk.0.ffn_up.weight	IQ2_XXS	17408	5120
blk.1.attn_qkv.weight	IQ3_S	10240	5120
blk.1.attn_gate.weight	IQ3_XXS	6144	5120
blk.1.ssm_out.weight	Q4_K	5120	6144
blk.1.ffn_down.weight	IQ3_S	5120	17408
blk.1.ffn_gate.weight	IQ2_XS	17408	5120
blk.1.ffn_up.weight	IQ2_XXS	17408	5120
blk.2.attn_qkv.weight	IQ3_XXS	10240	5120
blk.2.attn_gate.weight	IQ3_S	6144	5120
blk.2.ssm_out.weight	IQ4_XS	5120	6144
blk.2.ffn_down.weight	IQ3_S	5120	17408
blk.2.ffn_gate.weight	IQ3_XXS	17408	5120
blk.2.ffn_up.weight	IQ3_S	17408	5120
blk.3.ffn_down.weight	IQ3_S	5120	17408
blk.3.ffn_gate.weight	IQ3_XXS	17408	5120
blk.3.ffn_up.weight	IQ3_XXS	17408	5120
blk.3.attn_k.weight	IQ3_S	1024	5120
blk.3.attn_output.weight	IQ3_S	5120	6144
blk.3.attn_q.weight	IQ2_XXS	12288	5120
blk.3.attn_v.weight	IQ3_S	1024	5120
blk.4.attn_qkv.weight	IQ3_S	10240	5120
blk.4.attn_gate.weight	IQ3_XXS	6144	5120
blk.4.ssm_out.weight	IQ3_S	5120	6144
blk.4.ffn_down.weight	IQ3_XXS	5120	17408
blk.4.ffn_gate.weight	IQ3_XXS	17408	5120
blk.4.ffn_up.weight	IQ3_XXS	17408	5120
blk.5.attn_qkv.weight	IQ3_S	10240	5120
blk.5.attn_gate.weight	IQ3_S	6144	5120
blk.5.ssm_out.weight	IQ4_XS	5120	6144
blk.5.ffn_down.weight	IQ4_XS	5120	17408
blk.5.ffn_gate.weight	IQ3_S	17408	5120
blk.5.ffn_up.weight	IQ2_S	17408	5120
blk.6.attn_qkv.weight	IQ3_S	10240	5120
blk.6.attn_gate.weight	IQ3_S	6144	5120
blk.6.ssm_out.weight	IQ3_S	5120	6144
blk.6.ffn_down.weight	IQ3_S	5120	17408
blk.6.ffn_gate.weight	IQ3_S	17408	5120
blk.6.ffn_up.weight	IQ3_S	17408	5120
blk.7.ffn_down.weight	IQ2_S	5120	17408
blk.7.ffn_gate.weight	IQ2_S	17408	5120
blk.7.ffn_up.weight	IQ3_XXS	17408	5120
blk.7.attn_k.weight	IQ4_XS	1024	5120
blk.7.attn_output.weight	IQ3_XXS	5120	6144
blk.7.attn_q.weight	Q2_K	12288	5120
blk.7.attn_v.weight	IQ3_S	1024	5120
token_embd.weight	IQ2_S	248320	5120
blk.10.attn_qkv.weight	IQ3_XXS	10240	5120
blk.10.attn_gate.weight	Q2_K	6144	5120
blk.10.ssm_out.weight	IQ3_S	5120	6144
blk.10.ffn_down.weight	IQ2_S	5120	17408
blk.10.ffn_gate.weight	IQ3_XXS	17408	5120
blk.10.ffn_up.weight	IQ3_XXS	17408	5120
blk.11.ffn_down.weight	IQ2_XS	5120	17408
blk.11.ffn_gate.weight	IQ2_XS	17408	5120
blk.11.ffn_up.weight	IQ3_XXS	17408	5120
blk.11.attn_k.weight	IQ2_S	1024	5120
blk.11.attn_output.weight	IQ3_S	5120	6144
blk.11.attn_q.weight	Q2_K	12288	5120
blk.11.attn_v.weight	IQ3_XXS	1024	5120
blk.12.attn_qkv.weight	IQ3_XXS	10240	5120
blk.12.attn_gate.weight	Q2_K	6144	5120
blk.12.ssm_out.weight	IQ3_S	5120	6144
blk.12.ffn_down.weight	IQ3_XXS	5120	17408
blk.12.ffn_gate.weight	IQ2_S	17408	5120
blk.12.ffn_up.weight	IQ2_XS	17408	5120
blk.13.attn_qkv.weight	IQ3_XXS	10240	5120
blk.13.attn_gate.weight	Q2_K	6144	5120
blk.13.ssm_out.weight	IQ3_S	5120	6144
blk.13.ffn_down.weight	IQ3_XXS	5120	17408
blk.13.ffn_gate.weight	IQ1_M	17408	5120
blk.13.ffn_up.weight	IQ2_S	17408	5120
blk.14.attn_qkv.weight	IQ2_XS	10240	5120
blk.14.attn_gate.weight	IQ3_XXS	6144	5120
blk.14.ssm_out.weight	IQ3_S	5120	6144
blk.14.ffn_down.weight	IQ2_S	5120	17408
blk.14.ffn_gate.weight	IQ2_XXS	17408	5120
blk.14.ffn_up.weight	IQ2_S	17408	5120
blk.15.ffn_gate.weight	IQ3_XXS	17408	5120
blk.15.ffn_down.weight	IQ2_XS	5120	17408
blk.15.ffn_up.weight	IQ3_XXS	17408	5120
blk.15.attn_k.weight	Q4_K	1024	5120
blk.15.attn_output.weight	IQ3_S	5120	6144
blk.15.attn_q.weight	Q2_K	12288	5120
blk.15.attn_v.weight	IQ3_S	1024	5120
blk.8.attn_qkv.weight	IQ3_S	10240	5120
blk.8.attn_gate.weight	IQ3_S	6144	5120
blk.8.ssm_out.weight	IQ3_XXS	5120	6144
blk.8.ffn_down.weight	IQ3_XXS	5120	17408
blk.8.ffn_gate.weight	IQ3_XXS	17408	5120
blk.8.ffn_up.weight	IQ3_XXS	17408	5120
blk.9.attn_qkv.weight	IQ3_S	10240	5120
blk.9.attn_gate.weight	Q2_K	6144	5120
blk.9.ssm_out.weight	IQ3_XXS	5120	6144
blk.9.ffn_down.weight	IQ3_S	5120	17408
blk.9.ffn_gate.weight	IQ2_S	17408	5120
blk.9.ffn_up.weight	IQ3_S	17408	5120
blk.16.attn_qkv.weight	IQ3_XXS	10240	5120
blk.16.attn_gate.weight	IQ4_XS	6144	5120
blk.16.ssm_out.weight	IQ3_S	5120	6144
blk.16.ffn_down.weight	Q2_K	5120	17408
blk.16.ffn_gate.weight	IQ2_XS	17408	5120
blk.16.ffn_up.weight	IQ3_XXS	17408	5120
blk.17.attn_qkv.weight	IQ3_S	10240	5120
blk.17.attn_gate.weight	IQ2_S	6144	5120
blk.17.ssm_out.weight	IQ3_XXS	5120	6144
blk.17.ffn_down.weight	IQ2_XS	5120	17408
blk.17.ffn_gate.weight	IQ2_S	17408	5120
blk.17.ffn_up.weight	IQ3_S	17408	5120
blk.18.attn_qkv.weight	Q2_K	10240	5120
blk.18.attn_gate.weight	IQ3_XXS	6144	5120
blk.18.ssm_out.weight	IQ3_S	5120	6144
blk.18.ffn_down.weight	IQ3_S	5120	17408
blk.18.ffn_gate.weight	IQ3_XXS	17408	5120
blk.18.ffn_up.weight	IQ2_S	17408	5120
blk.19.ffn_down.weight	IQ3_S	5120	17408
blk.19.ffn_gate.weight	IQ3_XXS	17408	5120
blk.19.ffn_up.weight	IQ3_XXS	17408	5120
blk.19.attn_k.weight	IQ3_XXS	1024	5120
blk.19.attn_output.weight	IQ3_S	5120	6144
blk.19.attn_q.weight	Q2_K	12288	5120
blk.19.attn_v.weight	IQ3_S	1024	5120
blk.20.attn_qkv.weight	IQ3_XXS	10240	5120
blk.20.attn_gate.weight	Q4_K	6144	5120
blk.20.ssm_out.weight	IQ3_S	5120	6144
blk.20.ffn_down.weight	IQ3_XXS	5120	17408
blk.20.ffn_gate.weight	IQ3_XXS	17408	5120
blk.20.ffn_up.weight	IQ3_XXS	17408	5120
blk.21.attn_qkv.weight	IQ3_S	10240	5120
blk.21.attn_gate.weight	IQ4_XS	6144	5120
blk.21.ssm_out.weight	IQ3_S	5120	6144
blk.21.ffn_down.weight	IQ4_XS	5120	17408
blk.21.ffn_gate.weight	IQ3_XXS	17408	5120
blk.21.ffn_up.weight	IQ3_XXS	17408	5120
blk.22.attn_qkv.weight	IQ3_XXS	10240	5120
blk.22.attn_gate.weight	IQ3_S	6144	5120
blk.22.ssm_out.weight	IQ3_S	5120	6144
blk.22.ffn_down.weight	IQ3_S	5120	17408
blk.22.ffn_gate.weight	IQ3_XXS	17408	5120
blk.22.ffn_up.weight	IQ3_S	17408	5120
blk.23.ffn_down.weight	IQ3_S	5120	17408
blk.23.ffn_gate.weight	IQ3_S	17408	5120
blk.23.ffn_up.weight	IQ3_S	17408	5120
blk.23.attn_k.weight	Q4_K	1024	5120
blk.23.attn_output.weight	IQ3_S	5120	6144
blk.23.attn_q.weight	IQ3_S	12288	5120
blk.23.attn_v.weight	Q4_K	1024	5120
blk.24.attn_qkv.weight	IQ3_S	10240	5120
blk.24.attn_gate.weight	IQ3_S	6144	5120
blk.24.ssm_out.weight	IQ3_S	5120	6144
blk.24.ffn_down.weight	IQ4_XS	5120	17408
blk.24.ffn_gate.weight	IQ3_S	17408	5120
blk.24.ffn_up.weight	IQ3_S	17408	5120
blk.25.attn_qkv.weight	IQ3_XXS	10240	5120
blk.25.attn_gate.weight	IQ3_S	6144	5120
blk.25.ssm_out.weight	IQ3_S	5120	6144
blk.25.ffn_down.weight	IQ3_S	5120	17408
blk.25.ffn_gate.weight	IQ3_S	17408	5120
blk.25.ffn_up.weight	IQ3_S	17408	5120
blk.26.attn_qkv.weight	IQ3_S	10240	5120
blk.26.attn_gate.weight	IQ4_XS	6144	5120
blk.26.ssm_out.weight	IQ3_S	5120	6144
blk.26.ffn_down.weight	IQ3_S	5120	17408
blk.26.ffn_gate.weight	IQ3_XXS	17408	5120
blk.26.ffn_up.weight	IQ4_XS	17408	5120
blk.27.ffn_down.weight	IQ3_S	5120	17408
blk.27.ffn_gate.weight	IQ3_XXS	17408	5120
blk.27.ffn_up.weight	IQ4_XS	17408	5120
blk.27.attn_k.weight	IQ4_XS	1024	5120
blk.27.attn_output.weight	IQ3_S	5120	6144
blk.27.attn_q.weight	IQ4_XS	12288	5120
blk.27.attn_v.weight	Q4_K	1024	5120
blk.28.attn_qkv.weight	IQ3_S	10240	5120
blk.28.attn_gate.weight	IQ3_S	6144	5120
blk.28.ssm_out.weight	IQ4_XS	5120	6144
blk.28.ffn_down.weight	Q4_K	5120	17408
blk.28.ffn_gate.weight	Q2_K	17408	5120
blk.28.ffn_up.weight	IQ3_S	17408	5120
blk.29.attn_qkv.weight	IQ3_XXS	10240	5120
blk.29.attn_gate.weight	IQ3_XXS	6144	5120
blk.29.ssm_out.weight	IQ4_XS	5120	6144
blk.29.ffn_down.weight	IQ3_XXS	5120	17408
blk.29.ffn_gate.weight	IQ3_XXS	17408	5120
blk.29.ffn_up.weight	IQ3_XXS	17408	5120
blk.30.attn_qkv.weight	IQ3_S	10240	5120
blk.30.attn_gate.weight	IQ3_S	6144	5120
blk.30.ssm_out.weight	IQ4_XS	5120	6144
blk.30.ffn_down.weight	IQ3_S	5120	17408
blk.30.ffn_gate.weight	IQ3_XXS	17408	5120
blk.30.ffn_up.weight	IQ3_XXS	17408	5120
blk.31.ffn_down.weight	IQ3_S	5120	17408
blk.31.ffn_gate.weight	IQ3_XXS	17408	5120
blk.31.ffn_up.weight	IQ3_XXS	17408	5120
blk.31.attn_k.weight	IQ4_XS	1024	5120
blk.31.attn_output.weight	IQ3_S	5120	6144
blk.31.attn_q.weight	Q2_K	12288	5120
blk.31.attn_v.weight	Q4_K	1024	5120
blk.32.attn_qkv.weight	IQ4_XS	10240	5120
blk.32.attn_gate.weight	IQ3_S	6144	5120
blk.32.ssm_out.weight	IQ4_XS	5120	6144
blk.32.ffn_down.weight	IQ3_S	5120	17408
blk.32.ffn_gate.weight	IQ3_XXS	17408	5120
blk.32.ffn_up.weight	IQ3_XXS	17408	5120
blk.33.attn_qkv.weight	IQ3_S	10240	5120
blk.33.attn_gate.weight	IQ3_S	6144	5120
blk.33.ssm_out.weight	IQ3_XXS	5120	6144
blk.33.ffn_down.weight	IQ3_XXS	5120	17408
blk.33.ffn_gate.weight	IQ3_XXS	17408	5120
blk.33.ffn_up.weight	IQ2_S	17408	5120
blk.34.attn_qkv.weight	IQ3_S	10240	5120
blk.34.attn_gate.weight	IQ3_XXS	6144	5120
blk.34.ssm_out.weight	IQ3_S	5120	6144
blk.34.ffn_down.weight	IQ3_S	5120	17408
blk.34.ffn_gate.weight	IQ3_XXS	17408	5120
blk.34.ffn_up.weight	IQ4_XS	17408	5120
blk.35.ffn_down.weight	IQ4_XS	5120	17408
blk.35.ffn_gate.weight	IQ3_XXS	17408	5120
blk.35.ffn_up.weight	IQ3_S	17408	5120
blk.35.attn_k.weight	IQ4_XS	1024	5120
blk.35.attn_output.weight	IQ4_XS	5120	6144
blk.35.attn_q.weight	IQ3_S	12288	5120
blk.35.attn_v.weight	Q4_K	1024	5120
blk.36.attn_qkv.weight	IQ4_XS	10240	5120
blk.36.attn_gate.weight	IQ3_S	6144	5120
blk.36.ssm_out.weight	IQ4_XS	5120	6144
blk.36.ffn_down.weight	IQ4_XS	5120	17408
blk.36.ffn_gate.weight	IQ3_S	17408	5120
blk.36.ffn_up.weight	Q4_K	17408	5120
blk.37.attn_qkv.weight	IQ3_S	10240	5120
blk.37.attn_gate.weight	Q4_K	6144	5120
blk.37.ssm_out.weight	IQ4_XS	5120	6144
blk.37.ffn_down.weight	IQ4_XS	5120	17408
blk.37.ffn_gate.weight	Q4_K	17408	5120
blk.37.ffn_up.weight	IQ4_XS	17408	5120
blk.38.attn_qkv.weight	IQ4_XS	10240	5120
blk.38.attn_gate.weight	IQ3_S	6144	5120
blk.38.ssm_out.weight	IQ3_S	5120	6144
blk.38.ffn_down.weight	IQ4_XS	5120	17408
blk.38.ffn_gate.weight	IQ3_S	17408	5120
blk.38.ffn_up.weight	IQ3_XXS	17408	5120
blk.39.ffn_down.weight	IQ4_XS	5120	17408
blk.39.ffn_gate.weight	IQ4_XS	17408	5120
blk.39.ffn_up.weight	IQ3_S	17408	5120
blk.39.attn_k.weight	IQ4_XS	1024	5120
blk.39.attn_output.weight	Q4_K	5120	6144
blk.39.attn_q.weight	IQ3_S	12288	5120
blk.39.attn_v.weight	IQ4_XS	1024	5120
blk.40.attn_qkv.weight	IQ3_S	10240	5120
blk.40.attn_gate.weight	IQ3_XXS	6144	5120
blk.40.ssm_out.weight	IQ4_XS	5120	6144
blk.40.ffn_down.weight	IQ4_XS	5120	17408
blk.40.ffn_gate.weight	IQ4_XS	17408	5120
blk.40.ffn_up.weight	IQ4_XS	17408	5120
blk.41.attn_qkv.weight	IQ3_XXS	10240	5120
blk.41.attn_gate.weight	IQ3_S	6144	5120
blk.41.ssm_out.weight	IQ3_S	5120	6144
blk.41.ffn_down.weight	IQ3_S	5120	17408
blk.41.ffn_gate.weight	IQ3_S	17408	5120
blk.41.ffn_up.weight	IQ3_XXS	17408	5120
blk.42.attn_qkv.weight	IQ4_XS	10240	5120
blk.42.attn_gate.weight	IQ3_XXS	6144	5120
blk.42.ssm_out.weight	IQ3_S	5120	6144
blk.42.ffn_down.weight	Q4_K	5120	17408
blk.42.ffn_gate.weight	IQ3_S	17408	5120
blk.42.ffn_up.weight	IQ4_XS	17408	5120
blk.43.ffn_down.weight	IQ3_S	5120	17408
blk.43.ffn_gate.weight	IQ4_XS	17408	5120
blk.43.ffn_up.weight	IQ4_XS	17408	5120
blk.43.attn_k.weight	Q4_K	1024	5120
blk.43.attn_output.weight	IQ4_XS	5120	6144
blk.43.attn_q.weight	IQ4_XS	12288	5120
blk.43.attn_v.weight	Q4_K	1024	5120
blk.44.attn_qkv.weight	IQ4_XS	10240	5120
blk.44.attn_gate.weight	IQ4_XS	6144	5120
blk.44.ssm_out.weight	IQ4_XS	5120	6144
blk.44.ffn_down.weight	IQ4_XS	5120	17408
blk.44.ffn_gate.weight	IQ3_S	17408	5120
blk.44.ffn_up.weight	IQ4_XS	17408	5120
blk.45.attn_qkv.weight	IQ3_S	10240	5120
blk.45.attn_gate.weight	IQ3_XXS	6144	5120
blk.45.ssm_out.weight	IQ3_S	5120	6144
blk.45.ffn_down.weight	IQ3_S	5120	17408
blk.45.ffn_gate.weight	IQ3_S	17408	5120
blk.45.ffn_up.weight	IQ3_XXS	17408	5120
blk.46.attn_qkv.weight	IQ3_XXS	10240	5120
blk.46.attn_gate.weight	IQ3_S	6144	5120
blk.46.ssm_out.weight	Q4_K	5120	6144
blk.46.ffn_down.weight	IQ3_S	5120	17408
blk.46.ffn_gate.weight	IQ3_S	17408	5120
blk.46.ffn_up.weight	IQ3_S	17408	5120
blk.47.ffn_down.weight	IQ4_XS	5120	17408
blk.47.ffn_gate.weight	Q4_K	17408	5120
blk.47.ffn_up.weight	IQ3_S	17408	5120
blk.47.attn_k.weight	IQ4_XS	1024	5120
blk.47.attn_output.weight	IQ3_S	5120	6144
blk.47.attn_q.weight	IQ3_XXS	12288	5120
blk.47.attn_v.weight	Q4_K	1024	5120
blk.48.attn_qkv.weight	IQ3_XXS	10240	5120
blk.48.attn_gate.weight	IQ2_S	6144	5120
blk.48.ssm_out.weight	Q4_K	5120	6144
blk.48.ffn_down.weight	IQ3_S	5120	17408
blk.48.ffn_gate.weight	IQ4_XS	17408	5120
blk.48.ffn_up.weight	IQ3_S	17408	5120
blk.49.attn_qkv.weight	Q4_K	10240	5120
blk.49.attn_gate.weight	IQ3_S	6144	5120
blk.49.ssm_out.weight	Q4_K	5120	6144
blk.49.ffn_down.weight	IQ4_XS	5120	17408
blk.49.ffn_gate.weight	IQ3_XXS	17408	5120
blk.49.ffn_up.weight	IQ3_S	17408	5120
blk.50.attn_qkv.weight	IQ4_XS	10240	5120
blk.50.attn_gate.weight	IQ4_XS	6144	5120
blk.50.ssm_out.weight	IQ4_XS	5120	6144
blk.50.ffn_down.weight	IQ4_XS	5120	17408
blk.50.ffn_gate.weight	IQ4_XS	17408	5120
blk.50.ffn_up.weight	IQ3_S	17408	5120
blk.51.ffn_down.weight	Q4_K	5120	17408
blk.51.ffn_gate.weight	IQ3_S	17408	5120
blk.51.ffn_up.weight	IQ3_S	17408	5120
blk.51.attn_k.weight	Q4_K	1024	5120
blk.51.attn_output.weight	Q4_K	5120	6144
blk.51.attn_q.weight	IQ3_XXS	12288	5120
blk.51.attn_v.weight	Q4_K	1024	5120
blk.52.attn_qkv.weight	IQ3_S	10240	5120
blk.52.attn_gate.weight	IQ4_XS	6144	5120
blk.52.ssm_out.weight	IQ4_XS	5120	6144
blk.52.ffn_down.weight	Q4_K	5120	17408
blk.52.ffn_gate.weight	IQ4_XS	17408	5120
blk.52.ffn_up.weight	IQ3_S	17408	5120
blk.53.attn_qkv.weight	IQ3_S	10240	5120
blk.53.attn_gate.weight	Q4_K	6144	5120
blk.53.ssm_out.weight	IQ4_XS	5120	6144
blk.53.ffn_down.weight	Q4_K	5120	17408
blk.53.ffn_gate.weight	IQ4_XS	17408	5120
blk.53.ffn_up.weight	IQ3_S	17408	5120
blk.54.attn_qkv.weight	IQ4_XS	10240	5120
blk.54.attn_gate.weight	IQ4_XS	6144	5120
blk.54.ssm_out.weight	IQ4_XS	5120	6144
blk.54.ffn_down.weight	IQ4_XS	5120	17408
blk.54.ffn_gate.weight	IQ4_XS	17408	5120
blk.54.ffn_up.weight	IQ3_S	17408	5120
blk.55.ffn_down.weight	IQ4_XS	5120	17408
blk.55.ffn_gate.weight	IQ3_S	17408	5120
blk.55.ffn_up.weight	IQ3_S	17408	5120
blk.55.attn_k.weight	Q4_K	1024	5120
blk.55.attn_output.weight	Q4_K	5120	6144
blk.55.attn_q.weight	IQ3_XXS	12288	5120
blk.55.attn_v.weight	Q4_K	1024	5120
blk.56.attn_qkv.weight	IQ3_S	10240	5120
blk.56.attn_gate.weight	IQ4_XS	6144	5120
blk.56.ssm_out.weight	Q4_K	5120	6144
blk.56.ffn_down.weight	Q4_K	5120	17408
blk.56.ffn_gate.weight	IQ3_S	17408	5120
blk.56.ffn_up.weight	IQ3_S	17408	5120
blk.57.attn_qkv.weight	IQ3_S	10240	5120
blk.57.attn_gate.weight	IQ3_S	6144	5120
blk.57.ssm_out.weight	IQ4_XS	5120	6144
blk.57.ffn_down.weight	IQ4_XS	5120	17408
blk.57.ffn_gate.weight	IQ4_XS	17408	5120
blk.57.ffn_up.weight	IQ4_XS	17408	5120
blk.58.attn_qkv.weight	IQ2_XXS	10240	5120
blk.58.attn_gate.weight	IQ4_XS	6144	5120
blk.58.ssm_out.weight	Q4_K	5120	6144
blk.58.ffn_down.weight	IQ4_XS	5120	17408
blk.58.ffn_gate.weight	IQ4_XS	17408	5120
blk.58.ffn_up.weight	Q4_K	17408	5120
blk.59.ffn_down.weight	IQ4_XS	5120	17408
blk.59.ffn_gate.weight	IQ4_XS	17408	5120
blk.59.ffn_up.weight	IQ3_S	17408	5120
blk.59.attn_k.weight	IQ4_XS	1024	5120
blk.59.attn_output.weight	IQ3_S	5120	6144
blk.59.attn_q.weight	Q2_K	12288	5120
blk.59.attn_v.weight	IQ3_S	1024	5120
blk.60.attn_qkv.weight	IQ3_S	10240	5120
blk.60.attn_gate.weight	IQ4_XS	6144	5120
blk.60.ssm_out.weight	IQ3_S	5120	6144
blk.60.ffn_down.weight	IQ4_XS	5120	17408
blk.60.ffn_gate.weight	IQ4_XS	17408	5120
blk.60.ffn_up.weight	IQ3_S	17408	5120
blk.61.attn_qkv.weight	IQ3_XXS	10240	5120
blk.61.attn_gate.weight	IQ4_XS	6144	5120
blk.61.ssm_out.weight	IQ3_S	5120	6144
blk.61.ffn_down.weight	IQ4_XS	5120	17408
blk.61.ffn_gate.weight	IQ4_XS	17408	5120
blk.61.ffn_up.weight	IQ3_S	17408	5120
blk.62.attn_qkv.weight	IQ4_XS	10240	5120
blk.62.attn_gate.weight	IQ3_S	6144	5120
blk.62.ssm_out.weight	IQ3_S	5120	6144
blk.62.ffn_down.weight	IQ3_S	5120	17408
blk.62.ffn_gate.weight	IQ4_XS	17408	5120
blk.62.ffn_up.weight	Q4_K	17408	5120
blk.63.ffn_down.weight	IQ4_XS	5120	17408
blk.63.ffn_gate.weight	IQ4_XS	17408	5120
blk.63.ffn_up.weight	IQ4_XS	17408	5120
blk.63.attn_k.weight	IQ4_XS	1024	5120
blk.63.attn_output.weight	IQ3_S	5120	6144
blk.63.attn_q.weight	Q4_K	12288	5120
blk.63.attn_v.weight	IQ3_S	1024	5120
output.weight	Q4_K	248320	5120
blk.64.nextn.eh_proj.weight	Q6_K	5120	10240
blk.64.ffn_down.weight	Q6_K	5120	17408
blk.64.ffn_gate.weight	Q6_K	17408	5120
blk.64.ffn_up.weight	Q6_K	17408	5120
blk.64.attn_k.weight	Q6_K	1024	5120
blk.64.attn_output.weight	Q6_K	5120	6144
blk.64.attn_q.weight	Q6_K	12288	5120
blk.64.attn_v.weight	Q6_K	1024	5120
