2026/09/28 03:14:45.603, 810 MHz, 9501 MHz, 178.46 W, 73 %
2026/09/28 03:14:46.608, 1755 MHz, 9501 MHz, 136.12 W, 0 %
2026/09/28 03:14:47.609, 1755 MHz, 9501 MHz, 128.31 W, 0 %
2026/09/28 03:14:48.609, 1755 MHz, 9501 MHz, 128.37 W, 0 %
2026/09/28 03:14:49.609, 1755 MHz, 9501 MHz, 128.29 W, 0 %
2026/09/28 03:14:50.609, 1755 MHz, 9501 MHz, 128.25 W, 0 %
2026/09/28 03:14:51.610, 1755 MHz, 9501 MHz, 128.20 W, 0 %
2026/09/28 03:14:52.610, 1755 MHz, 9501 MHz, 128.18 W, 0 %
2026/09/28 03:14:53.610, 1755 MHz, 9501 MHz, 128.17 W, 0 %
2026/09/28 03:14:54.610, 1755 MHz, 9501 MHz, 128.09 W, 0 %
2026/09/28 03:14:55.610, 1755 MHz, 9501 MHz, 128.02 W, 0 %
2026/09/28 03:14:56.611, 1755 MHz, 9501 MHz, 127.95 W, 0 %
2026/09/28 03:14:57.611, 1755 MHz, 9501 MHz, 127.93 W, 0 %
2026/09/28 03:14:58.611, 225 MHz, 9501 MHz, 133.72 W, 52 %
2026/09/28 03:14:59.611, 525 MHz, 9501 MHz, 180.65 W, 100 %
2026/09/28 03:15:00.611, 510 MHz, 9501 MHz, 179.84 W, 100 %
2026/09/28 03:15:01.612, 525 MHz, 9501 MHz, 179.72 W, 96 %
2026/09/28 03:15:02.612, 750 MHz, 9501 MHz, 179.59 W, 92 %
2026/09/28 03:15:03.612, 435 MHz, 9501 MHz, 179.68 W, 100 %
2026/09/28 03:15:04.612, 495 MHz, 9501 MHz, 179.59 W, 100 %
2026/09/28 03:15:05.612, 525 MHz, 9501 MHz, 179.60 W, 94 %
2026/09/28 03:15:06.613, 660 MHz, 9501 MHz, 179.34 W, 92 %
2026/09/28 03:15:07.613, 465 MHz, 9501 MHz, 179.71 W, 100 %
2026/09/28 03:15:08.613, 480 MHz, 9501 MHz, 179.65 W, 100 %
2026/09/28 03:15:09.613, 405 MHz, 9501 MHz, 179.78 W, 93 %
2026/09/28 03:15:10.613, 450 MHz, 9501 MHz, 179.57 W, 100 %
2026/09/28 03:15:11.613, 495 MHz, 9501 MHz, 179.66 W, 100 %
2026/09/28 03:15:12.614, 495 MHz, 9501 MHz, 179.59 W, 95 %
2026/09/28 03:15:13.614, 450 MHz, 9501 MHz, 179.62 W, 100 %
2026/09/28 03:15:14.614, 495 MHz, 9501 MHz, 179.73 W, 100 %
2026/09/28 03:15:15.614, 495 MHz, 9501 MHz, 179.63 W, 94 %
2026/09/28 03:15:16.614, 465 MHz, 9501 MHz, 179.61 W, 100 %
2026/09/28 03:15:17.615, 510 MHz, 9501 MHz, 179.71 W, 100 %
2026/09/28 03:15:18.615, 510 MHz, 9501 MHz, 179.69 W, 95 %
2026/09/28 03:15:19.615, 480 MHz, 9501 MHz, 179.71 W, 99 %
2026/09/28 03:15:20.615, 495 MHz, 9501 MHz, 179.74 W, 100 %
2026/09/28 03:15:21.615, 510 MHz, 9501 MHz, 179.73 W, 95 %
2026/09/28 03:15:22.616, 450 MHz, 9501 MHz, 179.69 W, 100 %
2026/09/28 03:15:23.616, 495 MHz, 9501 MHz, 179.66 W, 100 %
2026/09/28 03:15:24.616, 420 MHz, 9501 MHz, 179.65 W, 95 %
2026/09/28 03:15:25.616, 435 MHz, 9501 MHz, 179.68 W, 100 %
2026/09/28 03:15:26.616, 420 MHz, 9501 MHz, 179.69 W, 100 %
2026/09/28 03:15:27.617, 630 MHz, 9501 MHz, 179.65 W, 94 %
2026/09/28 03:15:28.617, 450 MHz, 9501 MHz, 179.61 W, 100 %
2026/09/28 03:15:29.617, 525 MHz, 9501 MHz, 179.72 W, 94 %
2026/09/28 03:15:30.617, 450 MHz, 9501 MHz, 179.66 W, 100 %
2026/09/28 03:15:31.617, 495 MHz, 9501 MHz, 179.66 W, 100 %
2026/09/28 03:15:32.618, 435 MHz, 9501 MHz, 179.72 W, 95 %
2026/09/28 03:15:33.618, 465 MHz, 9501 MHz, 179.69 W, 100 %
2026/09/28 03:15:34.618, 495 MHz, 9501 MHz, 179.62 W, 100 %
2026/09/28 03:15:35.618, 525 MHz, 9501 MHz, 179.71 W, 94 %
2026/09/28 03:15:36.618, 480 MHz, 9501 MHz, 179.62 W, 100 %
2026/09/28 03:15:37.619, 420 MHz, 9501 MHz, 179.74 W, 95 %
2026/09/28 03:15:38.619, 420 MHz, 9501 MHz, 179.66 W, 100 %
2026/09/28 03:15:39.619, 435 MHz, 9501 MHz, 179.65 W, 100 %
2026/09/28 03:15:40.619, 525 MHz, 9501 MHz, 179.80 W, 99 %
2026/09/28 03:15:41.619, 465 MHz, 9501 MHz, 179.67 W, 100 %
2026/09/28 03:15:42.619, 435 MHz, 9501 MHz, 179.57 W, 95 %
2026/09/28 03:15:43.620, 465 MHz, 9501 MHz, 179.53 W, 100 %
2026/09/28 03:15:44.620, 525 MHz, 9501 MHz, 179.63 W, 92 %
2026/09/28 03:15:45.620, 450 MHz, 9501 MHz, 179.63 W, 100 %
2026/09/28 03:15:46.620, 465 MHz, 9501 MHz, 179.70 W, 100 %
2026/09/28 03:15:47.620, 765 MHz, 9501 MHz, 179.32 W, 92 %
2026/09/28 03:15:48.621, 450 MHz, 9501 MHz, 179.56 W, 100 %
2026/09/28 03:15:49.621, 525 MHz, 9501 MHz, 179.74 W, 92 %
2026/09/28 03:15:50.621, 435 MHz, 9501 MHz, 179.56 W, 100 %
2026/09/28 03:15:51.621, 435 MHz, 9501 MHz, 179.58 W, 100 %
2026/09/28 03:15:52.621, 480 MHz, 9501 MHz, 179.83 W, 98 %
2026/09/28 03:15:53.622, 480 MHz, 9501 MHz, 179.47 W, 100 %
2026/09/28 03:15:54.622, 375 MHz, 9501 MHz, 179.53 W, 93 %
2026/09/28 03:15:55.622, 465 MHz, 9501 MHz, 179.58 W, 100 %
2026/09/28 03:15:56.622, 525 MHz, 9501 MHz, 179.62 W, 94 %
2026/09/28 03:15:57.622, 435 MHz, 9501 MHz, 179.71 W, 100 %
2026/09/28 03:15:58.622, 435 MHz, 9501 MHz, 179.63 W, 100 %
2026/09/28 03:15:59.622, 525 MHz, 9501 MHz, 179.90 W, 100 %
2026/09/28 03:16:00.623, 480 MHz, 9501 MHz, 179.62 W, 100 %
2026/09/28 03:16:01.623, 645 MHz, 9501 MHz, 179.28 W, 92 %
2026/09/28 03:16:02.623, 450 MHz, 9501 MHz, 179.54 W, 100 %
2026/09/28 03:16:03.623, 495 MHz, 9501 MHz, 179.86 W, 94 %
2026/09/28 03:16:04.623, 450 MHz, 9501 MHz, 179.63 W, 100 %
2026/09/28 03:16:05.624, 510 MHz, 9501 MHz, 179.59 W, 95 %
2026/09/28 03:16:06.624, 435 MHz, 9501 MHz, 179.79 W, 100 %
2026/09/28 03:16:07.624, 450 MHz, 9501 MHz, 179.64 W, 100 %
2026/09/28 03:16:08.624, 480 MHz, 9501 MHz, 179.85 W, 100 %
2026/09/28 03:16:09.624, 480 MHz, 9501 MHz, 179.71 W, 100 %
2026/09/28 03:16:10.624, 615 MHz, 9501 MHz, 179.48 W, 95 %
2026/09/28 03:16:11.625, 480 MHz, 9501 MHz, 179.59 W, 100 %
2026/09/28 03:16:12.625, 435 MHz, 9501 MHz, 179.71 W, 95 %
2026/09/28 03:16:13.625, 450 MHz, 9501 MHz, 179.67 W, 100 %
2026/09/28 03:16:14.625, 450 MHz, 9501 MHz, 179.83 W, 95 %
2026/09/28 03:16:15.625, 450 MHz, 9501 MHz, 179.60 W, 100 %
2026/09/28 03:16:16.626, 510 MHz, 9501 MHz, 179.71 W, 95 %
2026/09/28 03:16:17.626, 450 MHz, 9501 MHz, 179.64 W, 100 %
2026/09/28 03:16:18.626, 510 MHz, 9501 MHz, 179.57 W, 95 %
2026/09/28 03:16:19.626, 420 MHz, 9501 MHz, 179.77 W, 100 %
2026/09/28 03:16:20.627, 510 MHz, 9501 MHz, 179.56 W, 95 %
2026/09/28 03:16:21.627, 585 MHz, 9501 MHz, 179.77 W, 100 %
2026/09/28 03:16:22.627, 600 MHz, 9501 MHz, 179.89 W, 100 %
2026/09/28 03:16:23.627, 420 MHz, 9501 MHz, 179.75 W, 95 %
2026/09/28 03:16:24.627, 450 MHz, 9501 MHz, 179.65 W, 100 %
2026/09/28 03:16:25.628, 450 MHz, 9501 MHz, 179.89 W, 95 %
2026/09/28 03:16:26.628, 435 MHz, 9501 MHz, 179.65 W, 100 %
2026/09/28 03:16:27.629, 495 MHz, 9501 MHz, 179.82 W, 96 %
2026/09/28 03:16:28.629, 465 MHz, 9501 MHz, 179.64 W, 100 %
2026/09/28 03:16:29.629, 525 MHz, 9501 MHz, 179.67 W, 95 %
2026/09/28 03:16:30.629, 450 MHz, 9501 MHz, 179.68 W, 100 %
2026/09/28 03:16:31.630, 450 MHz, 9501 MHz, 179.75 W, 100 %
2026/09/28 03:16:32.630, 570 MHz, 9501 MHz, 179.72 W, 95 %
2026/09/28 03:16:33.630, 450 MHz, 9501 MHz, 179.62 W, 100 %
2026/09/28 03:16:34.630, 525 MHz, 9501 MHz, 179.77 W, 95 %
2026/09/28 03:16:35.631, 465 MHz, 9501 MHz, 179.65 W, 100 %
2026/09/28 03:16:36.631, 495 MHz, 9501 MHz, 179.53 W, 100 %
2026/09/28 03:16:37.631, 420 MHz, 9501 MHz, 179.79 W, 93 %
2026/09/28 03:16:38.631, 465 MHz, 9501 MHz, 179.60 W, 100 %
2026/09/28 03:16:39.631, 525 MHz, 9501 MHz, 179.71 W, 93 %
2026/09/28 03:16:40.631, 510 MHz, 9501 MHz, 179.61 W, 100 %
2026/09/28 03:16:41.632, 495 MHz, 9501 MHz, 179.65 W, 100 %
2026/09/28 03:16:42.632, 405 MHz, 9501 MHz, 179.42 W, 93 %
2026/09/28 03:16:43.632, 450 MHz, 9501 MHz, 179.61 W, 100 %
2026/09/28 03:16:44.632, 450 MHz, 9501 MHz, 179.69 W, 93 %
2026/09/28 03:16:45.633, 525 MHz, 9501 MHz, 179.71 W, 100 %
2026/09/28 03:16:46.633, 495 MHz, 9501 MHz, 179.62 W, 100 %
2026/09/28 03:16:47.634, 345 MHz, 9501 MHz, 179.27 W, 92 %
2026/09/28 03:16:48.634, 465 MHz, 9501 MHz, 179.56 W, 100 %
2026/09/28 03:16:49.634, 525 MHz, 9501 MHz, 179.79 W, 92 %
2026/09/28 03:16:50.634, 465 MHz, 9501 MHz, 179.67 W, 100 %
2026/09/28 03:16:51.634, 495 MHz, 9501 MHz, 179.50 W, 100 %
2026/09/28 03:16:52.634, 810 MHz, 9501 MHz, 179.96 W, 99 %
2026/09/28 03:16:53.635, 450 MHz, 9501 MHz, 179.48 W, 100 %
2026/09/28 03:16:54.635, 540 MHz, 9501 MHz, 179.67 W, 95 %
2026/09/28 03:16:55.635, 435 MHz, 9501 MHz, 179.63 W, 100 %
2026/09/28 03:16:56.635, 435 MHz, 9501 MHz, 179.67 W, 94 %
2026/09/28 03:16:57.635, 525 MHz, 9501 MHz, 179.80 W, 100 %
2026/09/28 03:16:58.635, 495 MHz, 9501 MHz, 179.70 W, 100 %
2026/09/28 03:16:59.635, 435 MHz, 9501 MHz, 179.44 W, 95 %
2026/09/28 03:17:00.636, 465 MHz, 9501 MHz, 179.66 W, 100 %
2026/09/28 03:17:01.636, 525 MHz, 9501 MHz, 179.77 W, 95 %
2026/09/28 03:17:02.636, 435 MHz, 9501 MHz, 179.66 W, 100 %
2026/09/28 03:17:03.636, 435 MHz, 9501 MHz, 179.55 W, 96 %
2026/09/28 03:17:04.637, 510 MHz, 9501 MHz, 179.80 W, 100 %
2026/09/28 03:17:05.637, 495 MHz, 9501 MHz, 179.74 W, 100 %
2026/09/28 03:17:06.637, 540 MHz, 9501 MHz, 179.82 W, 98 %
2026/09/28 03:17:07.637, 450 MHz, 9501 MHz, 179.63 W, 100 %
2026/09/28 03:17:08.637, 495 MHz, 9501 MHz, 179.70 W, 95 %
2026/09/28 03:17:09.637, 450 MHz, 9501 MHz, 179.55 W, 100 %
2026/09/28 03:17:10.638, 495 MHz, 9501 MHz, 179.64 W, 95 %
2026/09/28 03:17:11.638, 480 MHz, 9501 MHz, 179.68 W, 100 %
2026/09/28 03:17:12.638, 480 MHz, 9501 MHz, 179.73 W, 100 %
2026/09/28 03:17:13.638, 600 MHz, 9501 MHz, 179.91 W, 98 %
2026/09/28 03:17:14.639, 435 MHz, 9501 MHz, 179.59 W, 100 %
2026/09/28 03:17:15.639, 495 MHz, 9501 MHz, 179.64 W, 94 %
2026/09/28 03:17:16.639, 435 MHz, 9501 MHz, 179.65 W, 100 %
2026/09/28 03:17:17.639, 495 MHz, 9501 MHz, 179.63 W, 95 %
2026/09/28 03:17:18.639, 435 MHz, 9501 MHz, 179.81 W, 100 %
2026/09/28 03:17:19.640, 465 MHz, 9501 MHz, 179.56 W, 96 %
2026/09/28 03:17:20.640, 525 MHz, 9501 MHz, 179.82 W, 100 %
2026/09/28 03:17:21.640, 480 MHz, 9501 MHz, 179.73 W, 100 %
2026/09/28 03:17:22.640, 690 MHz, 9501 MHz, 179.93 W, 100 %
2026/09/28 03:17:23.640, 480 MHz, 9501 MHz, 179.64 W, 100 %
2026/09/28 03:17:24.640, 405 MHz, 9501 MHz, 179.34 W, 92 %
2026/09/28 03:17:25.641, 450 MHz, 9501 MHz, 179.52 W, 100 %
2026/09/28 03:17:26.641, 510 MHz, 9501 MHz, 179.73 W, 93 %
2026/09/28 03:17:27.641, 450 MHz, 9501 MHz, 179.61 W, 100 %
2026/09/28 03:17:28.641, 435 MHz, 9501 MHz, 179.63 W, 92 %
2026/09/28 03:17:29.641, 540 MHz, 9501 MHz, 179.67 W, 100 %
2026/09/28 03:17:30.642, 495 MHz, 9501 MHz, 179.59 W, 100 %
2026/09/28 03:17:31.642, 675 MHz, 9501 MHz, 179.98 W, 100 %
2026/09/28 03:17:32.642, 480 MHz, 9501 MHz, 179.57 W, 100 %
2026/09/28 03:17:33.642, 450 MHz, 9501 MHz, 179.75 W, 95 %
2026/09/28 03:17:34.642, 465 MHz, 9501 MHz, 179.61 W, 100 %
2026/09/28 03:17:35.643, 540 MHz, 9501 MHz, 179.59 W, 92 %
2026/09/28 03:17:36.643, 435 MHz, 9501 MHz, 179.68 W, 100 %
2026/09/28 03:17:37.643, 525 MHz, 9501 MHz, 179.83 W, 93 %
2026/09/28 03:17:38.643, 450 MHz, 9501 MHz, 179.57 W, 100 %
2026/09/28 03:17:39.644, 465 MHz, 9501 MHz, 179.52 W, 92 %
2026/09/28 03:17:40.644, 495 MHz, 9501 MHz, 179.71 W, 100 %
2026/09/28 03:17:41.645, 495 MHz, 9501 MHz, 179.62 W, 100 %
2026/09/28 03:17:42.645, 630 MHz, 9501 MHz, 179.96 W, 100 %
2026/09/28 03:17:43.645, 450 MHz, 9501 MHz, 179.57 W, 100 %
2026/09/28 03:17:44.645, 480 MHz, 9501 MHz, 179.49 W, 95 %
2026/09/28 03:17:45.646, 450 MHz, 9501 MHz, 179.63 W, 100 %
2026/09/28 03:17:46.646, 525 MHz, 9501 MHz, 179.67 W, 95 %
2026/09/28 03:17:47.646, 420 MHz, 9501 MHz, 179.58 W, 100 %
2026/09/28 03:17:48.646, 465 MHz, 9501 MHz, 179.79 W, 95 %
2026/09/28 03:17:49.646, 450 MHz, 9501 MHz, 179.59 W, 100 %
2026/09/28 03:17:50.647, 435 MHz, 9501 MHz, 179.63 W, 95 %
2026/09/28 03:17:51.647, 525 MHz, 9501 MHz, 179.73 W, 100 %
2026/09/28 03:17:52.647, 465 MHz, 9501 MHz, 179.62 W, 96 %
2026/09/28 03:17:53.647, 480 MHz, 9501 MHz, 179.84 W, 100 %
2026/09/28 03:17:54.648, 480 MHz, 9501 MHz, 179.69 W, 96 %
2026/09/28 03:17:55.649, 585 MHz, 9501 MHz, 179.85 W, 100 %
2026/09/28 03:17:56.649, 480 MHz, 9501 MHz, 179.79 W, 100 %
2026/09/28 03:17:57.649, 615 MHz, 9501 MHz, 179.94 W, 100 %
2026/09/28 03:17:58.649, 480 MHz, 9501 MHz, 179.72 W, 100 %
2026/09/28 03:17:59.650, 435 MHz, 9501 MHz, 179.73 W, 99 %
2026/09/28 03:18:00.650, 435 MHz, 9501 MHz, 179.57 W, 100 %
2026/09/28 03:18:01.650, 510 MHz, 9501 MHz, 179.43 W, 95 %
2026/09/28 03:18:02.650, 450 MHz, 9501 MHz, 179.67 W, 100 %
2026/09/28 03:18:03.650, 525 MHz, 9501 MHz, 179.77 W, 96 %
2026/09/28 03:18:04.650, 420 MHz, 9501 MHz, 179.73 W, 100 %
2026/09/28 03:18:05.651, 465 MHz, 9501 MHz, 179.77 W, 94 %
2026/09/28 03:18:06.651, 450 MHz, 9501 MHz, 179.65 W, 100 %
2026/09/28 03:18:07.651, 450 MHz, 9501 MHz, 179.59 W, 94 %
2026/09/28 03:18:08.651, 495 MHz, 9501 MHz, 179.75 W, 100 %
2026/09/28 03:18:09.652, 465 MHz, 9501 MHz, 179.56 W, 95 %
2026/09/28 03:18:10.652, 480 MHz, 9501 MHz, 179.93 W, 100 %
2026/09/28 03:18:11.652, 480 MHz, 9501 MHz, 179.74 W, 97 %
2026/09/28 03:18:12.652, 600 MHz, 9501 MHz, 179.72 W, 100 %
