k	n	K	target	draft	rows	route	us	GBps	floor_pct
5120	1024	4	0	2	1	gemm	15.0	175	19
5120	1024	4	0	2	1	mr	13.2	199	21
5120	1024	4	0	2	1	dequant	40.5	65	7
5120	1024	4	0	2	2	gemm	15.3	171	18
5120	1024	4	0	2	2	mr	13.4	196	21
5120	1024	4	0	2	2	dequant	47.9	55	6
5120	1024	4	0	2	4	gemm	15.4	170	18
5120	1024	4	0	2	4	mr	13.5	194	21
5120	1024	4	0	2	4	dequant	48.0	55	6
5120	1024	4	0	2	6	gemm	15.6	168	18
5120	1024	4	0	2	6	mr	13.6	192	21
5120	1024	4	0	2	6	dequant	48.2	54	6
5120	1024	4	0	2	8	gemm	15.7	167	18
5120	1024	4	0	2	8	mr	13.6	192	21
5120	1024	4	0	2	8	dequant	48.2	54	6
5120	1024	4	0	2	12	gemm	22.8	115	12
5120	1024	4	0	2	12	mr	16.5	159	17
5120	1024	4	0	2	12	dequant	49.0	54	6
5120	1024	4	0	2	16	gemm	24.0	109	12
5120	1024	4	0	2	16	mr	16.6	158	17
5120	1024	4	0	2	16	dequant	49.2	53	6
5120	1024	4	0	2	17	gemm	40.7	64	7
5120	1024	4	0	2	17	mr	19.6	134	14
5120	1024	4	0	2	17	dequant	41.1	64	7
5120	1024	4	0	2	24	gemm	39.2	67	7
5120	1024	4	0	2	24	mr	18.6	141	15
5120	1024	4	0	2	24	dequant	40.1	65	7
5120	1024	4	0	2	32	gemm	42.3	62	7
5120	1024	4	0	2	32	mr	18.8	140	15
5120	1024	4	0	2	32	dequant	40.6	65	7
5120	1024	4	0	2	48	gemm	62.1	42	5
5120	1024	4	0	2	48	mr	27.1	97	10
5120	1024	4	0	2	48	dequant	41.7	63	7
5120	1024	4	0	2	64	gemm	81.5	32	3
5120	1024	4	0	2	64	mr	34.5	76	8
5120	1024	4	0	2	64	dequant	43.8	60	6
5120	1024	4	0	2	96	gemm	121.2	22	2
5120	1024	4	0	2	96	mr	50.2	52	6
5120	1024	4	0	2	96	dequant	55.2	47	5
5120	1024	4	0	2	128	gemm	160.5	16	2
5120	1024	4	0	2	128	mr	41.7	63	7
5120	1024	4	0	2	128	dequant	70.3	37	4
5120	1024	4	0	2	144	gemm	180.6	15	2
5120	1024	4	0	2	144	mr	55.0	48	5
5120	1024	4	0	2	144	dequant	69.9	38	4
5120	1024	4	0	2	192	mr	54.4	48	5
5120	1024	4	0	2	192	dequant	72.5	36	4
5120	1024	4	0	2	256	mr	67.7	39	4
5120	1024	4	0	2	256	dequant	75.2	35	4
5120	1024	4	0	2	384	mr	99.0	26	3
5120	1024	4	0	2	384	dequant	102.7	26	3
5120	1024	4	0	2	512	mr	119.6	22	2
5120	1024	4	0	2	512	dequant	131.3	20	2
5120	1024	5	32	0	1	gemm	18.6	176	19
5120	1024	5	32	0	1	mr	13.7	239	26
5120	1024	5	32	0	1	dequant	40.3	81	9
5120	1024	5	32	0	2	gemm	18.7	175	19
5120	1024	5	32	0	2	mr	13.6	241	26
5120	1024	5	32	0	2	dequant	47.4	69	7
5120	1024	5	32	0	4	gemm	18.4	178	19
5120	1024	5	32	0	4	mr	13.7	239	26
5120	1024	5	32	0	4	dequant	47.5	69	7
5120	1024	5	32	0	6	gemm	18.8	174	19
5120	1024	5	32	0	6	mr	13.7	240	26
5120	1024	5	32	0	6	dequant	47.5	69	7
5120	1024	5	32	0	8	gemm	19.1	172	18
5120	1024	5	32	0	8	mr	13.8	238	25
5120	1024	5	32	0	8	dequant	47.6	69	7
5120	1024	5	32	0	12	gemm	20.4	161	17
5120	1024	5	32	0	12	mr	16.5	199	21
5120	1024	5	32	0	12	dequant	48.2	68	7
5120	1024	5	32	0	16	gemm	22.0	149	16
5120	1024	5	32	0	16	mr	16.6	197	21
5120	1024	5	32	0	16	dequant	48.5	68	7
5120	1024	5	32	0	17	gemm	37.2	88	9
5120	1024	5	32	0	17	mr	19.8	165	18
5120	1024	5	32	0	17	dequant	40.6	81	9
5120	1024	5	32	0	24	gemm	38.1	86	9
5120	1024	5	32	0	24	mr	20.1	163	17
5120	1024	5	32	0	24	dequant	41.1	80	9
5120	1024	5	32	0	32	gemm	41.5	79	8
5120	1024	5	32	0	32	mr	20.5	160	17
5120	1024	5	32	0	32	dequant	41.6	79	8
5120	1024	5	32	0	48	gemm	60.5	54	6
5120	1024	5	32	0	48	mr	31.7	103	11
5120	1024	5	32	0	48	dequant	42.5	77	8
5120	1024	5	32	0	64	gemm	79.9	41	4
5120	1024	5	32	0	64	mr	37.2	88	9
5120	1024	5	32	0	64	dequant	43.9	75	8
5120	1024	5	32	0	96	gemm	118.3	28	3
5120	1024	5	32	0	96	mr	54.8	60	6
5120	1024	5	32	0	96	dequant	56.1	58	6
5120	1024	5	32	0	128	gemm	157.1	21	2
5120	1024	5	32	0	128	mr	48.8	67	7
5120	1024	5	32	0	128	dequant	71.2	46	5
5120	1024	5	32	0	144	gemm	176.9	19	2
5120	1024	5	32	0	144	mr	62.4	53	6
5120	1024	5	32	0	144	dequant	70.3	47	5
5120	1024	5	32	0	192	mr	64.2	51	5
5120	1024	5	32	0	192	dequant	73.3	45	5
5120	1024	5	32	0	256	mr	80.0	41	4
5120	1024	5	32	0	256	dequant	76.3	43	5
5120	1024	5	32	0	384	mr	107.6	30	3
5120	1024	5	32	0	384	dequant	103.6	32	3
5120	1024	5	32	0	512	mr	129.0	25	3
5120	1024	5	32	0	512	dequant	133.4	25	3
5120	6144	3	29	0	1	gemm	34.2	345	37
5120	6144	3	29	0	1	mr	25.4	465	50
5120	6144	3	29	0	1	dequant	187.0	63	7
5120	6144	3	29	0	2	gemm	34.4	343	37
5120	6144	3	29	0	2	mr	25.6	461	49
5120	6144	3	29	0	2	dequant	213.7	55	6
5120	6144	3	29	0	4	gemm	34.9	338	36
5120	6144	3	29	0	4	mr	26.1	451	48
5120	6144	3	29	0	4	dequant	214.9	55	6
5120	6144	3	29	0	6	gemm	36.2	326	35
5120	6144	3	29	0	6	mr	26.3	449	48
5120	6144	3	29	0	6	dequant	215.1	55	6
5120	6144	3	29	0	8	gemm	36.8	320	34
5120	6144	3	29	0	8	mr	26.4	446	48
5120	6144	3	29	0	8	dequant	215.7	55	6
5120	6144	3	29	0	12	gemm	39.3	300	32
5120	6144	3	29	0	12	mr	31.7	372	40
5120	6144	3	29	0	12	dequant	216.6	54	6
5120	6144	3	29	0	16	gemm	42.2	280	30
5120	6144	3	29	0	16	mr	32.1	368	39
5120	6144	3	29	0	16	dequant	216.8	54	6
5120	6144	3	29	0	17	gemm	74.5	158	17
5120	6144	3	29	0	17	mr	38.3	308	33
5120	6144	3	29	0	17	dequant	192.3	61	7
5120	6144	3	29	0	24	gemm	77.8	152	16
5120	6144	3	29	0	24	mr	38.8	304	32
5120	6144	3	29	0	24	dequant	193.1	61	7
5120	6144	3	29	0	32	gemm	83.6	141	15
5120	6144	3	29	0	32	mr	39.7	297	32
5120	6144	3	29	0	32	dequant	193.6	61	7
5120	6144	3	29	0	48	gemm	124.3	95	10
5120	6144	3	29	0	48	mr	55.1	214	23
5120	6144	3	29	0	48	dequant	196.3	60	6
5120	6144	3	29	0	64	gemm	164.6	72	8
5120	6144	3	29	0	64	mr	85.9	137	15
5120	6144	3	29	0	64	dequant	195.3	60	6
5120	6144	3	29	0	96	gemm	241.8	49	5
5120	6144	3	29	0	96	mr	142.2	83	9
5120	6144	3	29	0	96	dequant	239.7	49	5
5120	6144	3	29	0	128	gemm	319.4	37	4
5120	6144	3	29	0	128	mr	157.4	75	8
5120	6144	3	29	0	128	dequant	242.5	49	5
5120	6144	3	29	0	144	gemm	362.1	33	3
5120	6144	3	29	0	144	mr	188.7	63	7
5120	6144	3	29	0	144	dequant	325.9	36	4
5120	6144	3	29	0	192	mr	221.7	53	6
5120	6144	3	29	0	192	dequant	293.8	40	4
5120	6144	3	29	0	256	mr	300.6	39	4
5120	6144	3	29	0	256	dequant	355.3	33	4
5120	6144	3	29	0	384	mr	434.9	27	3
5120	6144	3	29	0	384	dequant	440.0	27	3
5120	6144	3	29	0	512	mr	572.5	21	2
5120	6144	3	29	0	512	dequant	586.3	20	2
5120	6144	4	19	0	1	gemm	32.4	485	52
5120	6144	4	19	0	1	mr	28.4	553	59
5120	6144	4	19	0	1	dequant	193.2	81	9
5120	6144	4	19	0	2	gemm	32.1	490	52
5120	6144	4	19	0	2	mr	28.5	552	59
5120	6144	4	19	0	2	dequant	217.8	72	8
5120	6144	4	19	0	4	gemm	33.0	476	51
5120	6144	4	19	0	4	mr	29.1	541	58
5120	6144	4	19	0	4	dequant	219.4	72	8
5120	6144	4	19	0	6	gemm	34.0	463	49
5120	6144	4	19	0	6	mr	29.3	538	57
5120	6144	4	19	0	6	dequant	219.6	72	8
5120	6144	4	19	0	8	gemm	34.8	452	48
5120	6144	4	19	0	8	mr	29.4	534	57
5120	6144	4	19	0	8	dequant	219.8	72	8
5120	6144	4	19	0	12	gemm	37.3	421	45
5120	6144	4	19	0	12	mr	30.2	522	56
5120	6144	4	19	0	12	dequant	220.3	71	8
5120	6144	4	19	0	16	gemm	40.4	389	42
5120	6144	4	19	0	16	mr	31.0	508	54
5120	6144	4	19	0	16	dequant	221.9	71	8
5120	6144	4	19	0	17	gemm	70.7	223	24
5120	6144	4	19	0	17	mr	35.4	444	47
5120	6144	4	19	0	17	dequant	197.4	80	9
5120	6144	4	19	0	24	gemm	73.4	214	23
5120	6144	4	19	0	24	mr	36.4	433	46
5120	6144	4	19	0	24	dequant	198.9	79	8
5120	6144	4	19	0	32	gemm	80.1	196	21
5120	6144	4	19	0	32	mr	37.8	417	45
5120	6144	4	19	0	32	dequant	199.5	79	8
5120	6144	4	19	0	48	gemm	120.1	131	14
5120	6144	4	19	0	48	mr	49.8	316	34
5120	6144	4	19	0	48	dequant	202.2	78	8
5120	6144	4	19	0	64	gemm	157.8	100	11
5120	6144	4	19	0	64	mr	83.8	188	20
5120	6144	4	19	0	64	dequant	201.5	78	8
5120	6144	4	19	0	96	gemm	230.3	68	7
5120	6144	4	19	0	96	mr	136.6	115	12
5120	6144	4	19	0	96	dequant	246.1	64	7
5120	6144	4	19	0	128	gemm	307.4	51	5
5120	6144	4	19	0	128	mr	150.7	104	11
5120	6144	4	19	0	128	dequant	250.6	63	7
5120	6144	4	19	0	144	gemm	347.1	45	5
5120	6144	4	19	0	144	mr	181.9	86	9
5120	6144	4	19	0	144	dequant	334.9	47	5
5120	6144	4	19	0	192	mr	209.4	75	8
5120	6144	4	19	0	192	dequant	300.8	52	6
5120	6144	4	19	0	256	mr	285.6	55	6
5120	6144	4	19	0	256	dequant	360.9	44	5
5120	6144	4	19	0	384	mr	410.1	38	4
5120	6144	4	19	0	384	dequant	449.4	35	4
5120	6144	4	19	0	512	mr	543.3	29	3
5120	6144	4	19	0	512	dequant	597.3	26	3
5120	10240	3	35	0	1	gemm	49.0	401	43
5120	10240	3	35	0	1	mr	33.8	582	62
5120	10240	3	35	0	1	dequant	292.2	67	7
5120	10240	3	35	0	2	gemm	49.1	400	43
5120	10240	3	35	0	2	mr	34.7	566	61
5120	10240	3	35	0	2	dequant	283.1	69	7
5120	10240	3	35	0	4	gemm	50.6	388	41
5120	10240	3	35	0	4	mr	35.3	557	59
5120	10240	3	35	0	4	dequant	283.6	69	7
5120	10240	3	35	0	6	gemm	53.7	366	39
5120	10240	3	35	0	6	mr	36.8	534	57
5120	10240	3	35	0	6	dequant	284.3	69	7
5120	10240	3	35	0	8	gemm	52.9	372	40
5120	10240	3	35	0	8	mr	35.8	549	59
5120	10240	3	35	0	8	dequant	284.2	69	7
5120	10240	3	35	0	12	gemm	54.5	361	39
5120	10240	3	35	0	12	mr	47.6	413	44
5120	10240	3	35	0	12	dequant	284.8	69	7
5120	10240	3	35	0	16	gemm	58.7	335	36
5120	10240	3	35	0	16	mr	48.2	408	44
5120	10240	3	35	0	16	dequant	285.5	69	7
5120	10240	3	35	0	17	gemm	104.9	188	20
5120	10240	3	35	0	17	mr	52.4	376	40
5120	10240	3	35	0	17	dequant	355.8	55	6
5120	10240	3	35	0	24	gemm	110.1	179	19
5120	10240	3	35	0	24	mr	54.2	362	39
5120	10240	3	35	0	24	dequant	352.6	56	6
5120	10240	3	35	0	32	gemm	113.1	174	19
5120	10240	3	35	0	32	mr	54.5	361	39
5120	10240	3	35	0	32	dequant	287.4	68	7
5120	10240	3	35	0	48	gemm	167.2	118	13
5120	10240	3	35	0	48	mr	76.9	256	27
5120	10240	3	35	0	48	dequant	290.4	68	7
5120	10240	3	35	0	64	gemm	221.6	89	9
5120	10240	3	35	0	64	mr	126.6	155	17
5120	10240	3	35	0	64	dequant	291.5	67	7
5120	10240	3	35	0	96	gemm	322.2	61	7
5120	10240	3	35	0	96	mr	198.8	99	11
5120	10240	3	35	0	96	dequant	355.2	55	6
5120	10240	3	35	0	128	gemm	433.2	45	5
5120	10240	3	35	0	128	mr	247.7	79	8
5120	10240	3	35	0	128	dequant	354.7	55	6
5120	10240	3	35	0	144	gemm	484.1	41	4
5120	10240	3	35	0	144	mr	297.3	66	7
5120	10240	3	35	0	144	dequant	415.6	47	5
5120	10240	3	35	0	192	mr	363.5	54	6
5120	10240	3	35	0	192	dequant	532.5	37	4
5120	10240	3	35	0	256	mr	473.1	42	4
5120	10240	3	35	0	256	dequant	540.8	36	4
5120	10240	3	35	0	384	mr	688.0	29	3
5120	10240	3	35	0	384	dequant	671.4	29	3
5120	10240	3	35	0	512	mr	922.6	21	2
5120	10240	3	35	0	512	dequant	821.7	24	3
5120	10240	4	13	0	1	gemm	37.8	693	74
5120	10240	4	13	0	1	mr	38.1	687	73
5120	10240	4	13	0	1	dequant	299.3	88	9
5120	10240	4	13	0	2	gemm	39.1	671	72
5120	10240	4	13	0	2	mr	38.9	675	72
5120	10240	4	13	0	2	dequant	290.4	90	10
5120	10240	4	13	0	4	gemm	39.1	671	72
5120	10240	4	13	0	4	mr	39.0	671	72
5120	10240	4	13	0	4	dequant	290.6	90	10
5120	10240	4	13	0	6	gemm	39.2	669	72
5120	10240	4	13	0	6	mr	39.4	665	71
5120	10240	4	13	0	6	dequant	291.1	90	10
5120	10240	4	13	0	8	gemm	39.4	665	71
5120	10240	4	13	0	8	mr	39.8	659	70
5120	10240	4	13	0	8	dequant	291.6	90	10
5120	10240	4	13	0	12	gemm	52.8	497	53
5120	10240	4	13	0	12	mr	44.0	596	64
5120	10240	4	13	0	12	dequant	293.0	89	10
5120	10240	4	13	0	16	gemm	56.2	466	50
5120	10240	4	13	0	16	mr	43.9	597	64
5120	10240	4	13	0	16	dequant	292.9	89	10
5120	10240	4	13	0	17	gemm	100.8	260	28
5120	10240	4	13	0	17	mr	46.3	567	61
5120	10240	4	13	0	17	dequant	368.1	71	8
5120	10240	4	13	0	24	gemm	106.2	247	26
5120	10240	4	13	0	24	mr	48.5	540	58
5120	10240	4	13	0	24	dequant	368.5	71	8
5120	10240	4	13	0	32	gemm	111.5	235	25
5120	10240	4	13	0	32	mr	49.2	533	57
5120	10240	4	13	0	32	dequant	295.1	89	9
5120	10240	4	13	0	48	gemm	163.4	160	17
5120	10240	4	13	0	48	mr	68.3	384	41
5120	10240	4	13	0	48	dequant	298.4	88	9
5120	10240	4	13	0	64	gemm	214.9	122	13
5120	10240	4	13	0	64	mr	124.2	211	23
5120	10240	4	13	0	64	dequant	299.6	87	9
5120	10240	4	13	0	96	gemm	311.6	84	9
5120	10240	4	13	0	96	mr	189.3	138	15
5120	10240	4	13	0	96	dequant	367.4	71	8
5120	10240	4	13	0	128	gemm	414.6	63	7
5120	10240	4	13	0	128	mr	237.1	111	12
5120	10240	4	13	0	128	dequant	366.8	71	8
5120	10240	4	13	0	144	gemm	464.8	56	6
5120	10240	4	13	0	144	mr	283.6	92	10
5120	10240	4	13	0	144	dequant	428.5	61	7
5120	10240	4	13	0	192	mr	348.4	75	8
5120	10240	4	13	0	192	dequant	549.0	48	5
5120	10240	4	13	0	256	mr	445.4	59	6
5120	10240	4	13	0	256	dequant	554.0	47	5
5120	10240	4	13	0	384	mr	651.9	40	4
5120	10240	4	13	0	384	dequant	669.4	39	4
5120	10240	4	13	0	512	mr	867.6	30	3
5120	10240	4	13	0	512	dequant	837.1	31	3
5120	12288	3	12	0	1	gemm	58.5	403	43
5120	12288	3	12	0	1	mr	42.9	550	59
5120	12288	3	12	0	1	dequant	373.5	63	7
5120	12288	3	12	0	2	gemm	60.7	389	42
5120	12288	3	12	0	2	mr	43.5	542	58
5120	12288	3	12	0	2	dequant	360.9	65	7
5120	12288	3	12	0	4	gemm	59.9	394	42
5120	12288	3	12	0	4	mr	45.1	523	56
5120	12288	3	12	0	4	dequant	362.6	65	7
5120	12288	3	12	0	6	gemm	60.9	388	41
5120	12288	3	12	0	6	mr	44.0	537	57
5120	12288	3	12	0	6	dequant	361.7	65	7
5120	12288	3	12	0	8	gemm	63.2	374	40
5120	12288	3	12	0	8	mr	44.9	526	56
5120	12288	3	12	0	8	dequant	380.5	62	7
5120	12288	3	12	0	12	gemm	62.1	380	41
5120	12288	3	12	0	12	mr	56.2	420	45
5120	12288	3	12	0	12	dequant	384.3	61	7
5120	12288	3	12	0	16	gemm	65.3	361	39
5120	12288	3	12	0	16	mr	57.5	410	44
5120	12288	3	12	0	16	dequant	380.2	62	7
5120	12288	3	12	0	17	gemm	121.8	194	21
5120	12288	3	12	0	17	mr	66.6	354	38
5120	12288	3	12	0	17	dequant	388.8	61	6
5120	12288	3	12	0	24	gemm	124.8	189	20
5120	12288	3	12	0	24	mr	69.2	341	36
5120	12288	3	12	0	24	dequant	387.9	61	6
5120	12288	3	12	0	32	gemm	125.8	188	20
5120	12288	3	12	0	32	mr	68.4	345	37
5120	12288	3	12	0	32	dequant	391.1	60	6
5120	12288	3	12	0	48	gemm	188.0	126	13
5120	12288	3	12	0	48	mr	100.5	235	25
5120	12288	3	12	0	48	dequant	391.3	60	6
5120	12288	3	12	0	64	gemm	251.6	94	10
5120	12288	3	12	0	64	mr	160.9	147	16
5120	12288	3	12	0	64	dequant	386.0	61	7
5120	12288	3	12	0	96	gemm	367.3	64	7
5120	12288	3	12	0	96	mr	229.5	103	11
5120	12288	3	12	0	96	dequant	468.0	50	5
5120	12288	3	12	0	128	gemm	494.5	48	5
5120	12288	3	12	0	128	mr	305.1	77	8
5120	12288	3	12	0	128	dequant	463.3	51	5
5120	12288	3	12	0	144	gemm	538.4	44	5
5120	12288	3	12	0	144	mr	360.1	66	7
5120	12288	3	12	0	144	dequant	685.1	34	4
5120	12288	3	12	0	192	mr	427.3	55	6
5120	12288	3	12	0	192	dequant	569.4	41	4
5120	12288	3	12	0	256	mr	561.9	42	4
5120	12288	3	12	0	256	dequant	702.6	34	4
5120	12288	3	12	0	384	mr	822.3	29	3
5120	12288	3	12	0	384	dequant	854.2	28	3
5120	12288	3	12	0	512	mr	1097.7	21	2
5120	12288	3	12	0	512	dequant	1011.6	23	2
5120	12288	4	4	1	1	gemm	52.0	605	65
5120	12288	4	4	1	1	mr	47.2	667	71
5120	12288	4	4	1	1	dequant	376.8	83	9
5120	12288	4	4	1	2	gemm	54.8	574	61
5120	12288	4	4	1	2	mr	47.6	660	71
5120	12288	4	4	1	2	dequant	368.1	85	9
5120	12288	4	4	1	4	gemm	54.3	580	62
5120	12288	4	4	1	4	mr	48.0	656	70
5120	12288	4	4	1	4	dequant	368.7	85	9
5120	12288	4	4	1	6	gemm	59.9	525	56
5120	12288	4	4	1	6	mr	48.8	644	69
5120	12288	4	4	1	6	dequant	373.1	84	9
5120	12288	4	4	1	8	gemm	60.3	522	56
5120	12288	4	4	1	8	mr	49.1	641	68
5120	12288	4	4	1	8	dequant	391.5	80	9
5120	12288	4	4	1	12	gemm	60.1	523	56
5120	12288	4	4	1	12	mr	50.8	619	66
5120	12288	4	4	1	12	dequant	388.3	81	9
5120	12288	4	4	1	16	gemm	65.3	482	51
5120	12288	4	4	1	16	mr	52.5	600	64
5120	12288	4	4	1	16	dequant	395.2	80	9
5120	12288	4	4	1	17	gemm	116.7	270	29
5120	12288	4	4	1	17	mr	63.2	498	53
5120	12288	4	4	1	17	dequant	400.7	79	8
5120	12288	4	4	1	24	gemm	119.0	264	28
5120	12288	4	4	1	24	mr	62.7	502	54
5120	12288	4	4	1	24	dequant	399.9	79	8
5120	12288	4	4	1	32	gemm	121.2	260	28
5120	12288	4	4	1	32	mr	66.1	476	51
5120	12288	4	4	1	32	dequant	403.5	78	8
5120	12288	4	4	1	48	gemm	179.0	176	19
5120	12288	4	4	1	48	mr	92.9	339	36
5120	12288	4	4	1	48	dequant	405.1	78	8
5120	12288	4	4	1	64	gemm	240.4	131	14
5120	12288	4	4	1	64	mr	157.5	200	21
5120	12288	4	4	1	64	dequant	398.1	79	8
5120	12288	4	4	1	96	gemm	346.0	91	10
5120	12288	4	4	1	96	mr	219.4	143	15
5120	12288	4	4	1	96	dequant	482.3	65	7
5120	12288	4	4	1	128	gemm	461.5	68	7
5120	12288	4	4	1	128	mr	290.9	108	12
5120	12288	4	4	1	128	dequant	475.6	66	7
5120	12288	4	4	1	144	gemm	508.3	62	7
5120	12288	4	4	1	144	mr	345.7	91	10
5120	12288	4	4	1	144	dequant	701.8	45	5
5120	12288	4	4	1	192	mr	401.7	78	8
5120	12288	4	4	1	192	dequant	585.7	54	6
5120	12288	4	4	1	256	mr	532.4	59	6
5120	12288	4	4	1	256	dequant	718.8	44	5
5120	12288	4	4	1	384	mr	776.5	41	4
5120	12288	4	4	1	384	dequant	859.8	37	4
5120	12288	4	4	1	512	mr	1032.8	30	3
5120	12288	4	4	1	512	dequant	1044.4	30	3
5120	17408	2	4	0	1	gemm	66.7	334	36
5120	17408	2	4	0	1	dequant	487.3	46	5
5120	17408	2	4	0	2	gemm	65.7	339	36
5120	17408	2	4	0	2	dequant	461.1	48	5
5120	17408	2	4	0	4	gemm	65.6	340	36
5120	17408	2	4	0	4	dequant	461.1	48	5
5120	17408	2	4	0	6	gemm	66.0	338	36
5120	17408	2	4	0	6	dequant	461.4	48	5
5120	17408	2	4	0	8	gemm	70.4	317	34
5120	17408	2	4	0	8	dequant	468.3	48	5
5120	17408	2	4	0	12	gemm	80.9	275	29
5120	17408	2	4	0	12	dequant	467.9	48	5
5120	17408	2	4	0	16	gemm	84.6	263	28
5120	17408	2	4	0	16	dequant	463.1	48	5
5120	17408	2	4	0	17	gemm	153.3	145	16
5120	17408	2	4	0	17	dequant	464.3	48	5
5120	17408	2	4	0	24	gemm	161.8	138	15
5120	17408	2	4	0	24	dequant	465.6	48	5
5120	17408	2	4	0	32	gemm	169.0	132	14
5120	17408	2	4	0	32	dequant	500.7	44	5
5120	17408	2	4	0	48	gemm	250.7	89	9
5120	17408	2	4	0	48	dequant	552.9	40	4
5120	17408	2	4	0	64	gemm	335.9	66	7
5120	17408	2	4	0	64	dequant	584.1	38	4
5120	17408	2	4	0	96	gemm	505.9	44	5
5120	17408	2	4	0	96	dequant	640.3	35	4
5120	17408	2	4	0	128	gemm	668.2	33	4
5120	17408	2	4	0	128	dequant	644.9	35	4
5120	17408	2	4	0	144	gemm	756.1	29	3
5120	17408	2	4	0	144	dequant	766.5	29	3
5120	17408	2	4	0	192	dequant	1029.4	22	2
5120	17408	2	4	0	256	dequant	1023.2	22	2
5120	17408	2	4	0	384	dequant	1101.2	20	2
5120	17408	2	4	0	512	dequant	1453.8	15	2
5120	17408	3	70	0	1	gemm	78.4	427	46
5120	17408	3	70	0	1	mr	57.5	581	62
5120	17408	3	70	0	1	dequant	502.7	66	7
5120	17408	3	70	0	2	gemm	79.3	422	45
5120	17408	3	70	0	2	mr	58.0	577	62
5120	17408	3	70	0	2	dequant	474.8	70	8
5120	17408	3	70	0	4	gemm	81.9	408	44
5120	17408	3	70	0	4	mr	59.5	562	60
5120	17408	3	70	0	4	dequant	475.4	70	8
5120	17408	3	70	0	6	gemm	83.0	403	43
5120	17408	3	70	0	6	mr	60.2	555	59
5120	17408	3	70	0	6	dequant	475.7	70	8
5120	17408	3	70	0	8	gemm	86.6	386	41
5120	17408	3	70	0	8	mr	60.3	554	59
5120	17408	3	70	0	8	dequant	481.6	69	7
5120	17408	3	70	0	12	gemm	88.2	379	41
5120	17408	3	70	0	12	mr	75.8	441	47
5120	17408	3	70	0	12	dequant	483.2	69	7
5120	17408	3	70	0	16	gemm	85.8	390	42
5120	17408	3	70	0	16	mr	76.4	437	47
5120	17408	3	70	0	16	dequant	477.5	70	7
5120	17408	3	70	0	17	gemm	166.5	201	21
5120	17408	3	70	0	17	mr	90.0	371	40
5120	17408	3	70	0	17	dequant	477.0	70	7
5120	17408	3	70	0	24	gemm	166.9	200	21
5120	17408	3	70	0	24	mr	94.4	354	38
5120	17408	3	70	0	24	dequant	478.8	70	7
5120	17408	3	70	0	32	gemm	172.8	193	21
5120	17408	3	70	0	32	mr	95.0	352	38
5120	17408	3	70	0	32	dequant	545.5	61	7
5120	17408	3	70	0	48	gemm	254.8	131	14
5120	17408	3	70	0	48	mr	137.2	244	26
5120	17408	3	70	0	48	dequant	541.5	62	7
5120	17408	3	70	0	64	gemm	335.2	100	11
5120	17408	3	70	0	64	mr	221.0	151	16
5120	17408	3	70	0	64	dequant	595.2	56	6
5120	17408	3	70	0	96	gemm	489.8	68	7
5120	17408	3	70	0	96	mr	308.5	108	12
5120	17408	3	70	0	96	dequant	656.6	51	5
5120	17408	3	70	0	128	gemm	665.9	50	5
5120	17408	3	70	0	128	mr	412.0	81	9
5120	17408	3	70	0	128	dequant	646.9	52	6
5120	17408	3	70	0	144	gemm	746.1	45	5
5120	17408	3	70	0	144	mr	486.5	69	7
5120	17408	3	70	0	144	dequant	767.0	44	5
5120	17408	3	70	0	192	mr	592.5	56	6
5120	17408	3	70	0	192	dequant	1011.7	33	4
5120	17408	3	70	0	256	mr	777.1	43	5
5120	17408	3	70	0	256	dequant	1021.4	33	3
5120	17408	3	70	0	384	mr	1145.0	29	3
5120	17408	3	70	0	384	dequant	1105.0	30	3
5120	17408	3	70	0	512	mr	1547.2	22	2
5120	17408	3	70	0	512	dequant	1410.2	24	3
5120	17408	4	54	2	1	gemm	68.7	649	69
5120	17408	4	54	2	1	mr	64.6	690	74
5120	17408	4	54	2	1	dequant	514.3	87	9
5120	17408	4	54	2	2	gemm	72.2	617	66
5120	17408	4	54	2	2	mr	65.7	679	73
5120	17408	4	54	2	2	dequant	486.6	92	10
5120	17408	4	54	2	4	gemm	74.2	601	64
5120	17408	4	54	2	4	mr	66.2	673	72
5120	17408	4	54	2	4	dequant	486.8	92	10
5120	17408	4	54	2	6	gemm	76.2	585	62
5120	17408	4	54	2	6	mr	66.5	670	72
5120	17408	4	54	2	6	dequant	486.4	92	10
5120	17408	4	54	2	8	gemm	77.7	573	61
5120	17408	4	54	2	8	mr	66.9	666	71
5120	17408	4	54	2	8	dequant	494.3	90	10
5120	17408	4	54	2	12	gemm	79.3	562	60
5120	17408	4	54	2	12	mr	70.8	629	67
5120	17408	4	54	2	12	dequant	498.9	89	10
5120	17408	4	54	2	16	gemm	84.4	528	56
5120	17408	4	54	2	16	mr	72.5	614	66
5120	17408	4	54	2	16	dequant	488.7	91	10
5120	17408	4	54	2	17	gemm	155.0	288	31
5120	17408	4	54	2	17	mr	80.7	552	59
5120	17408	4	54	2	17	dequant	488.9	91	10
5120	17408	4	54	2	24	gemm	160.6	278	30
5120	17408	4	54	2	24	mr	84.5	527	56
5120	17408	4	54	2	24	dequant	490.2	91	10
5120	17408	4	54	2	32	gemm	170.8	261	28
5120	17408	4	54	2	32	mr	85.8	519	55
5120	17408	4	54	2	32	dequant	512.9	87	9
5120	17408	4	54	2	48	gemm	253.2	176	19
5120	17408	4	54	2	48	mr	122.8	363	39
5120	17408	4	54	2	48	dequant	581.5	77	8
5120	17408	4	54	2	64	gemm	329.3	135	14
5120	17408	4	54	2	64	mr	211.9	210	22
5120	17408	4	54	2	64	dequant	599.8	74	8
5120	17408	4	54	2	96	gemm	477.2	93	10
5120	17408	4	54	2	96	mr	292.6	152	16
5120	17408	4	54	2	96	dequant	678.9	66	7
5120	17408	4	54	2	128	gemm	656.9	68	7
5120	17408	4	54	2	128	mr	388.1	115	12
5120	17408	4	54	2	128	dequant	663.7	67	7
5120	17408	4	54	2	144	gemm	725.6	61	7
5120	17408	4	54	2	144	mr	467.3	95	10
5120	17408	4	54	2	144	dequant	791.5	56	6
5120	17408	4	54	2	192	mr	552.9	81	9
5120	17408	4	54	2	192	dequant	1035.2	43	5
5120	17408	4	54	2	256	mr	730.0	61	7
5120	17408	4	54	2	256	dequant	1050.2	42	5
5120	17408	4	54	2	384	mr	1088.0	41	4
5120	17408	4	54	2	384	dequant	1139.7	39	4
5120	17408	4	54	2	512	mr	1456.6	31	3
5120	17408	4	54	2	512	dequant	1468.9	30	3
5120	248320	4	1	0	1	gemm	870.0	731	78
5120	248320	4	1	0	1	mr	755.6	841	90
5120	248320	4	1	0	1	dequant	7003.6	91	10
5120	248320	4	1	0	2	gemm	903.6	703	75
5120	248320	4	1	0	2	mr	781.0	814	87
5120	248320	4	1	0	2	dequant	7197.2	88	9
5120	248320	4	1	0	4	gemm	906.0	702	75
5120	248320	4	1	0	4	mr	773.9	821	88
5120	248320	4	1	0	4	dequant	7175.7	89	9
5120	248320	4	1	0	6	gemm	904.9	702	75
5120	248320	4	1	0	6	mr	783.7	811	87
5120	248320	4	1	0	6	dequant	7242.8	88	9
5120	248320	4	1	0	8	gemm	924.8	687	73
5120	248320	4	1	0	8	mr	790.6	804	86
5120	248320	4	1	0	8	dequant	7235.5	88	9
5120	248320	4	1	0	12	gemm	944.5	673	72
5120	248320	4	1	0	12	mr	875.9	726	78
5120	248320	4	1	0	12	dequant	7267.6	87	9
5120	248320	4	1	0	16	gemm	935.3	680	73
5120	248320	4	1	0	16	mr	891.8	713	76
5120	248320	4	1	0	16	dequant	7258.4	88	9
5120	248320	4	1	0	17	gemm	1984.8	320	34
5120	248320	4	1	0	17	mr	1070.1	594	63
5120	248320	4	1	0	17	dequant	7209.6	88	9
5120	248320	4	1	0	24	gemm	2024.8	314	34
5120	248320	4	1	0	24	mr	1113.5	571	61
5120	248320	4	1	0	24	dequant	7257.7	88	9
5120	248320	4	1	0	32	gemm	2037.9	312	33
5120	248320	4	1	0	32	mr	1124.0	566	60
5120	248320	4	1	0	32	dequant	7419.4	86	9
5120	248320	4	1	0	48	gemm	3079.4	206	22
5120	248320	4	1	0	48	mr	1556.3	408	44
5120	248320	4	1	0	48	dequant	7406.3	86	9
5120	248320	4	1	0	64	gemm	4105.3	155	17
5120	248320	4	1	0	64	mr	2671.0	238	25
5120	248320	4	1	0	64	dequant	7397.5	86	9
5120	248320	4	1	0	96	gemm	6171.1	103	11
5120	248320	4	1	0	96	mr	3665.7	173	19
5120	248320	4	1	0	96	dequant	9732.6	65	7
5120	248320	4	1	0	128	gemm	8234.9	77	8
5120	248320	4	1	0	128	mr	5100.9	125	13
5120	248320	4	1	0	128	dequant	9807.3	65	7
5120	248320	4	1	0	144	gemm	9258.3	69	7
5120	248320	4	1	0	144	mr	6074.5	105	11
5120	248320	4	1	0	144	dequant	11407.0	56	6
5120	248320	4	1	0	192	mr	7653.4	83	9
5120	248320	4	1	0	192	dequant	12180.8	52	6
5120	248320	4	1	0	256	mr	10193.9	62	7
5120	248320	4	1	0	256	dequant	14205.4	45	5
5120	248320	4	1	0	384	mr	15263.2	42	4
5120	248320	4	1	0	384	dequant	17580.5	36	4
5120	248320	4	1	0	512	mr	20393.7	31	3
5120	248320	4	1	0	512	dequant	21960.9	29	3
6144	5120	3	6	0	1	gemm	34.3	344	37
6144	5120	3	6	0	1	mr	23.8	497	53
6144	5120	3	6	0	1	dequant	175.0	67	7
6144	5120	3	6	0	2	gemm	34.7	340	36
6144	5120	3	6	0	2	mr	24.1	490	52
6144	5120	3	6	0	2	dequant	180.4	65	7
6144	5120	3	6	0	4	gemm	35.4	333	36
6144	5120	3	6	0	4	mr	24.8	477	51
6144	5120	3	6	0	4	dequant	181.1	65	7
6144	5120	3	6	0	6	gemm	36.9	320	34
6144	5120	3	6	0	6	mr	24.9	474	51
6144	5120	3	6	0	6	dequant	181.2	65	7
6144	5120	3	6	0	8	gemm	37.5	315	34
6144	5120	3	6	0	8	mr	25.0	472	50
6144	5120	3	6	0	8	dequant	181.0	65	7
6144	5120	3	6	0	12	gemm	40.4	292	31
6144	5120	3	6	0	12	mr	32.4	364	39
6144	5120	3	6	0	12	dequant	182.4	65	7
6144	5120	3	6	0	16	gemm	44.3	266	28
6144	5120	3	6	0	16	mr	32.8	360	38
6144	5120	3	6	0	16	dequant	183.0	64	7
6144	5120	3	6	0	17	gemm	77.4	152	16
6144	5120	3	6	0	17	mr	36.8	320	34
6144	5120	3	6	0	17	dequant	177.1	67	7
6144	5120	3	6	0	24	gemm	80.3	147	16
6144	5120	3	6	0	24	mr	37.8	312	33
6144	5120	3	6	0	24	dequant	177.7	66	7
6144	5120	3	6	0	32	gemm	88.1	134	14
6144	5120	3	6	0	32	mr	38.1	309	33
6144	5120	3	6	0	32	dequant	178.5	66	7
6144	5120	3	6	0	48	gemm	130.4	90	10
6144	5120	3	6	0	48	mr	53.4	221	24
6144	5120	3	6	0	48	dequant	187.3	63	7
6144	5120	3	6	0	64	gemm	173.5	68	7
6144	5120	3	6	0	64	mr	84.1	140	15
6144	5120	3	6	0	64	dequant	182.8	65	7
6144	5120	3	6	0	96	gemm	252.7	47	5
6144	5120	3	6	0	96	mr	136.8	86	9
6144	5120	3	6	0	96	dequant	217.4	54	6
6144	5120	3	6	0	128	gemm	338.9	35	4
6144	5120	3	6	0	128	mr	159.9	74	8
6144	5120	3	6	0	128	dequant	218.1	54	6
6144	5120	3	6	0	144	gemm	378.1	31	3
6144	5120	3	6	0	144	mr	191.1	62	7
6144	5120	3	6	0	144	dequant	309.6	38	4
6144	5120	3	6	0	192	mr	223.2	53	6
6144	5120	3	6	0	192	dequant	333.0	35	4
6144	5120	3	6	0	256	mr	285.3	41	4
6144	5120	3	6	0	256	dequant	381.8	31	3
6144	5120	3	6	0	384	mr	435.0	27	3
6144	5120	3	6	0	384	dequant	494.9	24	3
6144	5120	3	6	0	512	mr	570.3	21	2
6144	5120	3	6	0	512	dequant	508.2	23	2
6144	5120	4	58	1	1	gemm	34.1	462	49
6144	5120	4	58	1	1	mr	27.4	573	61
6144	5120	4	58	1	1	dequant	178.6	88	9
6144	5120	4	58	1	2	gemm	33.0	477	51
6144	5120	4	58	1	2	mr	27.3	577	62
6144	5120	4	58	1	2	dequant	184.8	85	9
6144	5120	4	58	1	4	gemm	33.4	471	50
6144	5120	4	58	1	4	mr	27.5	573	61
6144	5120	4	58	1	4	dequant	185.1	85	9
6144	5120	4	58	1	6	gemm	34.9	451	48
6144	5120	4	58	1	6	mr	27.9	564	60
6144	5120	4	58	1	6	dequant	185.8	85	9
6144	5120	4	58	1	8	gemm	35.7	440	47
6144	5120	4	58	1	8	mr	28.1	561	60
6144	5120	4	58	1	8	dequant	185.9	85	9
6144	5120	4	58	1	12	gemm	39.0	403	43
6144	5120	4	58	1	12	mr	30.5	516	55
6144	5120	4	58	1	12	dequant	186.5	84	9
6144	5120	4	58	1	16	gemm	42.9	367	39
6144	5120	4	58	1	16	mr	31.2	504	54
6144	5120	4	58	1	16	dequant	187.2	84	9
6144	5120	4	58	1	17	gemm	73.6	214	23
6144	5120	4	58	1	17	mr	32.9	479	51
6144	5120	4	58	1	17	dequant	181.1	87	9
6144	5120	4	58	1	24	gemm	76.1	207	22
6144	5120	4	58	1	24	mr	34.2	461	49
6144	5120	4	58	1	24	dequant	181.9	86	9
6144	5120	4	58	1	32	gemm	86.1	183	20
6144	5120	4	58	1	32	mr	34.9	450	48
6144	5120	4	58	1	32	dequant	182.5	86	9
6144	5120	4	58	1	48	gemm	125.7	125	13
6144	5120	4	58	1	48	mr	48.2	326	35
6144	5120	4	58	1	48	dequant	191.7	82	9
6144	5120	4	58	1	64	gemm	166.9	94	10
6144	5120	4	58	1	64	mr	81.1	194	21
6144	5120	4	58	1	64	dequant	187.5	84	9
6144	5120	4	58	1	96	gemm	243.0	65	7
6144	5120	4	58	1	96	mr	129.0	122	13
6144	5120	4	58	1	96	dequant	221.9	71	8
6144	5120	4	58	1	128	gemm	328.3	48	5
6144	5120	4	58	1	128	mr	152.9	103	11
6144	5120	4	58	1	128	dequant	223.4	70	8
6144	5120	4	58	1	144	gemm	363.9	43	5
6144	5120	4	58	1	144	mr	184.9	85	9
6144	5120	4	58	1	144	dequant	316.5	50	5
6144	5120	4	58	1	192	mr	209.6	75	8
6144	5120	4	58	1	192	dequant	338.9	46	5
6144	5120	4	58	1	256	mr	267.8	59	6
6144	5120	4	58	1	256	dequant	392.7	40	4
6144	5120	4	58	1	384	mr	413.3	38	4
6144	5120	4	58	1	384	dequant	496.6	32	3
6144	5120	4	58	1	512	mr	531.3	30	3
6144	5120	4	58	1	512	dequant	520.4	30	3
10240	5120	4	0	1	1	gemm	48.9	536	57
10240	5120	4	0	1	1	mr	39.0	672	72
10240	5120	4	0	1	1	dequant	291.8	90	10
10240	5120	4	0	1	2	gemm	50.6	518	55
10240	5120	4	0	1	2	mr	39.7	661	71
10240	5120	4	0	1	2	dequant	296.6	88	9
10240	5120	4	0	1	4	gemm	50.5	519	55
10240	5120	4	0	1	4	mr	39.7	660	71
10240	5120	4	0	1	4	dequant	296.9	88	9
10240	5120	4	0	1	6	gemm	51.5	509	54
10240	5120	4	0	1	6	mr	39.9	657	70
10240	5120	4	0	1	6	dequant	297.5	88	9
10240	5120	4	0	1	8	gemm	54.8	479	51
10240	5120	4	0	1	8	mr	40.7	644	69
10240	5120	4	0	1	8	dequant	298.1	88	9
10240	5120	4	0	1	12	gemm	56.8	461	49
10240	5120	4	0	1	12	mr	43.6	602	64
10240	5120	4	0	1	12	dequant	298.2	88	9
10240	5120	4	0	1	16	gemm	60.0	437	47
10240	5120	4	0	1	16	mr	45.2	580	62
10240	5120	4	0	1	16	dequant	299.2	88	9
10240	5120	4	0	1	17	gemm	108.4	242	26
10240	5120	4	0	1	17	mr	47.3	555	59
10240	5120	4	0	1	17	dequant	293.9	89	10
10240	5120	4	0	1	24	gemm	114.9	228	24
10240	5120	4	0	1	24	mr	49.4	531	57
10240	5120	4	0	1	24	dequant	294.6	89	10
10240	5120	4	0	1	32	gemm	122.7	214	23
10240	5120	4	0	1	32	mr	49.9	525	56
10240	5120	4	0	1	32	dequant	296.5	88	9
10240	5120	4	0	1	48	gemm	181.8	144	15
10240	5120	4	0	1	48	mr	70.7	371	40
10240	5120	4	0	1	48	dequant	310.9	84	9
10240	5120	4	0	1	64	gemm	239.6	109	12
10240	5120	4	0	1	64	mr	124.8	210	22
10240	5120	4	0	1	64	dequant	301.0	87	9
10240	5120	4	0	1	96	gemm	344.3	76	8
10240	5120	4	0	1	96	mr	197.2	133	14
10240	5120	4	0	1	96	dequant	366.8	71	8
10240	5120	4	0	1	128	gemm	465.8	56	6
10240	5120	4	0	1	128	mr	235.1	112	12
10240	5120	4	0	1	128	dequant	364.6	72	8
10240	5120	4	0	1	144	gemm	513.5	51	5
10240	5120	4	0	1	144	mr	282.8	93	10
10240	5120	4	0	1	144	dequant	499.6	52	6
10240	5120	4	0	1	192	mr	328.4	80	9
10240	5120	4	0	1	192	dequant	572.2	46	5
10240	5120	4	0	1	256	mr	430.4	61	7
10240	5120	4	0	1	256	dequant	627.6	42	4
10240	5120	4	0	1	384	mr	643.4	41	4
10240	5120	4	0	1	384	dequant	805.6	33	3
10240	5120	4	0	1	512	mr	849.3	31	3
10240	5120	4	0	1	512	dequant	843.4	31	3
17408	5120	3	19	0	1	gemm	80.5	415	44
17408	5120	3	19	0	1	mr	53.8	622	66
17408	5120	3	19	0	1	dequant	490.1	68	7
17408	5120	3	19	0	2	gemm	84.7	395	42
17408	5120	3	19	0	2	mr	56.0	597	64
17408	5120	3	19	0	2	dequant	479.1	70	7
17408	5120	3	19	0	4	gemm	88.7	377	40
17408	5120	3	19	0	4	mr	56.7	590	63
17408	5120	3	19	0	4	dequant	479.7	70	7
17408	5120	3	19	0	6	gemm	88.8	377	40
17408	5120	3	19	0	6	mr	56.9	587	63
17408	5120	3	19	0	6	dequant	480.7	70	7
17408	5120	3	19	0	8	gemm	86.7	385	41
17408	5120	3	19	0	8	mr	57.3	583	62
17408	5120	3	19	0	8	dequant	481.7	69	7
17408	5120	3	19	0	12	gemm	90.4	370	39
17408	5120	3	19	0	12	mr	73.6	454	49
17408	5120	3	19	0	12	dequant	482.6	69	7
17408	5120	3	19	0	16	gemm	95.0	352	38
17408	5120	3	19	0	16	mr	74.4	449	48
17408	5120	3	19	0	16	dequant	482.8	69	7
17408	5120	3	19	0	17	gemm	175.9	190	20
17408	5120	3	19	0	17	mr	86.4	387	41
17408	5120	3	19	0	17	dequant	477.5	70	7
17408	5120	3	19	0	24	gemm	180.3	185	20
17408	5120	3	19	0	24	mr	87.6	382	41
17408	5120	3	19	0	24	dequant	479.1	70	7
17408	5120	3	19	0	32	gemm	188.4	177	19
17408	5120	3	19	0	32	mr	87.6	381	41
17408	5120	3	19	0	32	dequant	481.0	69	7
17408	5120	3	19	0	48	gemm	280.5	119	13
17408	5120	3	19	0	48	mr	122.5	273	29
17408	5120	3	19	0	48	dequant	503.5	66	7
17408	5120	3	19	0	64	gemm	371.9	90	10
17408	5120	3	19	0	64	mr	206.4	162	17
17408	5120	3	19	0	64	dequant	489.4	68	7
17408	5120	3	19	0	96	gemm	533.0	63	7
17408	5120	3	19	0	96	mr	340.0	98	11
17408	5120	3	19	0	96	dequant	600.7	56	6
17408	5120	3	19	0	128	gemm	734.0	46	5
17408	5120	3	19	0	128	mr	399.9	84	9
17408	5120	3	19	0	128	dequant	600.2	56	6
17408	5120	3	19	0	144	gemm	818.6	41	4
17408	5120	3	19	0	144	mr	477.7	70	7
17408	5120	3	19	0	144	dequant	799.7	42	4
17408	5120	3	19	0	192	mr	577.3	58	6
17408	5120	3	19	0	192	dequant	931.8	36	4
17408	5120	3	19	0	256	mr	757.3	44	5
17408	5120	3	19	0	256	dequant	1014.3	33	4
17408	5120	3	19	0	384	mr	1114.9	30	3
17408	5120	3	19	0	384	dequant	1328.0	25	3
17408	5120	3	19	0	512	mr	1482.3	23	2
17408	5120	3	19	0	512	dequant	1393.2	24	3
17408	5120	4	45	1	1	gemm	74.8	596	64
17408	5120	4	45	1	1	mr	61.6	724	77
17408	5120	4	45	1	1	dequant	507.9	88	9
17408	5120	4	45	1	2	gemm	78.6	567	61
17408	5120	4	45	1	2	mr	62.3	715	76
17408	5120	4	45	1	2	dequant	492.6	90	10
17408	5120	4	45	1	4	gemm	80.9	551	59
17408	5120	4	45	1	4	mr	62.9	709	76
17408	5120	4	45	1	4	dequant	493.1	90	10
17408	5120	4	45	1	6	gemm	82.6	540	58
17408	5120	4	45	1	6	mr	63.5	702	75
17408	5120	4	45	1	6	dequant	492.6	90	10
17408	5120	4	45	1	8	gemm	84.1	530	57
17408	5120	4	45	1	8	mr	63.5	701	75
17408	5120	4	45	1	8	dequant	492.6	90	10
17408	5120	4	45	1	12	gemm	88.8	502	54
17408	5120	4	45	1	12	mr	65.7	678	72
17408	5120	4	45	1	12	dequant	494.8	90	10
17408	5120	4	45	1	16	gemm	91.2	489	52
17408	5120	4	45	1	16	mr	67.2	663	71
17408	5120	4	45	1	16	dequant	496.1	90	10
17408	5120	4	45	1	17	gemm	168.8	264	28
17408	5120	4	45	1	17	mr	80.0	557	60
17408	5120	4	45	1	17	dequant	489.2	91	10
17408	5120	4	45	1	24	gemm	174.5	255	27
17408	5120	4	45	1	24	mr	81.2	549	59
17408	5120	4	45	1	24	dequant	491.2	91	10
17408	5120	4	45	1	32	gemm	183.1	243	26
17408	5120	4	45	1	32	mr	82.9	537	57
17408	5120	4	45	1	32	dequant	493.1	90	10
17408	5120	4	45	1	48	gemm	267.6	167	18
17408	5120	4	45	1	48	mr	111.7	399	43
17408	5120	4	45	1	48	dequant	521.5	85	9
17408	5120	4	45	1	64	gemm	360.4	124	13
17408	5120	4	45	1	64	mr	199.4	223	24
17408	5120	4	45	1	64	dequant	498.6	89	10
17408	5120	4	45	1	96	gemm	515.0	87	9
17408	5120	4	45	1	96	mr	317.2	140	15
17408	5120	4	45	1	96	dequant	619.2	72	8
17408	5120	4	45	1	128	gemm	696.1	64	7
17408	5120	4	45	1	128	mr	381.3	117	12
17408	5120	4	45	1	128	dequant	621.5	72	8
17408	5120	4	45	1	144	gemm	787.9	57	6
17408	5120	4	45	1	144	mr	457.3	97	10
17408	5120	4	45	1	144	dequant	830.6	54	6
17408	5120	4	45	1	192	mr	538.2	83	9
17408	5120	4	45	1	192	dequant	963.0	46	5
17408	5120	4	45	1	256	mr	712.5	63	7
17408	5120	4	45	1	256	dequant	1051.2	42	5
17408	5120	4	45	1	384	mr	1051.0	42	5
17408	5120	4	45	1	384	dequant	1362.0	33	3
17408	5120	4	45	1	512	mr	1388.4	32	3
17408	5120	4	45	1	512	dequant	1422.4	31	3
