2026/10/05 08:54:03.557, 1935 MHz, 9501 MHz, 338.57 W, 45 %
2026/10/05 08:54:04.560, 1935 MHz, 9501 MHz, 163.91 W, 0 %
2026/10/05 08:54:05.560, 1800 MHz, 9501 MHz, 131.78 W, 0 %
2026/10/05 08:54:06.560, 1800 MHz, 9501 MHz, 125.68 W, 0 %
2026/10/05 08:54:07.560, 1800 MHz, 9501 MHz, 119.53 W, 0 %
2026/10/05 08:54:08.561, 1695 MHz, 9501 MHz, 164.58 W, 96 %
2026/10/05 08:54:09.561, 1695 MHz, 9501 MHz, 349.25 W, 100 %
2026/10/05 08:54:10.561, 1740 MHz, 9501 MHz, 348.75 W, 94 %
2026/10/05 08:54:11.561, 1725 MHz, 9501 MHz, 344.34 W, 94 %
2026/10/05 08:54:12.561, 1695 MHz, 9501 MHz, 345.32 W, 92 %
2026/10/05 08:54:13.561, 1815 MHz, 9501 MHz, 345.53 W, 97 %
2026/10/05 08:54:14.561, 1815 MHz, 9501 MHz, 342.86 W, 96 %
2026/10/05 08:54:15.562, 1830 MHz, 9501 MHz, 342.95 W, 96 %
2026/10/05 08:54:16.562, 1815 MHz, 9501 MHz, 346.50 W, 100 %
2026/10/05 08:54:17.562, 1755 MHz, 9501 MHz, 345.12 W, 92 %
2026/10/05 08:54:18.562, 1680 MHz, 9501 MHz, 344.89 W, 93 %
2026/10/05 08:54:19.562, 1695 MHz, 9501 MHz, 344.47 W, 92 %
2026/10/05 08:54:20.562, 1740 MHz, 9501 MHz, 346.50 W, 92 %
2026/10/05 08:54:21.562, 1740 MHz, 9501 MHz, 345.99 W, 93 %
2026/10/05 08:54:22.563, 1785 MHz, 9501 MHz, 343.52 W, 94 %
2026/10/05 08:54:23.563, 1785 MHz, 9501 MHz, 343.57 W, 92 %
2026/10/05 08:54:24.563, 1815 MHz, 9501 MHz, 345.76 W, 92 %
2026/10/05 08:54:25.563, 1935 MHz, 9501 MHz, 345.28 W, 92 %
2026/10/05 08:54:26.563, 1935 MHz, 9501 MHz, 153.79 W, 0 %
2026/10/05 08:54:27.563, 1800 MHz, 9501 MHz, 129.79 W, 0 %
2026/10/05 08:54:28.563, 1800 MHz, 9501 MHz, 119.22 W, 0 %
2026/10/05 08:54:29.563, 1800 MHz, 9501 MHz, 118.80 W, 0 %
2026/10/05 08:54:30.564, 1845 MHz, 9501 MHz, 192.76 W, 93 %
2026/10/05 08:54:31.564, 1830 MHz, 9501 MHz, 346.68 W, 91 %
2026/10/05 08:54:32.564, 1875 MHz, 9501 MHz, 346.31 W, 90 %
2026/10/05 08:54:33.564, 1860 MHz, 9501 MHz, 347.39 W, 91 %
2026/10/05 08:54:34.564, 1860 MHz, 9501 MHz, 346.26 W, 91 %
2026/10/05 08:54:35.564, 1860 MHz, 9501 MHz, 346.91 W, 92 %
2026/10/05 08:54:36.565, 1860 MHz, 9501 MHz, 346.68 W, 93 %
2026/10/05 08:54:37.565, 1845 MHz, 9501 MHz, 346.48 W, 93 %
2026/10/05 08:54:38.565, 1845 MHz, 9501 MHz, 347.93 W, 91 %
2026/10/05 08:54:39.565, 1785 MHz, 9501 MHz, 346.81 W, 91 %
2026/10/05 08:54:40.565, 1860 MHz, 9501 MHz, 346.43 W, 91 %
2026/10/05 08:54:41.566, 1845 MHz, 9501 MHz, 346.82 W, 91 %
2026/10/05 08:54:42.566, 1860 MHz, 9501 MHz, 347.07 W, 93 %
2026/10/05 08:54:43.566, 1860 MHz, 9501 MHz, 345.89 W, 91 %
2026/10/05 08:54:44.566, 1860 MHz, 9501 MHz, 346.10 W, 91 %
2026/10/05 08:54:45.566, 1860 MHz, 9501 MHz, 346.61 W, 89 %
2026/10/05 08:54:46.567, 1845 MHz, 9501 MHz, 347.11 W, 92 %
2026/10/05 08:54:47.567, 1860 MHz, 9501 MHz, 346.61 W, 93 %
2026/10/05 08:54:48.567, 1845 MHz, 9501 MHz, 346.53 W, 92 %
2026/10/05 08:54:49.567, 1830 MHz, 9501 MHz, 347.82 W, 91 %
2026/10/05 08:54:50.567, 1800 MHz, 9501 MHz, 345.89 W, 90 %
2026/10/05 08:54:51.567, 1800 MHz, 9501 MHz, 346.48 W, 90 %
2026/10/05 08:54:52.567, 1845 MHz, 9501 MHz, 348.07 W, 90 %
2026/10/05 08:54:53.568, 1830 MHz, 9501 MHz, 346.48 W, 95 %
2026/10/05 08:54:54.568, 1845 MHz, 9501 MHz, 346.00 W, 90 %
2026/10/05 08:54:55.568, 1800 MHz, 9501 MHz, 346.29 W, 91 %
2026/10/05 08:54:56.568, 1860 MHz, 9501 MHz, 347.90 W, 91 %
2026/10/05 08:54:57.568, 1845 MHz, 9501 MHz, 346.98 W, 92 %
2026/10/05 08:54:58.568, 1845 MHz, 9501 MHz, 347.03 W, 91 %
2026/10/05 08:54:59.569, 1845 MHz, 9501 MHz, 345.76 W, 90 %
2026/10/05 08:55:00.569, 1830 MHz, 9501 MHz, 346.34 W, 90 %
2026/10/05 08:55:01.569, 1875 MHz, 9501 MHz, 345.29 W, 88 %
2026/10/05 08:55:02.569, 1800 MHz, 9501 MHz, 345.97 W, 92 %
2026/10/05 08:55:03.569, 1830 MHz, 9501 MHz, 347.02 W, 93 %
2026/10/05 08:55:04.569, 1860 MHz, 9501 MHz, 346.46 W, 91 %
2026/10/05 08:55:05.570, 1845 MHz, 9501 MHz, 345.49 W, 91 %
2026/10/05 08:55:06.570, 1845 MHz, 9501 MHz, 346.52 W, 92 %
2026/10/05 08:55:07.570, 1815 MHz, 9501 MHz, 346.32 W, 93 %
2026/10/05 08:55:08.570, 1815 MHz, 9501 MHz, 346.74 W, 93 %
2026/10/05 08:55:09.570, 1815 MHz, 9501 MHz, 346.96 W, 92 %
2026/10/05 08:55:10.570, 1800 MHz, 9501 MHz, 346.69 W, 93 %
2026/10/05 08:55:11.571, 1815 MHz, 9501 MHz, 347.66 W, 93 %
2026/10/05 08:55:12.571, 1830 MHz, 9501 MHz, 346.39 W, 93 %
2026/10/05 08:55:13.571, 1830 MHz, 9501 MHz, 346.78 W, 93 %
2026/10/05 08:55:14.571, 1800 MHz, 9501 MHz, 346.05 W, 91 %
2026/10/05 08:55:15.571, 1800 MHz, 9501 MHz, 346.30 W, 88 %
2026/10/05 08:55:16.571, 1830 MHz, 9501 MHz, 346.42 W, 92 %
2026/10/05 08:55:17.572, 1845 MHz, 9501 MHz, 346.87 W, 92 %
2026/10/05 08:55:18.572, 1845 MHz, 9501 MHz, 346.30 W, 92 %
2026/10/05 08:55:19.572, 1845 MHz, 9501 MHz, 346.90 W, 92 %
2026/10/05 08:55:20.572, 1845 MHz, 9501 MHz, 346.38 W, 92 %
2026/10/05 08:55:21.572, 1860 MHz, 9501 MHz, 346.36 W, 91 %
2026/10/05 08:55:22.572, 1845 MHz, 9501 MHz, 347.11 W, 92 %
2026/10/05 08:55:23.573, 1845 MHz, 9501 MHz, 346.60 W, 93 %
2026/10/05 08:55:24.573, 1830 MHz, 9501 MHz, 346.92 W, 93 %
2026/10/05 08:55:25.573, 1830 MHz, 9501 MHz, 347.49 W, 93 %
2026/10/05 08:55:26.573, 1815 MHz, 9501 MHz, 346.65 W, 92 %
2026/10/05 08:55:27.573, 1830 MHz, 9501 MHz, 345.88 W, 93 %
2026/10/05 08:55:28.573, 1860 MHz, 9501 MHz, 347.02 W, 93 %
2026/10/05 08:55:29.573, 1860 MHz, 9501 MHz, 346.95 W, 93 %
2026/10/05 08:55:30.573, 1860 MHz, 9501 MHz, 347.06 W, 93 %
2026/10/05 08:55:31.574, 1830 MHz, 9501 MHz, 347.10 W, 93 %
2026/10/05 08:55:32.574, 1845 MHz, 9501 MHz, 347.19 W, 92 %
2026/10/05 08:55:33.574, 1800 MHz, 9501 MHz, 346.99 W, 91 %
2026/10/05 08:55:34.574, 1815 MHz, 9501 MHz, 346.57 W, 91 %
2026/10/05 08:55:35.574, 1860 MHz, 9501 MHz, 347.33 W, 91 %
2026/10/05 08:55:36.574, 1860 MHz, 9501 MHz, 346.57 W, 90 %
2026/10/05 08:55:37.575, 1830 MHz, 9501 MHz, 345.00 W, 90 %
2026/10/05 08:55:38.575, 1800 MHz, 9501 MHz, 346.89 W, 100 %
2026/10/05 08:55:39.575, 1860 MHz, 9501 MHz, 346.51 W, 90 %
2026/10/05 08:55:40.575, 1860 MHz, 9501 MHz, 346.47 W, 90 %
2026/10/05 08:55:41.575, 1845 MHz, 9501 MHz, 346.97 W, 91 %
2026/10/05 08:55:42.575, 1845 MHz, 9501 MHz, 346.61 W, 93 %
2026/10/05 08:55:43.575, 1830 MHz, 9501 MHz, 347.36 W, 93 %
2026/10/05 08:55:44.575, 1800 MHz, 9501 MHz, 348.16 W, 91 %
2026/10/05 08:55:45.576, 1785 MHz, 9501 MHz, 347.20 W, 90 %
2026/10/05 08:55:46.576, 1785 MHz, 9501 MHz, 345.94 W, 90 %
2026/10/05 08:55:47.576, 1785 MHz, 9501 MHz, 346.44 W, 90 %
2026/10/05 08:55:48.576, 1800 MHz, 9501 MHz, 347.15 W, 91 %
2026/10/05 08:55:49.576, 1800 MHz, 9501 MHz, 346.85 W, 90 %
2026/10/05 08:55:50.577, 1800 MHz, 9501 MHz, 347.05 W, 91 %
2026/10/05 08:55:51.577, 1800 MHz, 9501 MHz, 347.32 W, 90 %
2026/10/05 08:55:52.577, 1830 MHz, 9501 MHz, 347.33 W, 91 %
2026/10/05 08:55:53.577, 1845 MHz, 9501 MHz, 347.02 W, 90 %
2026/10/05 08:55:54.577, 1845 MHz, 9501 MHz, 345.81 W, 90 %
2026/10/05 08:55:55.577, 1800 MHz, 9501 MHz, 345.64 W, 90 %
2026/10/05 08:55:56.577, 1935 MHz, 9501 MHz, 320.23 W, 0 %
2026/10/05 08:55:57.578, 1935 MHz, 9501 MHz, 165.90 W, 0 %
2026/10/05 08:55:58.578, 1800 MHz, 9501 MHz, 132.24 W, 0 %
2026/10/05 08:55:59.578, 1800 MHz, 9501 MHz, 126.13 W, 0 %
2026/10/05 08:56:00.578, 1800 MHz, 9501 MHz, 119.88 W, 0 %
2026/10/05 08:56:01.578, 1815 MHz, 9501 MHz, 211.44 W, 93 %
2026/10/05 08:56:02.578, 1785 MHz, 9501 MHz, 347.80 W, 90 %
2026/10/05 08:56:03.579, 1815 MHz, 9501 MHz, 346.36 W, 89 %
2026/10/05 08:56:04.579, 1845 MHz, 9501 MHz, 347.13 W, 90 %
2026/10/05 08:56:05.579, 1770 MHz, 9501 MHz, 347.68 W, 89 %
2026/10/05 08:56:06.579, 1800 MHz, 9501 MHz, 347.41 W, 90 %
2026/10/05 08:56:07.579, 1815 MHz, 9501 MHz, 346.01 W, 93 %
2026/10/05 08:56:08.579, 1800 MHz, 9501 MHz, 346.62 W, 90 %
2026/10/05 08:56:09.579, 1770 MHz, 9501 MHz, 346.52 W, 90 %
2026/10/05 08:56:10.580, 1845 MHz, 9501 MHz, 346.08 W, 92 %
2026/10/05 08:56:11.580, 1860 MHz, 9501 MHz, 345.40 W, 91 %
2026/10/05 08:56:12.580, 1845 MHz, 9501 MHz, 347.64 W, 92 %
2026/10/05 08:56:13.580, 1830 MHz, 9501 MHz, 347.02 W, 92 %
2026/10/05 08:56:14.580, 1770 MHz, 9501 MHz, 347.66 W, 94 %
2026/10/05 08:56:15.580, 1830 MHz, 9501 MHz, 347.88 W, 90 %
2026/10/05 08:56:16.580, 1815 MHz, 9501 MHz, 345.41 W, 93 %
2026/10/05 08:56:17.580, 1800 MHz, 9501 MHz, 345.68 W, 90 %
2026/10/05 08:56:18.581, 1770 MHz, 9501 MHz, 346.73 W, 90 %
2026/10/05 08:56:19.581, 1815 MHz, 9501 MHz, 346.83 W, 93 %
2026/10/05 08:56:20.581, 1815 MHz, 9501 MHz, 345.98 W, 92 %
2026/10/05 08:56:21.581, 1800 MHz, 9501 MHz, 347.52 W, 90 %
2026/10/05 08:56:22.581, 1830 MHz, 9501 MHz, 347.53 W, 96 %
2026/10/05 08:56:23.581, 1830 MHz, 9501 MHz, 346.90 W, 92 %
2026/10/05 08:56:24.582, 1830 MHz, 9501 MHz, 346.65 W, 92 %
2026/10/05 08:56:25.582, 1800 MHz, 9501 MHz, 346.32 W, 90 %
2026/10/05 08:56:26.582, 1770 MHz, 9501 MHz, 347.36 W, 90 %
2026/10/05 08:56:27.582, 1815 MHz, 9501 MHz, 347.50 W, 93 %
2026/10/05 08:56:28.582, 1800 MHz, 9501 MHz, 346.22 W, 90 %
2026/10/05 08:56:29.582, 1785 MHz, 9501 MHz, 346.12 W, 90 %
2026/10/05 08:56:30.583, 1845 MHz, 9501 MHz, 346.68 W, 91 %
2026/10/05 08:56:31.583, 1830 MHz, 9501 MHz, 347.14 W, 92 %
2026/10/05 08:56:32.583, 1830 MHz, 9501 MHz, 346.63 W, 92 %
2026/10/05 08:56:33.583, 1815 MHz, 9501 MHz, 347.29 W, 92 %
2026/10/05 08:56:34.583, 1830 MHz, 9501 MHz, 347.49 W, 91 %
2026/10/05 08:56:35.583, 1815 MHz, 9501 MHz, 346.47 W, 92 %
2026/10/05 08:56:36.584, 1800 MHz, 9501 MHz, 347.39 W, 90 %
2026/10/05 08:56:37.584, 1770 MHz, 9501 MHz, 346.91 W, 90 %
2026/10/05 08:56:38.584, 1830 MHz, 9501 MHz, 346.62 W, 95 %
2026/10/05 08:56:39.584, 1860 MHz, 9501 MHz, 346.80 W, 92 %
2026/10/05 08:56:40.584, 1860 MHz, 9501 MHz, 345.53 W, 93 %
2026/10/05 08:56:41.585, 1845 MHz, 9501 MHz, 347.90 W, 93 %
2026/10/05 08:56:42.585, 1860 MHz, 9501 MHz, 346.84 W, 93 %
2026/10/05 08:56:43.585, 1860 MHz, 9501 MHz, 347.61 W, 93 %
2026/10/05 08:56:44.585, 1845 MHz, 9501 MHz, 346.76 W, 92 %
2026/10/05 08:56:45.585, 1830 MHz, 9501 MHz, 346.47 W, 91 %
2026/10/05 08:56:46.585, 1845 MHz, 9501 MHz, 347.83 W, 90 %
2026/10/05 08:56:47.586, 1830 MHz, 9501 MHz, 347.18 W, 91 %
2026/10/05 08:56:48.586, 1830 MHz, 9501 MHz, 346.04 W, 90 %
2026/10/05 08:56:49.586, 1830 MHz, 9501 MHz, 346.28 W, 90 %
2026/10/05 08:56:50.586, 1935 MHz, 9501 MHz, 164.96 W, 0 %
2026/10/05 08:56:51.586, 1935 MHz, 9501 MHz, 132.53 W, 0 %
2026/10/05 08:56:52.586, 1800 MHz, 9501 MHz, 126.33 W, 0 %
2026/10/05 08:56:53.587, 1800 MHz, 9501 MHz, 120.04 W, 0 %
2026/10/05 08:56:54.587, 1815 MHz, 9501 MHz, 174.27 W, 100 %
2026/10/05 08:56:55.587, 1785 MHz, 9501 MHz, 347.12 W, 93 %
2026/10/05 08:56:56.587, 1785 MHz, 9501 MHz, 346.19 W, 92 %
2026/10/05 08:56:57.587, 1725 MHz, 9501 MHz, 346.03 W, 92 %
2026/10/05 08:56:58.587, 1755 MHz, 9501 MHz, 345.85 W, 92 %
2026/10/05 08:56:59.587, 1785 MHz, 9501 MHz, 344.82 W, 92 %
2026/10/05 08:57:00.587, 1725 MHz, 9501 MHz, 345.92 W, 92 %
2026/10/05 08:57:01.588, 1785 MHz, 9501 MHz, 345.47 W, 92 %
2026/10/05 08:57:02.588, 1740 MHz, 9501 MHz, 345.04 W, 93 %
2026/10/05 08:57:03.588, 1785 MHz, 9501 MHz, 346.27 W, 92 %
2026/10/05 08:57:04.588, 1785 MHz, 9501 MHz, 344.74 W, 93 %
2026/10/05 08:57:05.588, 1770 MHz, 9501 MHz, 346.51 W, 93 %
2026/10/05 08:57:06.588, 1725 MHz, 9501 MHz, 346.00 W, 92 %
2026/10/05 08:57:07.588, 1785 MHz, 9501 MHz, 345.96 W, 92 %
2026/10/05 08:57:08.589, 1785 MHz, 9501 MHz, 346.30 W, 92 %
2026/10/05 08:57:09.589, 1725 MHz, 9501 MHz, 345.69 W, 92 %
2026/10/05 08:57:10.589, 1785 MHz, 9501 MHz, 344.95 W, 93 %
2026/10/05 08:57:11.589, 1815 MHz, 9501 MHz, 345.80 W, 92 %
2026/10/05 08:57:12.589, 1740 MHz, 9501 MHz, 347.28 W, 92 %
2026/10/05 08:57:13.589, 1785 MHz, 9501 MHz, 344.77 W, 93 %
2026/10/05 08:57:14.589, 1815 MHz, 9501 MHz, 345.56 W, 93 %
2026/10/05 08:57:15.590, 1785 MHz, 9501 MHz, 345.03 W, 92 %
2026/10/05 08:57:16.590, 1740 MHz, 9501 MHz, 344.61 W, 92 %
2026/10/05 08:57:17.590, 1740 MHz, 9501 MHz, 345.24 W, 92 %
2026/10/05 08:57:18.590, 1725 MHz, 9501 MHz, 345.50 W, 92 %
2026/10/05 08:57:19.590, 1770 MHz, 9501 MHz, 346.70 W, 92 %
2026/10/05 08:57:20.591, 1800 MHz, 9501 MHz, 345.88 W, 91 %
2026/10/05 08:57:21.591, 1800 MHz, 9501 MHz, 345.23 W, 90 %
2026/10/05 08:57:22.591, 1845 MHz, 9501 MHz, 345.44 W, 91 %
2026/10/05 08:57:23.591, 1845 MHz, 9501 MHz, 347.60 W, 91 %
2026/10/05 08:57:24.591, 1935 MHz, 9501 MHz, 169.10 W, 0 %
2026/10/05 08:57:25.592, 1935 MHz, 9501 MHz, 131.96 W, 0 %
2026/10/05 08:57:26.592, 1800 MHz, 9501 MHz, 125.80 W, 0 %
2026/10/05 08:57:27.592, 1800 MHz, 9501 MHz, 119.62 W, 0 %
2026/10/05 08:57:28.592, 1800 MHz, 9501 MHz, 130.24 W, 100 %
2026/10/05 08:57:29.592, 1875 MHz, 9501 MHz, 349.08 W, 100 %
2026/10/05 08:57:30.592, 1695 MHz, 9501 MHz, 343.31 W, 95 %
2026/10/05 08:57:31.593, 1740 MHz, 9501 MHz, 347.80 W, 95 %
2026/10/05 08:57:32.593, 1740 MHz, 9501 MHz, 342.44 W, 92 %
2026/10/05 08:57:33.593, 1725 MHz, 9501 MHz, 345.68 W, 94 %
2026/10/05 08:57:34.593, 1740 MHz, 9501 MHz, 345.25 W, 92 %
2026/10/05 08:57:35.593, 1695 MHz, 9501 MHz, 345.78 W, 94 %
2026/10/05 08:57:36.593, 1725 MHz, 9501 MHz, 343.77 W, 92 %
2026/10/05 08:57:37.594, 1755 MHz, 9501 MHz, 345.29 W, 95 %
2026/10/05 08:57:38.594, 1740 MHz, 9501 MHz, 345.29 W, 92 %
2026/10/05 08:57:39.594, 1740 MHz, 9501 MHz, 347.59 W, 92 %
2026/10/05 08:57:40.594, 1695 MHz, 9501 MHz, 347.90 W, 92 %
2026/10/05 08:57:41.594, 1680 MHz, 9501 MHz, 342.30 W, 95 %
2026/10/05 08:57:42.594, 1740 MHz, 9501 MHz, 343.18 W, 93 %
2026/10/05 08:57:43.595, 1740 MHz, 9501 MHz, 342.57 W, 92 %
2026/10/05 08:57:44.595, 1695 MHz, 9501 MHz, 346.71 W, 94 %
2026/10/05 08:57:45.595, 1725 MHz, 9501 MHz, 345.12 W, 92 %
2026/10/05 08:57:46.595, 1815 MHz, 9501 MHz, 344.95 W, 92 %
2026/10/05 08:57:47.595, 1935 MHz, 9501 MHz, 261.11 W, 0 %
2026/10/05 08:57:48.596, 1935 MHz, 9501 MHz, 165.89 W, 0 %
2026/10/05 08:57:49.596, 1800 MHz, 9501 MHz, 130.30 W, 0 %
2026/10/05 08:57:50.596, 1800 MHz, 9501 MHz, 124.69 W, 0 %
2026/10/05 08:57:51.596, 1800 MHz, 9501 MHz, 119.10 W, 0 %
2026/10/05 08:57:52.596, 1845 MHz, 9501 MHz, 239.78 W, 90 %
2026/10/05 08:57:53.596, 1860 MHz, 9501 MHz, 347.00 W, 89 %
2026/10/05 08:57:54.597, 1845 MHz, 9501 MHz, 347.71 W, 90 %
2026/10/05 08:57:55.597, 1845 MHz, 9501 MHz, 348.20 W, 91 %
2026/10/05 08:57:56.597, 1845 MHz, 9501 MHz, 347.72 W, 91 %
2026/10/05 08:57:57.597, 1830 MHz, 9501 MHz, 348.38 W, 91 %
2026/10/05 08:57:58.597, 1830 MHz, 9501 MHz, 347.57 W, 91 %
2026/10/05 08:57:59.598, 1830 MHz, 9501 MHz, 347.51 W, 93 %
2026/10/05 08:58:00.598, 1800 MHz, 9501 MHz, 347.95 W, 93 %
2026/10/05 08:58:01.598, 1830 MHz, 9501 MHz, 348.20 W, 92 %
2026/10/05 08:58:02.598, 1830 MHz, 9501 MHz, 347.88 W, 92 %
2026/10/05 08:58:03.598, 1830 MHz, 9501 MHz, 347.59 W, 90 %
2026/10/05 08:58:04.598, 1830 MHz, 9501 MHz, 347.81 W, 92 %
2026/10/05 08:58:05.599, 1785 MHz, 9501 MHz, 347.80 W, 93 %
2026/10/05 08:58:06.599, 1845 MHz, 9501 MHz, 348.08 W, 91 %
2026/10/05 08:58:07.599, 1845 MHz, 9501 MHz, 348.36 W, 91 %
2026/10/05 08:58:08.599, 1845 MHz, 9501 MHz, 348.22 W, 91 %
2026/10/05 08:58:09.599, 1845 MHz, 9501 MHz, 347.75 W, 90 %
2026/10/05 08:58:10.599, 1845 MHz, 9501 MHz, 347.81 W, 90 %
2026/10/05 08:58:11.599, 1845 MHz, 9501 MHz, 347.32 W, 90 %
2026/10/05 08:58:12.600, 1845 MHz, 9501 MHz, 347.75 W, 90 %
2026/10/05 08:58:13.600, 1845 MHz, 9501 MHz, 348.02 W, 91 %
2026/10/05 08:58:14.600, 1815 MHz, 9501 MHz, 348.54 W, 91 %
2026/10/05 08:58:15.600, 1845 MHz, 9501 MHz, 348.51 W, 92 %
2026/10/05 08:58:16.600, 1785 MHz, 9501 MHz, 348.37 W, 92 %
2026/10/05 08:58:17.600, 1800 MHz, 9501 MHz, 348.36 W, 92 %
2026/10/05 08:58:18.601, 1815 MHz, 9501 MHz, 348.07 W, 91 %
2026/10/05 08:58:19.601, 1800 MHz, 9501 MHz, 348.45 W, 92 %
2026/10/05 08:58:20.601, 1785 MHz, 9501 MHz, 347.90 W, 92 %
2026/10/05 08:58:21.601, 1800 MHz, 9501 MHz, 347.73 W, 93 %
2026/10/05 08:58:22.601, 1815 MHz, 9501 MHz, 347.70 W, 93 %
2026/10/05 08:58:23.601, 1800 MHz, 9501 MHz, 348.19 W, 93 %
2026/10/05 08:58:24.602, 1845 MHz, 9501 MHz, 348.57 W, 91 %
2026/10/05 08:58:25.602, 1815 MHz, 9501 MHz, 348.50 W, 93 %
2026/10/05 08:58:26.602, 1815 MHz, 9501 MHz, 347.86 W, 93 %
2026/10/05 08:58:27.602, 1845 MHz, 9501 MHz, 348.47 W, 90 %
2026/10/05 08:58:28.602, 1845 MHz, 9501 MHz, 348.02 W, 90 %
2026/10/05 08:58:29.603, 1815 MHz, 9501 MHz, 348.22 W, 91 %
2026/10/05 08:58:30.603, 1830 MHz, 9501 MHz, 347.67 W, 92 %
2026/10/05 08:58:31.603, 1830 MHz, 9501 MHz, 347.39 W, 92 %
2026/10/05 08:58:32.603, 1815 MHz, 9501 MHz, 348.13 W, 92 %
2026/10/05 08:58:33.603, 1815 MHz, 9501 MHz, 348.27 W, 93 %
2026/10/05 08:58:34.603, 1785 MHz, 9501 MHz, 348.15 W, 93 %
2026/10/05 08:58:35.603, 1800 MHz, 9501 MHz, 348.45 W, 92 %
2026/10/05 08:58:36.603, 1830 MHz, 9501 MHz, 347.68 W, 91 %
2026/10/05 08:58:37.604, 1845 MHz, 9501 MHz, 347.34 W, 90 %
2026/10/05 08:58:38.604, 1845 MHz, 9501 MHz, 347.43 W, 90 %
2026/10/05 08:58:39.604, 1845 MHz, 9501 MHz, 347.78 W, 90 %
2026/10/05 08:58:40.604, 1845 MHz, 9501 MHz, 348.10 W, 91 %
2026/10/05 08:58:41.604, 1815 MHz, 9501 MHz, 348.00 W, 91 %
2026/10/05 08:58:42.604, 1815 MHz, 9501 MHz, 348.11 W, 92 %
2026/10/05 08:58:43.605, 1800 MHz, 9501 MHz, 347.62 W, 93 %
2026/10/05 08:58:44.605, 1785 MHz, 9501 MHz, 348.55 W, 91 %
2026/10/05 08:58:45.605, 1830 MHz, 9501 MHz, 348.06 W, 93 %
2026/10/05 08:58:46.605, 1800 MHz, 9501 MHz, 348.31 W, 100 %
2026/10/05 08:58:47.605, 1815 MHz, 9501 MHz, 347.75 W, 90 %
2026/10/05 08:58:48.605, 1830 MHz, 9501 MHz, 348.22 W, 91 %
2026/10/05 08:58:49.606, 1800 MHz, 9501 MHz, 348.65 W, 91 %
2026/10/05 08:58:50.606, 1815 MHz, 9501 MHz, 348.30 W, 91 %
2026/10/05 08:58:51.606, 1845 MHz, 9501 MHz, 348.61 W, 91 %
2026/10/05 08:58:52.606, 1845 MHz, 9501 MHz, 348.06 W, 91 %
2026/10/05 08:58:53.606, 1845 MHz, 9501 MHz, 348.11 W, 91 %
2026/10/05 08:58:54.606, 1845 MHz, 9501 MHz, 347.82 W, 91 %
2026/10/05 08:58:55.607, 1845 MHz, 9501 MHz, 346.74 W, 90 %
2026/10/05 08:58:56.607, 1845 MHz, 9501 MHz, 347.78 W, 90 %
2026/10/05 08:58:57.607, 1830 MHz, 9501 MHz, 347.38 W, 90 %
2026/10/05 08:58:58.607, 1845 MHz, 9501 MHz, 347.50 W, 91 %
2026/10/05 08:58:59.607, 1845 MHz, 9501 MHz, 347.87 W, 91 %
2026/10/05 08:59:00.607, 1845 MHz, 9501 MHz, 347.97 W, 91 %
2026/10/05 08:59:01.608, 1845 MHz, 9501 MHz, 347.99 W, 91 %
2026/10/05 08:59:02.608, 1845 MHz, 9501 MHz, 347.48 W, 91 %
2026/10/05 08:59:03.608, 1845 MHz, 9501 MHz, 346.71 W, 90 %
2026/10/05 08:59:04.608, 1860 MHz, 9501 MHz, 348.02 W, 90 %
2026/10/05 08:59:05.608, 1830 MHz, 9501 MHz, 346.77 W, 90 %
2026/10/05 08:59:06.608, 1785 MHz, 9501 MHz, 348.01 W, 90 %
2026/10/05 08:59:07.608, 1785 MHz, 9501 MHz, 348.35 W, 91 %
2026/10/05 08:59:08.609, 1815 MHz, 9501 MHz, 347.71 W, 91 %
2026/10/05 08:59:09.609, 1845 MHz, 9501 MHz, 348.24 W, 91 %
2026/10/05 08:59:10.609, 1845 MHz, 9501 MHz, 348.55 W, 90 %
2026/10/05 08:59:11.609, 1845 MHz, 9501 MHz, 348.06 W, 91 %
2026/10/05 08:59:12.609, 1815 MHz, 9501 MHz, 347.06 W, 90 %
2026/10/05 08:59:13.610, 1800 MHz, 9501 MHz, 347.83 W, 90 %
2026/10/05 08:59:14.610, 1935 MHz, 9501 MHz, 180.00 W, 0 %
2026/10/05 08:59:15.610, 1935 MHz, 9501 MHz, 160.54 W, 0 %
2026/10/05 08:59:16.610, 1800 MHz, 9501 MHz, 125.74 W, 0 %
2026/10/05 08:59:17.610, 1800 MHz, 9501 MHz, 120.02 W, 0 %
2026/10/05 08:59:18.611, 1800 MHz, 9501 MHz, 136.26 W, 100 %
2026/10/05 08:59:19.611, 1800 MHz, 9501 MHz, 347.22 W, 92 %
2026/10/05 08:59:20.611, 1815 MHz, 9501 MHz, 347.64 W, 90 %
2026/10/05 08:59:21.611, 1800 MHz, 9501 MHz, 347.84 W, 92 %
2026/10/05 08:59:22.611, 1770 MHz, 9501 MHz, 348.35 W, 90 %
2026/10/05 08:59:23.612, 1815 MHz, 9501 MHz, 348.60 W, 90 %
2026/10/05 08:59:24.612, 1815 MHz, 9501 MHz, 347.37 W, 90 %
2026/10/05 08:59:25.612, 1755 MHz, 9501 MHz, 347.93 W, 93 %
2026/10/05 08:59:26.612, 1815 MHz, 9501 MHz, 347.66 W, 90 %
2026/10/05 08:59:27.612, 1785 MHz, 9501 MHz, 348.55 W, 91 %
2026/10/05 08:59:28.612, 1785 MHz, 9501 MHz, 347.35 W, 90 %
2026/10/05 08:59:29.613, 1815 MHz, 9501 MHz, 346.86 W, 90 %
2026/10/05 08:59:30.613, 1770 MHz, 9501 MHz, 349.17 W, 92 %
2026/10/05 08:59:31.613, 1830 MHz, 9501 MHz, 347.30 W, 89 %
2026/10/05 08:59:32.613, 1800 MHz, 9501 MHz, 347.99 W, 90 %
2026/10/05 08:59:33.613, 1785 MHz, 9501 MHz, 348.16 W, 91 %
2026/10/05 08:59:34.614, 1815 MHz, 9501 MHz, 347.83 W, 90 %
2026/10/05 08:59:35.614, 1800 MHz, 9501 MHz, 347.58 W, 91 %
2026/10/05 08:59:36.614, 1800 MHz, 9501 MHz, 348.31 W, 92 %
2026/10/05 08:59:37.614, 1815 MHz, 9501 MHz, 347.89 W, 90 %
2026/10/05 08:59:38.614, 1770 MHz, 9501 MHz, 348.58 W, 90 %
2026/10/05 08:59:39.615, 1815 MHz, 9501 MHz, 347.40 W, 90 %
2026/10/05 08:59:40.615, 1800 MHz, 9501 MHz, 348.02 W, 92 %
2026/10/05 08:59:41.615, 1800 MHz, 9501 MHz, 347.83 W, 92 %
2026/10/05 08:59:42.615, 1800 MHz, 9501 MHz, 347.93 W, 90 %
2026/10/05 08:59:43.615, 1815 MHz, 9501 MHz, 347.40 W, 90 %
2026/10/05 08:59:44.616, 1770 MHz, 9501 MHz, 348.07 W, 90 %
2026/10/05 08:59:45.616, 1815 MHz, 9501 MHz, 348.52 W, 90 %
2026/10/05 08:59:46.616, 1785 MHz, 9501 MHz, 348.56 W, 92 %
2026/10/05 08:59:47.616, 1785 MHz, 9501 MHz, 348.73 W, 90 %
2026/10/05 08:59:48.616, 1800 MHz, 9501 MHz, 348.47 W, 91 %
2026/10/05 08:59:49.616, 1785 MHz, 9501 MHz, 347.95 W, 92 %
2026/10/05 08:59:50.617, 1785 MHz, 9501 MHz, 347.61 W, 92 %
2026/10/05 08:59:51.617, 1740 MHz, 9501 MHz, 348.11 W, 90 %
2026/10/05 08:59:52.617, 1800 MHz, 9501 MHz, 347.95 W, 90 %
2026/10/05 08:59:53.617, 1770 MHz, 9501 MHz, 348.70 W, 92 %
2026/10/05 08:59:54.617, 1815 MHz, 9501 MHz, 347.91 W, 90 %
2026/10/05 08:59:55.618, 1800 MHz, 9501 MHz, 347.55 W, 93 %
2026/10/05 08:59:56.618, 1800 MHz, 9501 MHz, 347.19 W, 91 %
2026/10/05 08:59:57.618, 1815 MHz, 9501 MHz, 347.91 W, 91 %
2026/10/05 08:59:58.618, 1845 MHz, 9501 MHz, 347.86 W, 90 %
2026/10/05 08:59:59.618, 1815 MHz, 9501 MHz, 347.96 W, 90 %
2026/10/05 09:00:00.618, 1800 MHz, 9501 MHz, 348.05 W, 90 %
2026/10/05 09:00:01.619, 1830 MHz, 9501 MHz, 347.82 W, 92 %
2026/10/05 09:00:02.619, 1935 MHz, 9501 MHz, 244.78 W, 0 %
2026/10/05 09:00:03.619, 1935 MHz, 9501 MHz, 166.99 W, 0 %
2026/10/05 09:00:04.619, 1800 MHz, 9501 MHz, 131.38 W, 0 %
2026/10/05 09:00:05.619, 1800 MHz, 9501 MHz, 125.72 W, 0 %
2026/10/05 09:00:06.620, 1800 MHz, 9501 MHz, 120.21 W, 0 %
2026/10/05 09:00:07.620, 1725 MHz, 9501 MHz, 252.60 W, 91 %
2026/10/05 09:00:08.620, 1785 MHz, 9501 MHz, 345.70 W, 92 %
2026/10/05 09:00:09.620, 1770 MHz, 9501 MHz, 346.72 W, 92 %
2026/10/05 09:00:10.620, 1740 MHz, 9501 MHz, 346.97 W, 92 %
2026/10/05 09:00:11.620, 1770 MHz, 9501 MHz, 346.98 W, 93 %
2026/10/05 09:00:12.621, 1785 MHz, 9501 MHz, 346.29 W, 93 %
2026/10/05 09:00:13.621, 1740 MHz, 9501 MHz, 346.75 W, 92 %
2026/10/05 09:00:14.621, 1785 MHz, 9501 MHz, 346.67 W, 93 %
2026/10/05 09:00:15.621, 1740 MHz, 9501 MHz, 347.57 W, 92 %
2026/10/05 09:00:16.621, 1740 MHz, 9501 MHz, 346.51 W, 91 %
2026/10/05 09:00:17.621, 1785 MHz, 9501 MHz, 346.20 W, 92 %
2026/10/05 09:00:18.622, 1830 MHz, 9501 MHz, 347.73 W, 100 %
2026/10/05 09:00:19.622, 1740 MHz, 9501 MHz, 347.44 W, 92 %
2026/10/05 09:00:20.622, 1770 MHz, 9501 MHz, 345.57 W, 93 %
2026/10/05 09:00:21.622, 1785 MHz, 9501 MHz, 347.23 W, 93 %
2026/10/05 09:00:22.622, 1740 MHz, 9501 MHz, 347.46 W, 91 %
2026/10/05 09:00:23.623, 1770 MHz, 9501 MHz, 347.54 W, 93 %
2026/10/05 09:00:24.623, 1785 MHz, 9501 MHz, 346.26 W, 93 %
2026/10/05 09:00:25.623, 1740 MHz, 9501 MHz, 346.50 W, 91 %
2026/10/05 09:00:26.623, 1785 MHz, 9501 MHz, 345.61 W, 92 %
2026/10/05 09:00:27.623, 1785 MHz, 9501 MHz, 345.85 W, 92 %
2026/10/05 09:00:28.624, 1770 MHz, 9501 MHz, 347.64 W, 93 %
2026/10/05 09:00:29.624, 1770 MHz, 9501 MHz, 347.22 W, 92 %
2026/10/05 09:00:30.624, 1770 MHz, 9501 MHz, 347.20 W, 92 %
2026/10/05 09:00:31.624, 1770 MHz, 9501 MHz, 346.49 W, 92 %
2026/10/05 09:00:32.624, 1830 MHz, 9501 MHz, 345.74 W, 90 %
2026/10/05 09:00:33.625, 1830 MHz, 9501 MHz, 347.96 W, 89 %
2026/10/05 09:00:34.625, 1830 MHz, 9501 MHz, 348.00 W, 90 %
2026/10/05 09:00:35.625, 1935 MHz, 9501 MHz, 189.98 W, 0 %
2026/10/05 09:00:36.625, 1935 MHz, 9501 MHz, 170.43 W, 0 %
2026/10/05 09:00:37.625, 1800 MHz, 9501 MHz, 132.32 W, 0 %
2026/10/05 09:00:38.626, 1800 MHz, 9501 MHz, 126.10 W, 0 %
2026/10/05 09:00:39.626, 1845 MHz, 9501 MHz, 132.84 W, 100 %
2026/10/05 09:00:40.626, 1875 MHz, 9501 MHz, 348.91 W, 96 %
2026/10/05 09:00:41.626, 1680 MHz, 9501 MHz, 345.28 W, 92 %
2026/10/05 09:00:42.626, 1725 MHz, 9501 MHz, 343.11 W, 92 %
2026/10/05 09:00:43.626, 1740 MHz, 9501 MHz, 343.62 W, 95 %
2026/10/05 09:00:44.627, 1695 MHz, 9501 MHz, 344.90 W, 92 %
2026/10/05 09:00:45.627, 1725 MHz, 9501 MHz, 345.81 W, 94 %
2026/10/05 09:00:46.627, 1680 MHz, 9501 MHz, 344.27 W, 92 %
2026/10/05 09:00:47.627, 1740 MHz, 9501 MHz, 342.98 W, 94 %
2026/10/05 09:00:48.627, 1725 MHz, 9501 MHz, 342.42 W, 95 %
2026/10/05 09:00:49.627, 1680 MHz, 9501 MHz, 344.35 W, 93 %
2026/10/05 09:00:50.627, 1695 MHz, 9501 MHz, 343.95 W, 92 %
2026/10/05 09:00:51.628, 1740 MHz, 9501 MHz, 344.38 W, 92 %
2026/10/05 09:00:52.628, 1740 MHz, 9501 MHz, 343.76 W, 94 %
2026/10/05 09:00:53.628, 1680 MHz, 9501 MHz, 343.82 W, 92 %
2026/10/05 09:00:54.628, 1740 MHz, 9501 MHz, 343.91 W, 92 %
2026/10/05 09:00:55.628, 1785 MHz, 9501 MHz, 346.17 W, 93 %
2026/10/05 09:00:56.629, 1845 MHz, 9501 MHz, 347.79 W, 92 %
2026/10/05 09:00:57.629, 1830 MHz, 9501 MHz, 348.26 W, 91 %
