2026/10/04 03:36:37.515, 1815 MHz, 9501 MHz, 347.74 W, 90 %
2026/10/04 03:36:38.517, 1935 MHz, 9501 MHz, 199.36 W, 0 %
2026/10/04 03:36:39.517, 1935 MHz, 9501 MHz, 161.03 W, 0 %
2026/10/04 03:36:40.517, 1800 MHz, 9501 MHz, 133.38 W, 0 %
2026/10/04 03:36:41.517, 1800 MHz, 9501 MHz, 127.48 W, 0 %
2026/10/04 03:36:42.518, 1755 MHz, 9501 MHz, 122.10 W, 0 %
2026/10/04 03:36:43.518, 1635 MHz, 9501 MHz, 244.63 W, 100 %
2026/10/04 03:36:44.518, 1665 MHz, 9501 MHz, 347.06 W, 98 %
2026/10/04 03:36:45.518, 1665 MHz, 9501 MHz, 348.19 W, 100 %
2026/10/04 03:36:46.518, 1665 MHz, 9501 MHz, 349.85 W, 100 %
2026/10/04 03:36:47.519, 1650 MHz, 9501 MHz, 347.87 W, 100 %
2026/10/04 03:36:48.519, 1665 MHz, 9501 MHz, 348.10 W, 100 %
2026/10/04 03:36:49.519, 1665 MHz, 9501 MHz, 347.91 W, 100 %
2026/10/04 03:36:50.519, 1650 MHz, 9501 MHz, 347.89 W, 100 %
2026/10/04 03:36:51.520, 1635 MHz, 9501 MHz, 348.89 W, 100 %
2026/10/04 03:36:52.520, 1635 MHz, 9501 MHz, 348.62 W, 100 %
2026/10/04 03:36:53.520, 1635 MHz, 9501 MHz, 347.81 W, 100 %
2026/10/04 03:36:54.520, 1665 MHz, 9501 MHz, 348.04 W, 100 %
2026/10/04 03:36:55.520, 1740 MHz, 9501 MHz, 348.51 W, 100 %
2026/10/04 03:36:56.521, 1650 MHz, 9501 MHz, 346.99 W, 100 %
2026/10/04 03:36:57.521, 1650 MHz, 9501 MHz, 344.67 W, 74 %
2026/10/04 03:36:58.521, 1650 MHz, 9501 MHz, 348.56 W, 100 %
2026/10/04 03:36:59.521, 1665 MHz, 9501 MHz, 348.51 W, 100 %
2026/10/04 03:37:00.522, 1695 MHz, 9501 MHz, 348.08 W, 100 %
2026/10/04 03:37:01.522, 1650 MHz, 9501 MHz, 348.21 W, 100 %
2026/10/04 03:37:02.522, 1650 MHz, 9501 MHz, 348.46 W, 100 %
2026/10/04 03:37:03.522, 1665 MHz, 9501 MHz, 348.35 W, 100 %
2026/10/04 03:37:04.522, 1665 MHz, 9501 MHz, 345.25 W, 100 %
2026/10/04 03:37:05.523, 1650 MHz, 9501 MHz, 348.90 W, 100 %
2026/10/04 03:37:06.523, 1650 MHz, 9501 MHz, 348.64 W, 100 %
2026/10/04 03:37:07.523, 1665 MHz, 9501 MHz, 348.68 W, 100 %
2026/10/04 03:37:08.523, 1740 MHz, 9501 MHz, 348.67 W, 100 %
2026/10/04 03:37:09.524, 1665 MHz, 9501 MHz, 347.93 W, 100 %
2026/10/04 03:37:10.524, 1650 MHz, 9501 MHz, 346.26 W, 100 %
