2026/10/04 08:21:43.075, 270, 405, 16.05, 8, 43, 0x0000000000000001
2026/10/04 08:21:44.087, 210, 405, 15.43, 10, 43, 0x0000000000000001
2026/10/04 08:21:45.088, 210, 405, 15.42, 10, 43, 0x0000000000000001
2026/10/04 08:21:46.088, 210, 405, 15.04, 10, 43, 0x0000000000000001
2026/10/04 08:21:47.088, 210, 405, 14.63, 4, 43, 0x0000000000000001
2026/10/04 08:21:48.088, 210, 405, 13.36, 3, 42, 0x0000000000000001
2026/10/04 08:21:49.088, 1725, 6801, 19.73, 48, 43, 0x0000000000000000
2026/10/04 08:21:50.088, 1845, 6801, 149.00, 97, 54, 0x0000000000000004
2026/10/04 08:21:51.088, 1935, 6801, 208.49, 99, 54, 0x0000000000000000
2026/10/04 08:21:52.088, 1935, 6801, 191.12, 76, 55, 0x0000000000000000
2026/10/04 08:21:53.088, 1935, 6801, 167.15, 58, 53, 0x0000000000000000
2026/10/04 08:21:54.089, 1785, 6801, 170.57, 94, 53, 0x0000000000000004
2026/10/04 08:21:55.089, 1770, 6801, 218.81, 95, 56, 0x0000000000000004
2026/10/04 08:21:56.089, 1875, 6801, 203.48, 87, 57, 0x0000000000000004
2026/10/04 08:21:57.089, 1935, 6801, 193.09, 100, 56, 0x0000000000000004
2026/10/04 08:21:58.089, 1845, 6801, 197.30, 80, 55, 0x0000000000000004
2026/10/04 08:21:59.089, 1860, 6801, 196.76, 80, 57, 0x0000000000000004
2026/10/04 08:22:00.089, 1785, 6801, 187.60, 93, 57, 0x0000000000000004
2026/10/04 08:22:01.089, 1770, 6801, 215.33, 100, 58, 0x0000000000000004
2026/10/04 08:22:02.089, 1920, 6801, 210.39, 100, 58, 0x0000000000000004
2026/10/04 08:22:03.090, 1860, 6801, 197.13, 95, 58, 0x0000000000000004
2026/10/04 08:22:04.090, 1920, 6801, 198.89, 37, 59, 0x0000000000000004
2026/10/04 08:22:05.090, 1740, 6801, 194.24, 100, 60, 0x0000000000000004
2026/10/04 08:22:06.090, 1740, 6801, 219.69, 100, 60, 0x0000000000000004
2026/10/04 08:22:07.090, 1935, 6801, 199.79, 100, 59, 0x0000000000000004
2026/10/04 08:22:08.090, 1935, 6801, 189.08, 100, 59, 0x0000000000000004
2026/10/04 08:22:09.090, 1890, 6801, 206.39, 83, 61, 0x0000000000000004
2026/10/04 08:22:10.090, 1860, 6801, 207.56, 97, 60, 0x0000000000000000
2026/10/04 08:22:11.090, 1800, 6801, 187.70, 76, 58, 0x0000000000000004
2026/10/04 08:22:12.091, 1800, 6801, 212.67, 97, 61, 0x0000000000000004
2026/10/04 08:22:13.091, 1740, 6801, 218.10, 100, 62, 0x0000000000000004
2026/10/04 08:22:14.091, 1845, 6801, 198.12, 79, 60, 0x0000000000000004
2026/10/04 08:22:15.091, 1830, 6801, 193.07, 96, 62, 0x0000000000000004
2026/10/04 08:22:16.091, 1815, 6801, 212.75, 96, 62, 0x0000000000000004
2026/10/04 08:22:17.091, 1920, 6801, 194.80, 99, 61, 0x0000000000000000
2026/10/04 08:22:18.091, 1860, 6801, 200.10, 87, 62, 0x0000000000000004
2026/10/04 08:22:19.091, 1845, 6801, 214.13, 92, 63, 0x0000000000000004
2026/10/04 08:22:20.092, 1920, 6801, 182.88, 100, 61, 0x0000000000000000
2026/10/04 08:22:21.092, 1740, 6801, 202.33, 100, 63, 0x0000000000000004
2026/10/04 08:22:22.092, 1740, 6801, 215.75, 83, 63, 0x0000000000000004
2026/10/04 08:22:23.092, 1755, 6801, 209.41, 96, 63, 0x0000000000000000
2026/10/04 08:22:24.092, 1905, 6801, 193.36, 94, 62, 0x0000000000000004
2026/10/04 08:22:25.092, 1920, 6801, 148.39, 70, 60, 0x0000000000000000
2026/10/04 08:22:26.092, 1845, 6801, 181.02, 79, 62, 0x0000000000000004
2026/10/04 08:22:27.092, 1815, 6801, 195.56, 96, 63, 0x0000000000000004
2026/10/04 08:22:28.092, 1725, 6801, 199.14, 83, 64, 0x0000000000000004
2026/10/04 08:22:29.093, 1725, 6801, 214.31, 100, 64, 0x0000000000000004
2026/10/04 08:22:30.093, 1920, 6801, 204.33, 90, 63, 0x0000000000000004
2026/10/04 08:22:31.093, 1890, 6801, 196.94, 96, 63, 0x0000000000000004
2026/10/04 08:22:32.093, 1845, 6801, 197.35, 95, 63, 0x0000000000000004
2026/10/04 08:22:33.093, 1830, 6801, 201.47, 100, 65, 0x0000000000000004
2026/10/04 08:22:34.093, 1860, 6801, 185.88, 93, 64, 0x0000000000000004
2026/10/04 08:22:35.093, 1725, 6801, 178.41, 75, 64, 0x0000000000000000
2026/10/04 08:22:36.093, 1920, 6801, 207.48, 93, 64, 0x0000000000000004
2026/10/04 08:22:37.094, 1920, 6801, 190.23, 96, 65, 0x0000000000000004
2026/10/04 08:22:38.094, 1860, 6801, 205.44, 93, 65, 0x0000000000000004
2026/10/04 08:22:39.094, 1815, 6801, 213.66, 100, 65, 0x0000000000000004
2026/10/04 08:22:40.094, 1905, 6801, 189.64, 99, 64, 0x0000000000000000
2026/10/04 08:22:41.094, 1800, 6801, 186.48, 79, 65, 0x0000000000000004
2026/10/04 08:22:42.094, 1875, 6801, 209.06, 85, 65, 0x0000000000000004
2026/10/04 08:22:43.094, 1725, 6801, 214.93, 99, 66, 0x0000000000000004
2026/10/04 08:22:44.094, 1800, 6801, 206.58, 93, 66, 0x0000000000000004
2026/10/04 08:22:45.095, 1905, 6801, 180.68, 82, 64, 0x0000000000000000
2026/10/04 08:22:46.095, 1905, 6801, 183.31, 61, 63, 0x0000000000000000
2026/10/04 08:22:47.095, 1860, 6801, 171.37, 92, 66, 0x0000000000000004
2026/10/04 08:22:48.095, 1905, 6801, 195.87, 88, 65, 0x0000000000000000
2026/10/04 08:22:49.095, 1845, 6801, 198.36, 81, 65, 0x0000000000000004
2026/10/04 08:22:50.095, 1770, 6801, 215.38, 100, 67, 0x0000000000000004
2026/10/04 08:22:51.095, 1905, 6801, 208.90, 98, 66, 0x0000000000000000
2026/10/04 08:22:52.095, 1785, 6801, 199.06, 75, 66, 0x0000000000000004
2026/10/04 08:22:53.096, 1905, 6801, 192.88, 71, 66, 0x0000000000000004
2026/10/04 08:22:54.096, 1905, 6801, 194.79, 90, 66, 0x0000000000000000
2026/10/04 08:22:55.096, 1905, 6801, 176.97, 45, 64, 0x0000000000000000
2026/10/04 08:22:56.096, 1785, 6801, 183.84, 92, 67, 0x0000000000000004
2026/10/04 08:22:57.096, 1785, 6801, 202.48, 73, 66, 0x0000000000000004
2026/10/04 08:22:58.096, 1770, 6801, 186.91, 94, 67, 0x0000000000000004
2026/10/04 08:22:59.096, 1770, 6801, 201.69, 96, 67, 0x0000000000000004
2026/10/04 08:23:00.096, 1785, 6801, 210.34, 96, 67, 0x0000000000000000
2026/10/04 08:23:01.096, 1905, 6801, 184.07, 80, 65, 0x0000000000000004
2026/10/04 08:23:02.097, 1830, 6801, 191.16, 92, 67, 0x0000000000000004
2026/10/04 08:23:03.097, 1815, 6801, 213.65, 86, 68, 0x0000000000000004
2026/10/04 08:23:04.097, 1905, 6801, 213.98, 94, 67, 0x0000000000000004
2026/10/04 08:23:05.097, 1740, 6801, 194.91, 94, 68, 0x0000000000000004
2026/10/04 08:23:06.097, 1890, 6801, 199.19, 100, 68, 0x0000000000000004
2026/10/04 08:23:07.097, 1770, 6801, 180.00, 84, 67, 0x0000000000000004
2026/10/04 08:23:08.097, 1875, 6801, 197.15, 71, 66, 0x0000000000000004
2026/10/04 08:23:09.097, 1815, 6801, 206.49, 97, 68, 0x0000000000000004
2026/10/04 08:23:10.098, 1800, 6801, 219.47, 100, 68, 0x0000000000000004
2026/10/04 08:23:11.098, 1905, 6801, 192.50, 91, 67, 0x0000000000000004
2026/10/04 08:23:12.098, 1905, 6801, 191.81, 94, 66, 0x0000000000000004
2026/10/04 08:23:13.098, 1770, 6801, 196.06, 78, 68, 0x0000000000000004
2026/10/04 08:23:14.098, 1875, 6801, 194.89, 93, 67, 0x0000000000000000
2026/10/04 08:23:15.098, 1875, 6801, 195.96, 93, 68, 0x0000000000000004
2026/10/04 08:23:16.100, 1905, 6801, 187.81, 94, 67, 0x0000000000000004
2026/10/04 08:23:17.101, 1875, 6801, 189.51, 71, 67, 0x0000000000000004
2026/10/04 08:23:18.101, 1800, 6801, 210.55, 98, 69, 0x0000000000000004
2026/10/04 08:23:19.101, 1905, 6801, 197.74, 100, 67, 0x0000000000000000
2026/10/04 08:23:20.101, 1770, 6801, 190.56, 95, 68, 0x0000000000000004
2026/10/04 08:23:21.101, 1740, 6801, 206.09, 98, 69, 0x0000000000000004
2026/10/04 08:23:22.101, 1740, 6801, 219.66, 100, 69, 0x0000000000000004
2026/10/04 08:23:23.101, 1755, 6801, 198.23, 94, 68, 0x0000000000000004
2026/10/04 08:23:24.101, 1905, 6801, 201.07, 100, 69, 0x0000000000000004
2026/10/04 08:23:25.102, 1545, 6801, 209.71, 95, 70, 0x0000000000000004
2026/10/04 08:23:26.102, 1770, 6801, 217.24, 100, 69, 0x0000000000000004
2026/10/04 08:23:27.102, 1695, 6801, 206.73, 93, 69, 0x0000000000000004
2026/10/04 08:23:28.102, 1905, 6801, 201.65, 100, 68, 0x0000000000000000
2026/10/04 08:23:29.102, 1710, 6801, 203.93, 97, 69, 0x0000000000000004
2026/10/04 08:23:30.102, 1905, 6801, 210.71, 100, 68, 0x0000000000000000
2026/10/04 08:23:31.102, 1860, 6801, 207.07, 97, 69, 0x0000000000000004
2026/10/04 08:23:32.102, 1905, 6801, 195.62, 96, 68, 0x0000000000000004
2026/10/04 08:23:33.103, 1740, 6801, 199.46, 95, 69, 0x0000000000000004
2026/10/04 08:23:34.103, 1635, 6801, 209.99, 93, 70, 0x0000000000000000
2026/10/04 08:23:35.103, 1650, 6801, 201.48, 95, 69, 0x0000000000000004
2026/10/04 08:23:36.103, 1890, 6801, 197.10, 79, 67, 0x0000000000000004
2026/10/04 08:23:37.103, 1695, 6801, 206.78, 95, 70, 0x0000000000000004
2026/10/04 08:23:38.103, 1860, 6801, 213.18, 95, 69, 0x0000000000000004
2026/10/04 08:23:39.103, 1905, 6801, 195.69, 100, 68, 0x0000000000000000
2026/10/04 08:23:40.103, 1650, 6801, 205.10, 100, 70, 0x0000000000000004
2026/10/04 08:23:41.103, 1680, 6801, 201.41, 97, 69, 0x0000000000000004
2026/10/04 08:23:42.104, 1680, 6801, 218.47, 99, 70, 0x0000000000000004
2026/10/04 08:23:43.104, 1785, 6801, 214.15, 100, 70, 0x0000000000000004
2026/10/04 08:23:44.104, 1650, 6801, 207.93, 100, 70, 0x0000000000000004
2026/10/04 08:23:45.104, 1905, 6801, 207.88, 100, 69, 0x0000000000000000
2026/10/04 08:23:46.104, 1890, 6801, 213.91, 94, 69, 0x0000000000000004
2026/10/04 08:23:47.104, 1905, 6801, 169.22, 82, 68, 0x0000000000000000
2026/10/04 08:23:48.104, 1875, 6801, 187.73, 97, 70, 0x0000000000000004
2026/10/04 08:23:49.104, 1875, 6801, 207.22, 100, 70, 0x0000000000000004
2026/10/04 08:23:50.104, 1905, 6801, 209.35, 93, 68, 0x0000000000000004
2026/10/04 08:23:51.105, 1845, 6801, 195.46, 94, 69, 0x0000000000000004
2026/10/04 08:23:52.105, 1830, 6801, 216.61, 88, 70, 0x0000000000000004
2026/10/04 08:23:53.105, 1815, 6801, 217.38, 88, 70, 0x0000000000000004
2026/10/04 08:23:54.105, 1800, 6801, 202.86, 75, 70, 0x0000000000000004
2026/10/04 08:23:55.105, 1800, 6801, 206.76, 100, 70, 0x0000000000000004
2026/10/04 08:23:56.105, 1800, 6801, 211.55, 100, 71, 0x0000000000000004
2026/10/04 08:23:57.105, 1785, 6801, 206.54, 100, 71, 0x0000000000000004
2026/10/04 08:23:58.105, 1905, 6801, 208.00, 100, 69, 0x0000000000000004
2026/10/04 08:23:59.105, 1815, 6801, 198.02, 80, 71, 0x0000000000000004
2026/10/04 08:24:00.106, 1905, 6801, 195.64, 96, 69, 0x0000000000000004
2026/10/04 08:24:01.106, 1785, 6801, 199.29, 100, 70, 0x0000000000000004
2026/10/04 08:24:02.106, 1875, 6801, 195.41, 79, 69, 0x0000000000000004
2026/10/04 08:24:03.106, 1815, 6801, 209.24, 99, 71, 0x0000000000000004
2026/10/04 08:24:04.106, 1905, 6801, 203.09, 91, 69, 0x0000000000000004
2026/10/04 08:24:05.106, 1800, 6801, 202.85, 100, 71, 0x0000000000000004
2026/10/04 08:24:06.106, 1905, 6801, 213.43, 100, 70, 0x0000000000000004
2026/10/04 08:24:07.106, 1815, 6801, 191.79, 89, 70, 0x0000000000000004
2026/10/04 08:24:08.106, 1815, 6801, 217.96, 89, 70, 0x0000000000000004
2026/10/04 08:24:09.107, 1785, 6801, 201.04, 100, 69, 0x0000000000000004
2026/10/04 08:24:10.107, 1905, 6801, 202.32, 100, 69, 0x0000000000000004
2026/10/04 08:24:11.107, 1800, 6801, 201.23, 91, 71, 0x0000000000000004
2026/10/04 08:24:12.107, 1785, 6801, 212.40, 96, 71, 0x0000000000000004
2026/10/04 08:24:13.107, 1815, 6801, 196.58, 80, 70, 0x0000000000000004
2026/10/04 08:24:14.107, 1815, 6801, 206.52, 89, 70, 0x0000000000000004
2026/10/04 08:24:15.107, 1860, 6801, 216.03, 100, 71, 0x0000000000000004
2026/10/04 08:24:16.107, 1785, 6801, 206.10, 99, 71, 0x0000000000000004
2026/10/04 08:24:17.108, 1785, 6801, 202.96, 100, 71, 0x0000000000000004
2026/10/04 08:24:18.108, 1890, 6801, 212.68, 100, 70, 0x0000000000000004
2026/10/04 08:24:19.108, 1755, 6801, 214.12, 100, 71, 0x0000000000000004
2026/10/04 08:24:20.108, 1680, 6801, 212.29, 96, 71, 0x0000000000000004
2026/10/04 08:24:21.108, 1830, 6801, 86.04, 98, 66, 0x0000000000000000
2026/10/04 08:24:22.108, 1755, 6801, 205.58, 87, 70, 0x0000000000000004
2026/10/04 08:24:23.108, 1905, 6801, 215.08, 100, 70, 0x0000000000000004
2026/10/04 08:24:24.108, 1815, 6801, 218.26, 100, 71, 0x0000000000000004
2026/10/04 08:24:25.109, 1695, 6801, 218.92, 100, 71, 0x0000000000000004
2026/10/04 08:24:26.109, 1740, 6801, 217.18, 97, 71, 0x0000000000000004
2026/10/04 08:24:27.109, 1815, 6801, 200.38, 100, 71, 0x0000000000000004
2026/10/04 08:24:28.109, 1785, 6801, 219.64, 98, 71, 0x0000000000000004
2026/10/04 08:24:29.109, 1800, 6801, 217.39, 97, 70, 0x0000000000000004
2026/10/04 08:24:30.109, 1770, 6801, 217.13, 100, 71, 0x0000000000000004
2026/10/04 08:24:31.109, 1800, 6801, 219.58, 100, 71, 0x0000000000000004
2026/10/04 08:24:32.109, 1800, 6801, 219.48, 100, 71, 0x0000000000000004
2026/10/04 08:24:33.110, 1785, 6801, 219.37, 100, 72, 0x0000000000000004
2026/10/04 08:24:34.110, 1545, 6801, 219.41, 100, 72, 0x0000000000000004
2026/10/04 08:24:35.110, 1725, 6801, 218.12, 97, 72, 0x0000000000000004
2026/10/04 08:24:36.110, 1800, 6801, 218.38, 100, 72, 0x0000000000000004
2026/10/04 08:24:37.110, 1800, 6801, 219.60, 100, 72, 0x0000000000000004
2026/10/04 08:24:38.110, 1800, 6801, 219.35, 100, 72, 0x0000000000000004
2026/10/04 08:24:39.110, 1770, 6801, 219.36, 100, 72, 0x0000000000000004
2026/10/04 08:24:40.110, 1545, 6801, 219.75, 100, 72, 0x0000000000000004
2026/10/04 08:24:41.110, 1605, 6801, 219.16, 100, 72, 0x0000000000000004
2026/10/04 08:24:42.111, 1785, 6801, 217.09, 100, 72, 0x0000000000000004
2026/10/04 08:24:43.111, 1800, 6801, 219.22, 100, 72, 0x0000000000000004
2026/10/04 08:24:44.111, 1800, 6801, 219.30, 100, 72, 0x0000000000000004
2026/10/04 08:24:45.111, 1800, 6801, 219.60, 100, 72, 0x0000000000000004
2026/10/04 08:24:46.111, 1800, 6801, 219.54, 100, 72, 0x0000000000000004
2026/10/04 08:24:47.111, 1770, 6801, 219.22, 100, 72, 0x0000000000000004
2026/10/04 08:24:48.111, 1770, 6801, 218.38, 100, 72, 0x0000000000000004
2026/10/04 08:24:49.111, 1815, 6801, 219.61, 100, 72, 0x0000000000000004
2026/10/04 08:24:50.111, 1815, 6801, 219.56, 100, 73, 0x0000000000000004
2026/10/04 08:24:51.112, 1815, 6801, 219.73, 100, 72, 0x0000000000000004
2026/10/04 08:24:52.112, 1815, 6801, 219.72, 100, 72, 0x0000000000000004
2026/10/04 08:24:53.112, 1800, 6801, 219.69, 100, 73, 0x0000000000000004
2026/10/04 08:24:54.112, 1815, 6801, 219.44, 100, 72, 0x0000000000000004
2026/10/04 08:24:55.112, 1770, 6801, 219.31, 100, 72, 0x0000000000000004
2026/10/04 08:24:56.112, 1770, 6801, 219.37, 100, 73, 0x0000000000000004
2026/10/04 08:24:57.112, 1845, 6801, 219.41, 100, 73, 0x0000000000000004
2026/10/04 08:24:58.112, 1770, 6801, 215.60, 100, 72, 0x0000000000000004
2026/10/04 08:24:59.112, 1770, 6801, 219.13, 100, 73, 0x0000000000000004
2026/10/04 08:25:00.113, 1770, 6801, 219.19, 100, 73, 0x0000000000000004
2026/10/04 08:25:01.113, 1740, 6801, 219.26, 100, 73, 0x0000000000000004
2026/10/04 08:25:02.113, 1785, 6801, 216.04, 100, 73, 0x0000000000000004
2026/10/04 08:25:03.113, 1785, 6801, 219.67, 100, 73, 0x0000000000000004
2026/10/04 08:25:04.113, 1785, 6801, 219.42, 100, 73, 0x0000000000000004
2026/10/04 08:25:05.113, 1785, 6801, 219.51, 100, 73, 0x0000000000000004
2026/10/04 08:25:06.113, 1785, 6801, 218.45, 100, 73, 0x0000000000000004
2026/10/04 08:25:07.113, 1785, 6801, 213.59, 75, 72, 0x0000000000000004
2026/10/04 08:25:08.114, 1770, 6801, 215.44, 100, 73, 0x0000000000000004
2026/10/04 08:25:09.114, 1770, 6801, 218.77, 100, 73, 0x0000000000000004
2026/10/04 08:25:10.114, 1755, 6801, 219.24, 100, 73, 0x0000000000000004
2026/10/04 08:25:11.114, 1770, 6801, 219.27, 100, 73, 0x0000000000000004
2026/10/04 08:25:12.114, 1770, 6801, 219.17, 100, 73, 0x0000000000000004
2026/10/04 08:25:13.114, 1770, 6801, 219.27, 100, 73, 0x0000000000000004
2026/10/04 08:25:14.114, 1665, 6801, 217.09, 77, 73, 0x0000000000000004
2026/10/04 08:25:15.114, 1770, 6801, 216.51, 100, 73, 0x0000000000000004
2026/10/04 08:25:16.114, 1770, 6801, 219.84, 100, 73, 0x0000000000000004
2026/10/04 08:25:17.115, 1785, 6801, 219.38, 100, 73, 0x0000000000000004
2026/10/04 08:25:18.115, 1770, 6801, 219.15, 100, 73, 0x0000000000000004
2026/10/04 08:25:19.115, 1770, 6801, 219.29, 100, 73, 0x0000000000000004
2026/10/04 08:25:20.115, 1770, 6801, 219.40, 100, 73, 0x0000000000000004
2026/10/04 08:25:21.115, 1770, 6801, 219.73, 100, 73, 0x0000000000000004
2026/10/04 08:25:22.115, 1770, 6801, 219.16, 100, 73, 0x0000000000000004
2026/10/04 08:25:23.115, 1770, 6801, 219.30, 100, 73, 0x0000000000000004
2026/10/04 08:25:24.115, 1545, 6801, 216.86, 100, 73, 0x0000000000000004
2026/10/04 08:25:25.116, 1770, 6801, 215.91, 100, 73, 0x0000000000000004
2026/10/04 08:25:26.116, 1755, 6801, 216.76, 100, 73, 0x0000000000000004
2026/10/04 08:25:27.116, 1755, 6801, 218.60, 100, 73, 0x0000000000000004
2026/10/04 08:25:28.116, 1755, 6801, 219.10, 100, 73, 0x0000000000000004
2026/10/04 08:25:29.116, 1755, 6801, 219.24, 100, 73, 0x0000000000000004
2026/10/04 08:25:30.116, 1770, 6801, 219.34, 100, 73, 0x0000000000000004
2026/10/04 08:25:31.116, 1755, 6801, 219.45, 100, 73, 0x0000000000000004
2026/10/04 08:25:32.116, 1770, 6801, 219.14, 100, 74, 0x0000000000000004
2026/10/04 08:25:33.117, 1770, 6801, 219.37, 100, 73, 0x0000000000000004
2026/10/04 08:25:34.117, 1770, 6801, 219.59, 100, 73, 0x0000000000000004
2026/10/04 08:25:35.117, 1770, 6801, 219.53, 100, 74, 0x0000000000000004
2026/10/04 08:25:36.117, 1770, 6801, 219.44, 100, 73, 0x0000000000000004
2026/10/04 08:25:37.117, 1755, 6801, 219.50, 100, 74, 0x0000000000000004
2026/10/04 08:25:38.117, 1755, 6801, 219.42, 100, 74, 0x0000000000000004
2026/10/04 08:25:39.117, 1770, 6801, 219.38, 100, 74, 0x0000000000000004
2026/10/04 08:25:40.117, 1770, 6801, 219.39, 100, 74, 0x0000000000000004
2026/10/04 08:25:41.117, 1770, 6801, 219.63, 100, 74, 0x0000000000000004
2026/10/04 08:25:42.118, 1710, 6801, 217.95, 100, 74, 0x0000000000000004
2026/10/04 08:25:43.118, 1710, 6801, 220.03, 100, 74, 0x0000000000000004
2026/10/04 08:25:44.118, 1560, 6801, 217.11, 100, 74, 0x0000000000000004
2026/10/04 08:25:45.118, 1905, 6801, 191.71, 67, 70, 0x0000000000000004
2026/10/04 08:25:46.118, 1890, 6801, 179.91, 87, 73, 0x0000000000000004
2026/10/04 08:25:47.118, 1800, 6801, 214.96, 96, 74, 0x0000000000000004
2026/10/04 08:25:48.118, 1905, 6801, 190.04, 1, 70, 0x0000000000000004
2026/10/04 08:25:49.118, 1755, 6801, 200.58, 100, 73, 0x0000000000000004
2026/10/04 08:25:50.119, 1800, 6801, 203.06, 97, 73, 0x0000000000000004
2026/10/04 08:25:51.119, 1845, 6801, 213.66, 98, 73, 0x0000000000000004
2026/10/04 08:25:52.119, 1890, 6801, 208.78, 67, 73, 0x0000000000000004
2026/10/04 08:25:53.119, 1755, 6801, 206.28, 96, 74, 0x0000000000000004
2026/10/04 08:25:54.119, 1770, 6801, 210.76, 96, 73, 0x0000000000000004
2026/10/04 08:25:55.119, 1860, 6801, 217.57, 99, 72, 0x0000000000000004
2026/10/04 08:25:56.119, 1905, 6801, 199.71, 83, 73, 0x0000000000000004
2026/10/04 08:25:57.119, 1830, 6801, 216.13, 97, 74, 0x0000000000000004
2026/10/04 08:25:58.120, 1845, 6801, 214.64, 86, 73, 0x0000000000000004
2026/10/04 08:25:59.120, 1905, 6801, 212.55, 97, 71, 0x0000000000000004
2026/10/04 08:26:00.120, 1770, 6801, 210.12, 100, 73, 0x0000000000000004
2026/10/04 08:26:01.120, 1755, 6801, 216.63, 100, 74, 0x0000000000000004
2026/10/04 08:26:02.120, 1755, 6801, 214.12, 100, 74, 0x0000000000000004
2026/10/04 08:26:03.120, 1755, 6801, 209.19, 99, 73, 0x0000000000000004
2026/10/04 08:26:04.120, 1740, 6801, 219.84, 100, 73, 0x0000000000000004
2026/10/04 08:26:05.120, 1890, 6801, 205.09, 54, 73, 0x0000000000000004
2026/10/04 08:26:06.121, 1815, 6801, 207.76, 97, 73, 0x0000000000000004
2026/10/04 08:26:07.121, 1815, 6801, 212.66, 98, 73, 0x0000000000000004
2026/10/04 08:26:08.121, 1755, 6801, 215.80, 100, 73, 0x0000000000000004
2026/10/04 08:26:09.121, 1740, 6801, 191.05, 97, 73, 0x0000000000000004
2026/10/04 08:26:10.121, 1755, 6801, 215.10, 100, 73, 0x0000000000000004
2026/10/04 08:26:11.121, 1740, 6801, 212.64, 100, 73, 0x0000000000000004
2026/10/04 08:26:12.121, 1725, 6801, 211.31, 80, 73, 0x0000000000000004
2026/10/04 08:26:13.121, 1830, 6801, 206.42, 100, 73, 0x0000000000000004
2026/10/04 08:26:14.122, 1815, 6801, 217.54, 97, 73, 0x0000000000000004
2026/10/04 08:26:15.122, 1800, 6801, 217.71, 100, 74, 0x0000000000000004
2026/10/04 08:26:16.122, 1755, 6801, 215.99, 100, 74, 0x0000000000000004
2026/10/04 08:26:17.122, 1890, 6801, 215.66, 95, 73, 0x0000000000000004
2026/10/04 08:26:18.122, 1890, 6801, 210.34, 100, 73, 0x0000000000000004
2026/10/04 08:26:19.122, 1680, 6801, 218.09, 100, 73, 0x0000000000000004
2026/10/04 08:26:20.122, 1725, 6801, 214.23, 100, 74, 0x0000000000000004
2026/10/04 08:26:21.122, 1725, 6801, 218.88, 98, 74, 0x0000000000000004
2026/10/04 08:26:22.123, 1905, 6801, 129.24, 1, 67, 0x0000000000000000
2026/10/04 08:26:23.123, 1905, 7001, 60.76, 1, 66, 0x0000000000000000
2026/10/04 08:26:24.123, 615, 810, 52.76, 1, 64, 0x0000000000000001
2026/10/04 08:26:25.123, 405, 405, 22.48, 3, 63, 0x0000000000000001
2026/10/04 08:26:26.123, 1725, 6801, 26.37, 15, 63, 0x0000000000000000
2026/10/04 08:26:27.123, 1905, 6801, 137.54, 79, 69, 0x0000000000000004
2026/10/04 08:26:28.123, 1890, 6801, 194.05, 75, 70, 0x0000000000000004
2026/10/04 08:26:29.123, 1770, 6801, 185.05, 96, 70, 0x0000000000000004
2026/10/04 08:26:30.124, 1845, 6801, 201.10, 81, 71, 0x0000000000000004
2026/10/04 08:26:31.124, 1830, 6801, 204.31, 91, 70, 0x0000000000000004
2026/10/04 08:26:32.124, 1890, 6801, 208.78, 99, 71, 0x0000000000000004
2026/10/04 08:26:33.124, 1860, 6801, 201.19, 83, 71, 0x0000000000000004
2026/10/04 08:26:34.124, 1815, 6801, 197.85, 97, 71, 0x0000000000000004
2026/10/04 08:26:35.124, 1785, 6801, 202.91, 85, 70, 0x0000000000000004
2026/10/04 08:26:36.124, 1890, 6801, 211.36, 100, 71, 0x0000000000000004
2026/10/04 08:26:37.124, 1815, 6801, 198.71, 98, 70, 0x0000000000000004
2026/10/04 08:26:38.124, 1890, 6801, 181.23, 95, 69, 0x0000000000000004
2026/10/04 08:26:39.125, 1905, 6801, 197.15, 4, 67, 0x0000000000000000
2026/10/04 08:26:40.125, 1740, 6801, 200.26, 98, 72, 0x0000000000000004
2026/10/04 08:26:41.125, 1725, 6801, 217.10, 100, 72, 0x0000000000000004
2026/10/04 08:26:42.125, 1710, 6801, 217.20, 100, 72, 0x0000000000000004
2026/10/04 08:26:43.125, 1695, 6801, 214.28, 100, 72, 0x0000000000000004
2026/10/04 08:26:44.125, 1695, 6801, 216.90, 98, 72, 0x0000000000000004
2026/10/04 08:26:45.125, 1680, 6801, 216.93, 100, 72, 0x0000000000000004
2026/10/04 08:26:46.125, 1695, 6801, 214.96, 100, 72, 0x0000000000000004
2026/10/04 08:26:47.126, 1620, 6801, 221.21, 100, 72, 0x0000000000000004
2026/10/04 08:26:48.126, 1665, 6801, 216.89, 100, 72, 0x0000000000000004
2026/10/04 08:26:49.126, 1815, 6801, 217.43, 98, 72, 0x0000000000000004
2026/10/04 08:26:50.126, 1695, 6801, 207.12, 100, 72, 0x0000000000000004
2026/10/04 08:26:51.126, 1845, 6801, 216.40, 100, 73, 0x0000000000000004
2026/10/04 08:26:52.126, 1695, 6801, 218.20, 97, 73, 0x0000000000000004
2026/10/04 08:26:53.126, 1680, 6801, 219.66, 100, 73, 0x0000000000000004
2026/10/04 08:26:54.126, 1680, 6801, 219.51, 100, 73, 0x0000000000000004
2026/10/04 08:26:55.126, 1845, 6801, 215.80, 96, 72, 0x0000000000000004
2026/10/04 08:26:56.127, 1830, 6801, 215.85, 100, 73, 0x0000000000000004
2026/10/04 08:26:57.127, 1875, 6801, 218.35, 100, 73, 0x0000000000000004
2026/10/04 08:26:58.127, 1890, 6801, 197.27, 76, 72, 0x0000000000000004
2026/10/04 08:26:59.127, 1860, 6801, 196.68, 82, 72, 0x0000000000000004
2026/10/04 08:27:00.127, 1860, 6801, 188.32, 93, 71, 0x0000000000000004
2026/10/04 08:27:01.127, 1830, 6801, 208.16, 99, 72, 0x0000000000000004
2026/10/04 08:27:02.127, 1770, 6801, 207.22, 93, 72, 0x0000000000000004
2026/10/04 08:27:03.127, 1710, 6801, 207.74, 98, 73, 0x0000000000000004
2026/10/04 08:27:04.128, 1905, 6801, 128.20, 1, 66, 0x0000000000000000
