2026/10/04 08:15:56.497, 210, 405, 13.35, 3, 39, 0x0000000000000001
2026/10/04 08:15:57.509, 210, 405, 13.02, 3, 39, 0x0000000000000001
2026/10/04 08:15:58.509, 210, 405, 13.03, 3, 39, 0x0000000000000001
2026/10/04 08:15:59.510, 210, 405, 13.07, 4, 39, 0x0000000000000001
2026/10/04 08:16:00.510, 210, 405, 13.14, 3, 39, 0x0000000000000001
2026/10/04 08:16:01.510, 210, 405, 13.42, 4, 39, 0x0000000000000001
2026/10/04 08:16:02.510, 210, 405, 13.40, 3, 39, 0x0000000000000001
2026/10/04 08:16:03.510, 210, 405, 13.54, 3, 39, 0x0000000000000001
2026/10/04 08:16:04.510, 210, 405, 13.59, 3, 39, 0x0000000000000001
2026/10/04 08:16:05.510, 1725, 6801, 18.09, 11, 40, 0x0000000000000000
2026/10/04 08:16:06.510, 1725, 6801, 43.83, 8, 41, 0x0000000000000000
2026/10/04 08:16:07.510, 1725, 6801, 43.86, 2, 41, 0x0000000000000000
2026/10/04 08:16:08.511, 1725, 6801, 42.86, 3, 41, 0x0000000000000000
2026/10/04 08:16:09.511, 1725, 6801, 42.91, 2, 41, 0x0000000000000000
2026/10/04 08:16:10.511, 1725, 6801, 42.80, 2, 41, 0x0000000000000000
2026/10/04 08:16:11.511, 1725, 6801, 43.22, 4, 42, 0x0000000000000000
2026/10/04 08:16:12.511, 1725, 6801, 43.19, 4, 42, 0x0000000000000000
2026/10/04 08:16:13.511, 1725, 6801, 43.29, 1, 42, 0x0000000000000000
2026/10/04 08:16:14.511, 1920, 6801, 45.72, 84, 43, 0x0000000000000000
2026/10/04 08:16:15.512, 1920, 6801, 71.98, 91, 44, 0x0000000000000000
2026/10/04 08:16:16.512, 1920, 6801, 80.94, 53, 44, 0x0000000000000000
2026/10/04 08:16:17.512, 1920, 6801, 66.74, 88, 45, 0x0000000000000000
2026/10/04 08:16:18.512, 1920, 6801, 80.41, 34, 44, 0x0000000000000000
2026/10/04 08:16:19.512, 1920, 6801, 67.35, 84, 46, 0x0000000000000000
2026/10/04 08:16:20.512, 1920, 6801, 76.47, 86, 46, 0x0000000000000000
2026/10/04 08:16:21.512, 1920, 6801, 70.13, 54, 45, 0x0000000000000000
2026/10/04 08:16:22.512, 1920, 6801, 80.39, 88, 46, 0x0000000000000000
2026/10/04 08:16:23.513, 1920, 6801, 67.55, 87, 46, 0x0000000000000000
2026/10/04 08:16:24.513, 1920, 6801, 75.23, 91, 46, 0x0000000000000000
2026/10/04 08:16:25.513, 1920, 6801, 74.15, 1, 45, 0x0000000000000000
2026/10/04 08:16:26.513, 1920, 6801, 72.96, 100, 46, 0x0000000000000000
2026/10/04 08:16:27.513, 1920, 6801, 73.63, 72, 47, 0x0000000000000000
2026/10/04 08:16:28.513, 1920, 6801, 71.78, 6, 46, 0x0000000000000000
2026/10/04 08:16:29.513, 1920, 6801, 53.83, 1, 45, 0x0000000000000000
2026/10/04 08:16:30.514, 1725, 6801, 50.98, 4, 45, 0x0000000000000000
2026/10/04 08:16:31.514, 1725, 6801, 44.26, 6, 45, 0x0000000000000000
2026/10/04 08:16:32.514, 1725, 6801, 44.77, 6, 45, 0x0000000000000000
2026/10/04 08:16:33.514, 1725, 6801, 44.75, 6, 45, 0x0000000000000000
2026/10/04 08:16:34.514, 1725, 6801, 45.07, 6, 45, 0x0000000000000000
2026/10/04 08:16:35.514, 1725, 6801, 45.81, 9, 45, 0x0000000000000000
2026/10/04 08:16:36.515, 1725, 6801, 44.80, 4, 45, 0x0000000000000000
2026/10/04 08:16:37.515, 1725, 6801, 43.78, 1, 45, 0x0000000000000000
2026/10/04 08:16:38.515, 1725, 6801, 43.89, 4, 45, 0x0000000000000000
2026/10/04 08:16:39.515, 1725, 6801, 43.92, 1, 45, 0x0000000000000000
2026/10/04 08:16:40.515, 1725, 6801, 43.71, 1, 45, 0x0000000000000000
2026/10/04 08:16:41.515, 1725, 6801, 43.79, 1, 45, 0x0000000000000000
2026/10/04 08:16:42.516, 1725, 6801, 43.56, 1, 45, 0x0000000000000000
2026/10/04 08:16:43.516, 1725, 6801, 43.95, 1, 45, 0x0000000000000000
2026/10/04 08:16:44.516, 1725, 6801, 43.64, 1, 46, 0x0000000000000000
2026/10/04 08:16:45.517, 1725, 6801, 43.98, 1, 46, 0x0000000000000000
2026/10/04 08:16:46.517, 1725, 6801, 44.23, 6, 46, 0x0000000000000000
2026/10/04 08:16:47.517, 1725, 6801, 44.47, 1, 46, 0x0000000000000000
2026/10/04 08:16:48.517, 1725, 6801, 43.81, 10, 46, 0x0000000000000000
2026/10/04 08:16:49.517, 1725, 6801, 44.83, 5, 46, 0x0000000000000000
2026/10/04 08:16:50.518, 1725, 6801, 44.00, 10, 46, 0x0000000000000000
2026/10/04 08:16:51.518, 1725, 6801, 44.13, 10, 46, 0x0000000000000000
2026/10/04 08:16:52.518, 1725, 6801, 45.06, 5, 46, 0x0000000000000000
2026/10/04 08:16:53.518, 1725, 6801, 43.95, 1, 46, 0x0000000000000000
2026/10/04 08:16:54.519, 1725, 6801, 44.53, 6, 46, 0x0000000000000000
2026/10/04 08:16:55.519, 1725, 6801, 44.89, 3, 46, 0x0000000000000000
2026/10/04 08:16:56.519, 1725, 6801, 44.01, 1, 46, 0x0000000000000000
2026/10/04 08:16:57.520, 1725, 6801, 45.38, 8, 47, 0x0000000000000000
2026/10/04 08:16:58.520, 1725, 6801, 44.34, 1, 46, 0x0000000000000000
2026/10/04 08:16:59.520, 1725, 6801, 45.08, 6, 47, 0x0000000000000000
2026/10/04 08:17:00.520, 1725, 6801, 44.93, 1, 47, 0x0000000000000000
2026/10/04 08:17:01.520, 1725, 6801, 44.32, 5, 47, 0x0000000000000000
2026/10/04 08:17:02.520, 1725, 6801, 44.83, 7, 47, 0x0000000000000000
2026/10/04 08:17:03.521, 1725, 6801, 44.86, 1, 47, 0x0000000000000000
2026/10/04 08:17:04.521, 1725, 6801, 44.07, 1, 47, 0x0000000000000000
2026/10/04 08:17:05.525, 1725, 6801, 45.18, 10, 47, 0x0000000000000000
2026/10/04 08:17:06.525, 1725, 6801, 44.81, 1, 47, 0x0000000000000000
2026/10/04 08:17:07.526, 1725, 6801, 43.96, 21, 47, 0x0000000000000000
2026/10/04 08:17:08.527, 1725, 6801, 43.90, 1, 47, 0x0000000000000000
2026/10/04 08:17:09.527, 1725, 6801, 44.14, 7, 47, 0x0000000000000000
2026/10/04 08:17:10.527, 1725, 6801, 47.27, 26, 48, 0x0000000000000000
2026/10/04 08:17:11.528, 1725, 6801, 48.29, 10, 48, 0x0000000000000000
2026/10/04 08:17:12.528, 1725, 6801, 48.52, 24, 48, 0x0000000000000000
2026/10/04 08:17:13.528, 1725, 6801, 48.46, 9, 48, 0x0000000000000000
2026/10/04 08:17:14.528, 1725, 6801, 48.78, 25, 48, 0x0000000000000000
2026/10/04 08:17:15.528, 1725, 6801, 48.66, 8, 48, 0x0000000000000000
2026/10/04 08:17:16.528, 1725, 6801, 48.71, 7, 48, 0x0000000000000000
2026/10/04 08:17:17.528, 1725, 6801, 48.32, 8, 48, 0x0000000000000000
2026/10/04 08:17:18.528, 1725, 6801, 48.75, 18, 48, 0x0000000000000000
2026/10/04 08:17:19.529, 1725, 6801, 48.13, 1, 48, 0x0000000000000000
2026/10/04 08:17:20.529, 1725, 6801, 47.24, 1, 48, 0x0000000000000000
2026/10/04 08:17:21.529, 1725, 6801, 47.36, 1, 48, 0x0000000000000000
2026/10/04 08:17:22.529, 1725, 6801, 47.17, 34, 48, 0x0000000000000000
2026/10/04 08:17:23.529, 1725, 6801, 47.35, 1, 48, 0x0000000000000000
2026/10/04 08:17:24.530, 1725, 6801, 46.17, 1, 48, 0x0000000000000000
2026/10/04 08:17:25.530, 1725, 6801, 44.79, 1, 48, 0x0000000000000000
2026/10/04 08:17:26.530, 1725, 6801, 44.60, 4, 48, 0x0000000000000000
2026/10/04 08:17:27.530, 1725, 6801, 45.67, 1, 48, 0x0000000000000000
2026/10/04 08:17:28.531, 1725, 6801, 44.69, 1, 49, 0x0000000000000000
2026/10/04 08:17:29.532, 1725, 6801, 44.68, 3, 49, 0x0000000000000000
2026/10/04 08:17:30.532, 1725, 6801, 45.72, 1, 49, 0x0000000000000000
2026/10/04 08:17:31.532, 1725, 6801, 44.50, 1, 49, 0x0000000000000000
2026/10/04 08:17:32.532, 1725, 6801, 45.27, 18, 49, 0x0000000000000000
2026/10/04 08:17:33.532, 1725, 6801, 45.83, 1, 49, 0x0000000000000000
2026/10/04 08:17:34.532, 1725, 6801, 44.67, 1, 49, 0x0000000000000000
2026/10/04 08:17:35.533, 1725, 6801, 45.80, 3, 49, 0x0000000000000000
2026/10/04 08:17:36.533, 1725, 6801, 45.06, 1, 49, 0x0000000000000000
2026/10/04 08:17:37.533, 1725, 6801, 44.49, 1, 49, 0x0000000000000000
2026/10/04 08:17:38.533, 1725, 6801, 46.10, 23, 49, 0x0000000000000000
2026/10/04 08:17:39.533, 1725, 6801, 45.02, 1, 49, 0x0000000000000000
2026/10/04 08:17:40.533, 1725, 6801, 44.69, 1, 49, 0x0000000000000000
2026/10/04 08:17:41.534, 1725, 6801, 46.08, 26, 49, 0x0000000000000000
2026/10/04 08:17:42.534, 1725, 6801, 45.23, 1, 49, 0x0000000000000000
2026/10/04 08:17:43.534, 1725, 6801, 45.21, 1, 49, 0x0000000000000000
2026/10/04 08:17:44.534, 1725, 6801, 46.28, 6, 49, 0x0000000000000000
2026/10/04 08:17:45.534, 1725, 6801, 45.35, 1, 49, 0x0000000000000000
2026/10/04 08:17:46.534, 1725, 6801, 44.79, 1, 50, 0x0000000000000000
2026/10/04 08:17:47.534, 1725, 6801, 46.21, 12, 50, 0x0000000000000000
2026/10/04 08:17:48.535, 1725, 6801, 45.84, 43, 50, 0x0000000000000000
2026/10/04 08:17:49.535, 1725, 6801, 45.90, 5, 50, 0x0000000000000000
2026/10/04 08:17:50.535, 1725, 6801, 45.70, 14, 50, 0x0000000000000000
2026/10/04 08:17:51.535, 1725, 6801, 46.08, 1, 50, 0x0000000000000000
2026/10/04 08:17:52.536, 1725, 6801, 45.21, 1, 50, 0x0000000000000000
2026/10/04 08:17:53.536, 1725, 6801, 45.68, 1, 50, 0x0000000000000000
2026/10/04 08:17:54.536, 1725, 6801, 45.63, 5, 50, 0x0000000000000000
2026/10/04 08:17:55.536, 1725, 6801, 45.10, 23, 50, 0x0000000000000000
2026/10/04 08:17:56.536, 1725, 6801, 44.94, 1, 50, 0x0000000000000000
2026/10/04 08:17:57.536, 1725, 6801, 45.00, 1, 50, 0x0000000000000000
2026/10/04 08:17:58.537, 1725, 6801, 44.95, 1, 50, 0x0000000000000000
2026/10/04 08:17:59.537, 1725, 6801, 45.06, 1, 50, 0x0000000000000000
2026/10/04 08:18:00.537, 1725, 6801, 45.72, 1, 50, 0x0000000000000000
2026/10/04 08:18:01.537, 1725, 6801, 44.87, 1, 50, 0x0000000000000000
2026/10/04 08:18:02.537, 1725, 6801, 44.88, 1, 50, 0x0000000000000000
2026/10/04 08:18:03.537, 1725, 6801, 45.03, 1, 51, 0x0000000000000000
2026/10/04 08:18:04.538, 1725, 6801, 44.76, 1, 50, 0x0000000000000000
2026/10/04 08:18:05.538, 1725, 6801, 45.74, 2, 51, 0x0000000000000000
2026/10/04 08:18:06.538, 1725, 6801, 45.15, 1, 51, 0x0000000000000000
2026/10/04 08:18:07.539, 1725, 6801, 45.38, 22, 51, 0x0000000000000000
2026/10/04 08:18:08.539, 1725, 6801, 44.90, 1, 51, 0x0000000000000000
2026/10/04 08:18:09.539, 1725, 6801, 45.52, 1, 51, 0x0000000000000000
2026/10/04 08:18:10.540, 1725, 6801, 44.62, 1, 51, 0x0000000000000000
2026/10/04 08:18:11.540, 1725, 6801, 45.13, 1, 51, 0x0000000000000000
2026/10/04 08:18:12.540, 1725, 6801, 44.85, 1, 51, 0x0000000000000000
2026/10/04 08:18:13.540, 1725, 6801, 45.78, 1, 51, 0x0000000000000000
2026/10/04 08:18:14.540, 1725, 6801, 45.03, 1, 51, 0x0000000000000000
2026/10/04 08:18:15.540, 1725, 6801, 45.54, 1, 51, 0x0000000000000000
2026/10/04 08:18:16.540, 1725, 6801, 45.48, 27, 51, 0x0000000000000000
2026/10/04 08:18:17.541, 1725, 6801, 46.31, 1, 51, 0x0000000000000000
2026/10/04 08:18:18.541, 1725, 6801, 45.18, 16, 51, 0x0000000000000000
2026/10/04 08:18:19.541, 1725, 6801, 45.40, 1, 51, 0x0000000000000000
2026/10/04 08:18:20.541, 1725, 6801, 45.65, 44, 52, 0x0000000000000000
2026/10/04 08:18:21.541, 1725, 6801, 46.26, 1, 51, 0x0000000000000000
2026/10/04 08:18:22.541, 1725, 6801, 45.94, 1, 51, 0x0000000000000000
2026/10/04 08:18:23.541, 1725, 6801, 46.30, 1, 51, 0x0000000000000000
2026/10/04 08:18:24.541, 1725, 6801, 45.47, 1, 52, 0x0000000000000000
2026/10/04 08:18:25.542, 1725, 6801, 45.62, 1, 52, 0x0000000000000000
2026/10/04 08:18:26.542, 1725, 6801, 45.53, 1, 52, 0x0000000000000000
2026/10/04 08:18:27.542, 1725, 6801, 46.41, 1, 52, 0x0000000000000000
2026/10/04 08:18:28.542, 1725, 6801, 45.36, 1, 52, 0x0000000000000000
2026/10/04 08:18:29.542, 1725, 6801, 45.66, 1, 52, 0x0000000000000000
2026/10/04 08:18:30.542, 1725, 6801, 45.30, 1, 52, 0x0000000000000000
2026/10/04 08:18:31.543, 1725, 6801, 46.24, 1, 52, 0x0000000000000000
2026/10/04 08:18:32.543, 1725, 6801, 45.67, 1, 52, 0x0000000000000000
2026/10/04 08:18:33.543, 1725, 6801, 46.04, 10, 52, 0x0000000000000000
2026/10/04 08:18:34.543, 1725, 6801, 45.74, 1, 52, 0x0000000000000000
2026/10/04 08:18:35.543, 1725, 6801, 45.84, 7, 52, 0x0000000000000000
2026/10/04 08:18:36.543, 1725, 6801, 46.32, 1, 52, 0x0000000000000000
2026/10/04 08:18:37.544, 1725, 6801, 45.61, 10, 52, 0x0000000000000000
2026/10/04 08:18:38.544, 1725, 6801, 45.84, 1, 52, 0x0000000000000000
2026/10/04 08:18:39.544, 1725, 6801, 46.31, 1, 52, 0x0000000000000000
2026/10/04 08:18:40.544, 1725, 6801, 45.73, 22, 52, 0x0000000000000000
2026/10/04 08:18:41.544, 1725, 6801, 45.37, 1, 52, 0x0000000000000000
2026/10/04 08:18:42.544, 1725, 6801, 46.35, 1, 52, 0x0000000000000000
2026/10/04 08:18:43.545, 1725, 6801, 45.39, 3, 52, 0x0000000000000000
2026/10/04 08:18:44.545, 1725, 6801, 45.90, 1, 52, 0x0000000000000000
2026/10/04 08:18:45.545, 1725, 6801, 46.49, 2, 52, 0x0000000000000000
2026/10/04 08:18:46.545, 1725, 6801, 46.35, 15, 53, 0x0000000000000000
2026/10/04 08:18:47.545, 1725, 6801, 46.32, 1, 53, 0x0000000000000000
2026/10/04 08:18:48.545, 1725, 6801, 46.63, 1, 53, 0x0000000000000000
2026/10/04 08:18:49.545, 1725, 6801, 46.22, 1, 53, 0x0000000000000000
2026/10/04 08:18:50.546, 1725, 6801, 46.01, 1, 53, 0x0000000000000000
2026/10/04 08:18:51.546, 1725, 6801, 46.55, 1, 53, 0x0000000000000000
2026/10/04 08:18:52.546, 1725, 6801, 45.91, 1, 53, 0x0000000000000000
2026/10/04 08:18:53.546, 1725, 6801, 45.83, 1, 53, 0x0000000000000000
2026/10/04 08:18:54.546, 1725, 6801, 46.28, 1, 53, 0x0000000000000000
2026/10/04 08:18:55.547, 1725, 6801, 46.07, 1, 53, 0x0000000000000000
2026/10/04 08:18:56.547, 1725, 6801, 46.40, 19, 53, 0x0000000000000000
2026/10/04 08:18:57.547, 1725, 6801, 46.43, 1, 53, 0x0000000000000000
2026/10/04 08:18:58.547, 1725, 6801, 45.76, 2, 53, 0x0000000000000000
2026/10/04 08:18:59.547, 1725, 6801, 46.42, 1, 53, 0x0000000000000000
2026/10/04 08:19:00.548, 1725, 6801, 46.42, 4, 53, 0x0000000000000000
2026/10/04 08:19:01.548, 1725, 6801, 46.39, 1, 53, 0x0000000000000000
2026/10/04 08:19:02.548, 1725, 6801, 46.18, 5, 53, 0x0000000000000000
2026/10/04 08:19:03.548, 1725, 6801, 46.46, 1, 53, 0x0000000000000000
2026/10/04 08:19:04.549, 1725, 6801, 46.35, 1, 53, 0x0000000000000000
2026/10/04 08:19:05.549, 1725, 6801, 45.36, 1, 53, 0x0000000000000000
2026/10/04 08:19:06.549, 1725, 6801, 45.21, 1, 53, 0x0000000000000000
2026/10/04 08:19:07.549, 1725, 6801, 45.04, 1, 53, 0x0000000000000000
2026/10/04 08:19:08.550, 1725, 6801, 45.49, 6, 53, 0x0000000000000000
2026/10/04 08:19:09.550, 1725, 6801, 45.23, 1, 53, 0x0000000000000000
2026/10/04 08:19:10.550, 1725, 6801, 45.24, 6, 54, 0x0000000000000000
2026/10/04 08:19:11.550, 1725, 6801, 45.19, 2, 54, 0x0000000000000000
2026/10/04 08:19:12.551, 1935, 6801, 47.46, 68, 54, 0x0000000000000000
2026/10/04 08:19:13.551, 1935, 6801, 60.92, 1, 55, 0x0000000000000000
2026/10/04 08:19:14.551, 1935, 6801, 54.14, 1, 55, 0x0000000000000000
2026/10/04 08:19:15.551, 1725, 6801, 50.19, 1, 54, 0x0000000000000000
2026/10/04 08:19:16.551, 1725, 6801, 45.24, 1, 54, 0x0000000000000000
2026/10/04 08:19:17.551, 1725, 6801, 47.32, 5, 54, 0x0000000000000000
2026/10/04 08:19:18.551, 1725, 6801, 46.09, 1, 54, 0x0000000000000000
2026/10/04 08:19:19.552, 1935, 6801, 51.74, 1, 55, 0x0000000000000000
2026/10/04 08:19:20.552, 1935, 6801, 58.08, 93, 55, 0x0000000000000000
2026/10/04 08:19:21.552, 1935, 6801, 63.81, 77, 55, 0x0000000000000000
2026/10/04 08:19:22.552, 1935, 6801, 87.72, 78, 57, 0x0000000000000000
2026/10/04 08:19:23.552, 1935, 6801, 83.80, 38, 56, 0x0000000000000000
2026/10/04 08:19:24.552, 1935, 6801, 68.48, 36, 56, 0x0000000000000000
2026/10/04 08:19:25.552, 1725, 6801, 59.58, 20, 55, 0x0000000000000000
2026/10/04 08:19:26.552, 1725, 6801, 51.79, 27, 55, 0x0000000000000000
2026/10/04 08:19:27.553, 1725, 6801, 54.23, 24, 55, 0x0000000000000000
2026/10/04 08:19:28.553, 1725, 6801, 54.81, 42, 55, 0x0000000000000000
2026/10/04 08:19:29.553, 1725, 6801, 54.71, 35, 55, 0x0000000000000000
2026/10/04 08:19:30.553, 1725, 6801, 54.45, 22, 56, 0x0000000000000000
2026/10/04 08:19:31.553, 1725, 6801, 54.27, 38, 55, 0x0000000000000000
2026/10/04 08:19:32.553, 1725, 6801, 54.27, 22, 56, 0x0000000000000000
2026/10/04 08:19:33.553, 1725, 6801, 54.22, 32, 56, 0x0000000000000000
2026/10/04 08:19:34.554, 1725, 6801, 54.63, 38, 56, 0x0000000000000000
2026/10/04 08:19:35.554, 1830, 6801, 55.97, 26, 56, 0x0000000000000000
2026/10/04 08:19:36.554, 1830, 6801, 58.69, 22, 56, 0x0000000000000000
2026/10/04 08:19:37.554, 1725, 6801, 54.10, 11, 56, 0x0000000000000000
2026/10/04 08:19:38.554, 1725, 6801, 50.37, 13, 56, 0x0000000000000000
2026/10/04 08:19:39.554, 1725, 6801, 47.95, 1, 56, 0x0000000000000000
2026/10/04 08:19:40.555, 1725, 6801, 45.98, 1, 56, 0x0000000000000000
2026/10/04 08:19:41.555, 1725, 6801, 47.44, 13, 56, 0x0000000000000000
2026/10/04 08:19:42.555, 1725, 6801, 46.12, 1, 56, 0x0000000000000000
2026/10/04 08:19:43.555, 1725, 6801, 49.56, 20, 56, 0x0000000000000000
2026/10/04 08:19:44.555, 1725, 6801, 54.22, 38, 56, 0x0000000000000000
2026/10/04 08:19:45.555, 1725, 6801, 52.95, 12, 56, 0x0000000000000000
2026/10/04 08:19:46.556, 1725, 6801, 50.92, 3, 56, 0x0000000000000000
2026/10/04 08:19:47.556, 1725, 6801, 47.85, 1, 56, 0x0000000000000000
2026/10/04 08:19:48.556, 1725, 6801, 46.06, 1, 56, 0x0000000000000000
2026/10/04 08:19:49.556, 1725, 6801, 46.37, 5, 56, 0x0000000000000000
2026/10/04 08:19:50.556, 1725, 6801, 47.41, 1, 56, 0x0000000000000000
2026/10/04 08:19:51.557, 1725, 6801, 47.57, 38, 56, 0x0000000000000000
2026/10/04 08:19:52.557, 1830, 6801, 51.20, 1, 56, 0x0000000000000000
2026/10/04 08:19:53.557, 1830, 6801, 52.92, 1, 56, 0x0000000000000000
2026/10/04 08:19:54.557, 1935, 6801, 61.52, 1, 57, 0x0000000000000000
2026/10/04 08:19:55.557, 1935, 6801, 55.17, 1, 57, 0x0000000000000000
2026/10/04 08:19:56.557, 1725, 6801, 49.42, 1, 56, 0x0000000000000000
2026/10/04 08:19:57.558, 1725, 7001, 46.41, 1, 56, 0x0000000000000000
2026/10/04 08:19:58.558, 1725, 7001, 46.18, 1, 56, 0x0000000000000001
2026/10/04 08:19:59.558, 375, 405, 23.66, 2, 55, 0x0000000000000001
2026/10/04 08:20:00.558, 1725, 7001, 14.47, 4, 55, 0x0000000000000000
2026/10/04 08:20:01.558, 1920, 6801, 81.23, 95, 59, 0x0000000000000000
2026/10/04 08:20:02.558, 1920, 6801, 85.55, 100, 59, 0x0000000000000000
2026/10/04 08:20:03.558, 1905, 6801, 92.69, 86, 61, 0x0000000000000004
2026/10/04 08:20:04.558, 1920, 6801, 136.54, 91, 60, 0x0000000000000000
2026/10/04 08:20:05.559, 1920, 6801, 95.65, 100, 60, 0x0000000000000000
2026/10/04 08:20:06.559, 1890, 6801, 95.72, 96, 63, 0x0000000000000004
2026/10/04 08:20:07.559, 1920, 6801, 135.03, 95, 61, 0x0000000000000000
2026/10/04 08:20:08.559, 1920, 6801, 89.11, 100, 60, 0x0000000000000000
2026/10/04 08:20:09.559, 1860, 6801, 101.65, 93, 64, 0x0000000000000004
2026/10/04 08:20:10.559, 1920, 6801, 136.00, 94, 61, 0x0000000000000000
2026/10/04 08:20:11.559, 1920, 6801, 89.10, 100, 61, 0x0000000000000000
2026/10/04 08:20:12.559, 1920, 6801, 107.06, 87, 62, 0x0000000000000000
2026/10/04 08:20:13.559, 1920, 6801, 96.45, 65, 61, 0x0000000000000000
2026/10/04 08:20:14.560, 1905, 6801, 148.04, 98, 65, 0x0000000000000000
2026/10/04 08:20:15.560, 1905, 6801, 132.83, 98, 63, 0x0000000000000000
2026/10/04 08:20:16.560, 1905, 6801, 101.49, 99, 62, 0x0000000000000000
2026/10/04 08:20:17.560, 1905, 6801, 109.63, 100, 63, 0x0000000000000004
2026/10/04 08:20:18.560, 1905, 6801, 116.94, 100, 62, 0x0000000000000000
2026/10/04 08:20:19.560, 1905, 6801, 101.33, 100, 62, 0x0000000000000000
2026/10/04 08:20:20.560, 1905, 6801, 101.63, 98, 62, 0x0000000000000000
2026/10/04 08:20:21.560, 1905, 6801, 102.18, 98, 62, 0x0000000000000000
2026/10/04 08:20:22.560, 1905, 6801, 102.62, 98, 62, 0x0000000000000000
2026/10/04 08:20:23.561, 1905, 6801, 102.89, 97, 62, 0x0000000000000000
2026/10/04 08:20:24.561, 1905, 6801, 95.35, 100, 61, 0x0000000000000000
2026/10/04 08:20:25.561, 1920, 6801, 92.56, 100, 61, 0x0000000000000000
2026/10/04 08:20:26.561, 1920, 6801, 93.37, 100, 60, 0x0000000000000000
2026/10/04 08:20:27.561, 1920, 6801, 90.58, 100, 60, 0x0000000000000000
2026/10/04 08:20:28.561, 1920, 6801, 102.18, 100, 60, 0x0000000000000000
2026/10/04 08:20:29.561, 1920, 6801, 90.02, 100, 60, 0x0000000000000000
2026/10/04 08:20:30.562, 1920, 6801, 89.91, 100, 60, 0x0000000000000000
2026/10/04 08:20:31.562, 1920, 6801, 89.58, 100, 59, 0x0000000000000000
2026/10/04 08:20:32.562, 1920, 6801, 89.92, 100, 59, 0x0000000000000000
2026/10/04 08:20:33.562, 1920, 6801, 89.32, 100, 59, 0x0000000000000000
2026/10/04 08:20:34.562, 1920, 6801, 89.53, 100, 59, 0x0000000000000000
2026/10/04 08:20:35.562, 1920, 6801, 89.60, 100, 59, 0x0000000000000000
2026/10/04 08:20:36.562, 1920, 6801, 89.16, 100, 59, 0x0000000000000000
2026/10/04 08:20:37.562, 1920, 6801, 96.65, 100, 58, 0x0000000000000000
2026/10/04 08:20:38.563, 1920, 6801, 88.62, 100, 58, 0x0000000000000000
2026/10/04 08:20:39.563, 1920, 6801, 87.82, 100, 58, 0x0000000000000000
2026/10/04 08:20:40.563, 1920, 6801, 88.62, 100, 58, 0x0000000000000000
2026/10/04 08:20:41.563, 1920, 6801, 73.18, 94, 58, 0x0000000000000000
2026/10/04 08:20:42.563, 1845, 6801, 97.25, 15, 60, 0x0000000000000000
2026/10/04 08:20:43.563, 1920, 6801, 72.92, 1, 56, 0x0000000000000000
2026/10/04 08:20:44.563, 1725, 6801, 54.93, 1, 55, 0x0000000000000000
2026/10/04 08:20:45.563, 1725, 6801, 46.03, 1, 54, 0x0000000000000000
2026/10/04 08:20:46.563, 1725, 6801, 46.55, 7, 54, 0x0000000000000000
2026/10/04 08:20:47.564, 1725, 6801, 45.72, 1, 54, 0x0000000000000000
2026/10/04 08:20:48.564, 1725, 6801, 45.63, 1, 54, 0x0000000000000000
2026/10/04 08:20:49.564, 1725, 6801, 45.98, 14, 53, 0x0000000000000000
2026/10/04 08:20:50.564, 1725, 6801, 46.25, 1, 53, 0x0000000000000000
2026/10/04 08:20:51.564, 1725, 6801, 45.33, 1, 53, 0x0000000000000000
2026/10/04 08:20:52.564, 1725, 6801, 45.26, 0, 53, 0x0000000000000000
2026/10/04 08:20:53.564, 1725, 6801, 45.68, 1, 52, 0x0000000000000000
2026/10/04 08:20:54.564, 1725, 6801, 45.31, 0, 52, 0x0000000000000000
2026/10/04 08:20:55.564, 1725, 6801, 44.94, 0, 52, 0x0000000000000000
2026/10/04 08:20:56.565, 1725, 6801, 45.17, 1, 52, 0x0000000000000000
2026/10/04 08:20:57.565, 1725, 6801, 45.35, 0, 52, 0x0000000000000000
2026/10/04 08:20:58.565, 1725, 6801, 45.44, 0, 51, 0x0000000000000000
2026/10/04 08:20:59.565, 705, 810, 44.79, 1, 51, 0x0000000000000001
2026/10/04 08:21:00.565, 300, 405, 20.62, 3, 49, 0x0000000000000001
2026/10/04 08:21:01.565, 1725, 6801, 28.15, 1, 50, 0x0000000000000000
2026/10/04 08:21:02.565, 1725, 6801, 44.60, 1, 50, 0x0000000000000000
2026/10/04 08:21:03.565, 660, 810, 44.37, 1, 50, 0x0000000000000001
2026/10/04 08:21:04.566, 330, 405, 23.12, 3, 49, 0x0000000000000001
2026/10/04 08:21:05.566, 1725, 6801, 28.55, 1, 50, 0x0000000000000000
2026/10/04 08:21:06.566, 1725, 6801, 44.36, 1, 50, 0x0000000000000000
2026/10/04 08:21:07.566, 450, 810, 44.43, 1, 49, 0x0000000000000001
2026/10/04 08:21:08.566, 345, 405, 21.55, 3, 48, 0x0000000000000001
2026/10/04 08:21:09.566, 1725, 6801, 33.37, 1, 49, 0x0000000000000000
2026/10/04 08:21:10.566, 1725, 6801, 44.30, 1, 49, 0x0000000000000000
2026/10/04 08:21:11.567, 435, 810, 43.85, 1, 49, 0x0000000000000001
2026/10/04 08:21:12.567, 300, 405, 20.15, 2, 47, 0x0000000000000001
2026/10/04 08:21:13.567, 1725, 6801, 32.98, 0, 48, 0x0000000000000000
2026/10/04 08:21:14.567, 1725, 6801, 43.74, 0, 48, 0x0000000000000000
2026/10/04 08:21:15.567, 435, 810, 43.49, 1, 48, 0x0000000000000001
2026/10/04 08:21:16.567, 300, 405, 22.17, 3, 46, 0x0000000000000001
2026/10/04 08:21:17.567, 1725, 6801, 33.04, 0, 47, 0x0000000000000000
2026/10/04 08:21:18.567, 1725, 6801, 43.83, 0, 47, 0x0000000000000000
2026/10/04 08:21:19.567, 435, 810, 43.08, 1, 47, 0x0000000000000001
2026/10/04 08:21:20.568, 300, 405, 19.79, 2, 46, 0x0000000000000001
2026/10/04 08:21:21.568, 1725, 6801, 39.19, 1, 47, 0x0000000000000000
2026/10/04 08:21:22.568, 780, 810, 43.34, 1, 47, 0x0000000000000001
2026/10/04 08:21:23.568, 315, 405, 21.23, 3, 45, 0x0000000000000001
2026/10/04 08:21:24.568, 1725, 6801, 15.56, 3, 45, 0x0000000000000000
2026/10/04 08:21:25.568, 1725, 6801, 49.57, 19, 47, 0x0000000000000000
2026/10/04 08:21:26.569, 1920, 6801, 72.56, 11, 48, 0x0000000000000000
2026/10/04 08:21:27.569, 1920, 6801, 54.05, 2, 47, 0x0000000000000000
2026/10/04 08:21:28.569, 1725, 6801, 46.81, 1, 46, 0x0000000000000000
2026/10/04 08:21:29.569, 1725, 6801, 44.27, 1, 46, 0x0000000000000000
2026/10/04 08:21:30.569, 1725, 6801, 44.01, 1, 46, 0x0000000000000000
2026/10/04 08:21:31.569, 1725, 6801, 44.01, 1, 46, 0x0000000000000000
2026/10/04 08:21:32.569, 1725, 6801, 44.38, 1, 46, 0x0000000000000000
2026/10/04 08:21:33.569, 1725, 6801, 44.38, 1, 46, 0x0000000000000000
2026/10/04 08:21:34.569, 1725, 6801, 44.22, 1, 46, 0x0000000000000000
2026/10/04 08:21:35.570, 1725, 6801, 44.19, 1, 46, 0x0000000000000000
2026/10/04 08:21:36.570, 1725, 6801, 45.18, 1, 46, 0x0000000000000000
2026/10/04 08:21:37.570, 1725, 6801, 44.34, 1, 45, 0x0000000000000000
2026/10/04 08:21:38.570, 1725, 6801, 43.97, 1, 45, 0x0000000000000000
