2026/09/30 09:08:40.613, 1710 MHz, 9501 MHz, 347.92 W, 97 %
2026/09/30 09:08:41.617, 1950 MHz, 9501 MHz, 190.79 W, 0 %
2026/09/30 09:08:42.618, 1950 MHz, 9501 MHz, 174.08 W, 0 %
2026/09/30 09:08:43.618, 1695 MHz, 9501 MHz, 149.17 W, 0 %
2026/09/30 09:08:44.618, 1695 MHz, 9501 MHz, 135.88 W, 0 %
2026/09/30 09:08:45.618, 1695 MHz, 9501 MHz, 122.67 W, 0 %
2026/09/30 09:08:46.618, 1695 MHz, 9501 MHz, 121.47 W, 0 %
2026/09/30 09:08:47.618, 1695 MHz, 9501 MHz, 119.98 W, 0 %
2026/09/30 09:08:48.619, 1695 MHz, 9501 MHz, 119.57 W, 0 %
2026/09/30 09:08:49.619, 1695 MHz, 9501 MHz, 119.10 W, 0 %
2026/09/30 09:08:50.619, 1695 MHz, 9501 MHz, 118.81 W, 0 %
2026/09/30 09:08:51.619, 1695 MHz, 9501 MHz, 118.47 W, 0 %
2026/09/30 09:08:52.619, 1695 MHz, 9501 MHz, 118.39 W, 0 %
2026/09/30 09:08:53.619, 1725 MHz, 9501 MHz, 145.79 W, 96 %
2026/09/30 09:08:54.620, 1710 MHz, 9501 MHz, 347.46 W, 97 %
2026/09/30 09:08:55.620, 1740 MHz, 9501 MHz, 347.85 W, 96 %
2026/09/30 09:08:56.620, 1740 MHz, 9501 MHz, 347.63 W, 95 %
2026/09/30 09:08:57.620, 1710 MHz, 9501 MHz, 347.53 W, 97 %
2026/09/30 09:08:58.620, 1710 MHz, 9501 MHz, 348.01 W, 96 %
2026/09/30 09:08:59.620, 1755 MHz, 9501 MHz, 347.39 W, 96 %
2026/09/30 09:09:00.621, 1755 MHz, 9501 MHz, 348.84 W, 96 %
2026/09/30 09:09:01.621, 1755 MHz, 9501 MHz, 348.50 W, 97 %
2026/09/30 09:09:02.621, 1770 MHz, 9501 MHz, 348.05 W, 94 %
2026/09/30 09:09:03.621, 1740 MHz, 9501 MHz, 347.73 W, 96 %
2026/09/30 09:09:04.621, 1755 MHz, 9501 MHz, 347.91 W, 93 %
2026/09/30 09:09:05.622, 1755 MHz, 9501 MHz, 347.48 W, 96 %
2026/09/30 09:09:06.622, 1725 MHz, 9501 MHz, 348.19 W, 96 %
2026/09/30 09:09:07.622, 1725 MHz, 9501 MHz, 348.46 W, 96 %
2026/09/30 09:09:08.622, 1770 MHz, 9501 MHz, 347.63 W, 96 %
2026/09/30 09:09:09.622, 1725 MHz, 9501 MHz, 348.75 W, 96 %
2026/09/30 09:09:10.622, 1740 MHz, 9501 MHz, 347.88 W, 96 %
2026/09/30 09:09:11.623, 1755 MHz, 9501 MHz, 347.72 W, 93 %
2026/09/30 09:09:12.623, 1740 MHz, 9501 MHz, 347.48 W, 96 %
2026/09/30 09:09:13.623, 1770 MHz, 9501 MHz, 347.64 W, 96 %
2026/09/30 09:09:14.623, 1785 MHz, 9501 MHz, 349.21 W, 100 %
2026/09/30 09:09:15.623, 1770 MHz, 9501 MHz, 348.09 W, 96 %
2026/09/30 09:09:16.623, 1785 MHz, 9501 MHz, 348.34 W, 96 %
2026/09/30 09:09:17.624, 1755 MHz, 9501 MHz, 348.60 W, 97 %
2026/09/30 09:09:18.624, 1755 MHz, 9501 MHz, 348.55 W, 96 %
2026/09/30 09:09:19.624, 1770 MHz, 9501 MHz, 347.89 W, 96 %
2026/09/30 09:09:20.624, 1710 MHz, 9501 MHz, 347.80 W, 96 %
2026/09/30 09:09:21.624, 1755 MHz, 9501 MHz, 348.05 W, 96 %
2026/09/30 09:09:22.625, 1770 MHz, 9501 MHz, 347.51 W, 96 %
2026/09/30 09:09:23.625, 1785 MHz, 9501 MHz, 348.57 W, 96 %
2026/09/30 09:09:24.625, 1770 MHz, 9501 MHz, 347.58 W, 96 %
2026/09/30 09:09:25.625, 1770 MHz, 9501 MHz, 347.48 W, 96 %
2026/09/30 09:09:26.625, 1755 MHz, 9501 MHz, 347.90 W, 96 %
2026/09/30 09:09:27.625, 1800 MHz, 9501 MHz, 347.88 W, 100 %
2026/09/30 09:09:28.626, 1770 MHz, 9501 MHz, 348.26 W, 96 %
2026/09/30 09:09:29.626, 1785 MHz, 9501 MHz, 348.32 W, 93 %
2026/09/30 09:09:30.626, 1785 MHz, 9501 MHz, 346.91 W, 96 %
2026/09/30 09:09:31.626, 1785 MHz, 9501 MHz, 348.20 W, 96 %
2026/09/30 09:09:32.626, 1770 MHz, 9501 MHz, 348.13 W, 96 %
2026/09/30 09:09:33.627, 1785 MHz, 9501 MHz, 347.51 W, 96 %
2026/09/30 09:09:34.627, 1785 MHz, 9501 MHz, 347.24 W, 96 %
2026/09/30 09:09:35.627, 1770 MHz, 9501 MHz, 347.87 W, 96 %
2026/09/30 09:09:36.627, 1770 MHz, 9501 MHz, 347.16 W, 97 %
2026/09/30 09:09:37.627, 1785 MHz, 9501 MHz, 347.70 W, 96 %
2026/09/30 09:09:38.627, 1785 MHz, 9501 MHz, 347.40 W, 96 %
2026/09/30 09:09:39.628, 1815 MHz, 9501 MHz, 348.13 W, 100 %
2026/09/30 09:09:40.628, 1770 MHz, 9501 MHz, 348.16 W, 96 %
2026/09/30 09:09:41.628, 1815 MHz, 9501 MHz, 348.54 W, 100 %
2026/09/30 09:09:42.628, 1785 MHz, 9501 MHz, 348.32 W, 96 %
2026/09/30 09:09:43.628, 1800 MHz, 9501 MHz, 347.46 W, 96 %
2026/09/30 09:09:44.629, 1785 MHz, 9501 MHz, 348.62 W, 96 %
2026/09/30 09:09:45.629, 1785 MHz, 9501 MHz, 347.82 W, 100 %
2026/09/30 09:09:46.629, 1785 MHz, 9501 MHz, 348.98 W, 96 %
2026/09/30 09:09:47.629, 1800 MHz, 9501 MHz, 347.89 W, 95 %
2026/09/30 09:09:48.629, 1800 MHz, 9501 MHz, 347.65 W, 98 %
2026/09/30 09:09:49.630, 1815 MHz, 9501 MHz, 347.63 W, 100 %
2026/09/30 09:09:50.630, 1800 MHz, 9501 MHz, 347.93 W, 96 %
2026/09/30 09:09:51.630, 1800 MHz, 9501 MHz, 347.62 W, 96 %
2026/09/30 09:09:52.631, 1785 MHz, 9501 MHz, 348.53 W, 96 %
2026/09/30 09:09:53.631, 1770 MHz, 9501 MHz, 348.93 W, 96 %
2026/09/30 09:09:54.631, 1785 MHz, 9501 MHz, 347.97 W, 99 %
2026/09/30 09:09:55.631, 1785 MHz, 9501 MHz, 348.34 W, 100 %
2026/09/30 09:09:56.631, 1800 MHz, 9501 MHz, 348.10 W, 100 %
2026/09/30 09:09:57.632, 1785 MHz, 9501 MHz, 348.81 W, 100 %
2026/09/30 09:09:58.632, 1785 MHz, 9501 MHz, 348.90 W, 100 %
2026/09/30 09:09:59.632, 1785 MHz, 9501 MHz, 348.51 W, 96 %
2026/09/30 09:10:00.632, 1785 MHz, 9501 MHz, 348.11 W, 96 %
2026/09/30 09:10:01.632, 1800 MHz, 9501 MHz, 347.94 W, 96 %
2026/09/30 09:10:02.632, 1800 MHz, 9501 MHz, 348.07 W, 96 %
2026/09/30 09:10:03.633, 1815 MHz, 9501 MHz, 348.36 W, 100 %
2026/09/30 09:10:04.633, 1800 MHz, 9501 MHz, 347.99 W, 100 %
2026/09/30 09:10:05.633, 1800 MHz, 9501 MHz, 348.03 W, 97 %
2026/09/30 09:10:06.633, 1800 MHz, 9501 MHz, 347.94 W, 93 %
2026/09/30 09:10:07.633, 1785 MHz, 9501 MHz, 347.95 W, 96 %
2026/09/30 09:10:08.633, 1830 MHz, 9501 MHz, 347.69 W, 100 %
2026/09/30 09:10:09.633, 1785 MHz, 9501 MHz, 348.75 W, 96 %
2026/09/30 09:10:10.634, 1815 MHz, 9501 MHz, 347.56 W, 96 %
2026/09/30 09:10:11.634, 1800 MHz, 9501 MHz, 347.88 W, 100 %
2026/09/30 09:10:12.634, 1815 MHz, 9501 MHz, 348.25 W, 96 %
2026/09/30 09:10:13.634, 1800 MHz, 9501 MHz, 347.63 W, 100 %
2026/09/30 09:10:14.634, 1815 MHz, 9501 MHz, 348.42 W, 96 %
2026/09/30 09:10:15.634, 1785 MHz, 9501 MHz, 348.39 W, 100 %
2026/09/30 09:10:16.634, 1830 MHz, 9501 MHz, 347.84 W, 96 %
2026/09/30 09:10:17.635, 1815 MHz, 9501 MHz, 348.07 W, 96 %
2026/09/30 09:10:18.635, 1815 MHz, 9501 MHz, 348.80 W, 100 %
2026/09/30 09:10:19.635, 1800 MHz, 9501 MHz, 348.39 W, 94 %
2026/09/30 09:10:20.635, 1770 MHz, 9501 MHz, 348.73 W, 100 %
2026/09/30 09:10:21.635, 1800 MHz, 9501 MHz, 347.88 W, 96 %
2026/09/30 09:10:22.635, 1800 MHz, 9501 MHz, 348.69 W, 96 %
2026/09/30 09:10:23.636, 1845 MHz, 9501 MHz, 347.84 W, 100 %
2026/09/30 09:10:24.636, 1815 MHz, 9501 MHz, 348.66 W, 96 %
2026/09/30 09:10:25.636, 1815 MHz, 9501 MHz, 348.89 W, 96 %
2026/09/30 09:10:26.636, 1800 MHz, 9501 MHz, 348.95 W, 96 %
2026/09/30 09:10:27.636, 1815 MHz, 9501 MHz, 348.03 W, 100 %
2026/09/30 09:10:28.636, 1800 MHz, 9501 MHz, 347.40 W, 96 %
2026/09/30 09:10:29.637, 1815 MHz, 9501 MHz, 347.80 W, 96 %
2026/09/30 09:10:30.637, 1815 MHz, 9501 MHz, 348.21 W, 96 %
2026/09/30 09:10:31.637, 1800 MHz, 9501 MHz, 348.18 W, 96 %
2026/09/30 09:10:32.637, 1800 MHz, 9501 MHz, 347.45 W, 96 %
2026/09/30 09:10:33.637, 1800 MHz, 9501 MHz, 347.81 W, 100 %
2026/09/30 09:10:34.638, 1830 MHz, 9501 MHz, 348.67 W, 100 %
2026/09/30 09:10:35.638, 1755 MHz, 9501 MHz, 348.49 W, 100 %
2026/09/30 09:10:36.638, 1830 MHz, 9501 MHz, 348.20 W, 100 %
2026/09/30 09:10:37.638, 1800 MHz, 9501 MHz, 347.44 W, 100 %
2026/09/30 09:10:38.638, 1845 MHz, 9501 MHz, 347.80 W, 100 %
2026/09/30 09:10:39.639, 1830 MHz, 9501 MHz, 348.29 W, 100 %
2026/09/30 09:10:40.639, 1845 MHz, 9501 MHz, 347.71 W, 100 %
2026/09/30 09:10:41.639, 1770 MHz, 9501 MHz, 347.75 W, 100 %
2026/09/30 09:10:42.639, 1830 MHz, 9501 MHz, 348.09 W, 100 %
2026/09/30 09:10:43.639, 1815 MHz, 9501 MHz, 347.33 W, 100 %
2026/09/30 09:10:44.640, 1800 MHz, 9501 MHz, 347.88 W, 99 %
2026/09/30 09:10:45.640, 1815 MHz, 9501 MHz, 347.83 W, 96 %
2026/09/30 09:10:46.640, 1830 MHz, 9501 MHz, 347.24 W, 93 %
2026/09/30 09:10:47.640, 1830 MHz, 9501 MHz, 346.57 W, 96 %
2026/09/30 09:10:48.640, 1815 MHz, 9501 MHz, 347.98 W, 96 %
2026/09/30 09:10:49.640, 1845 MHz, 9501 MHz, 347.06 W, 100 %
2026/09/30 09:10:50.641, 1815 MHz, 9501 MHz, 347.78 W, 100 %
2026/09/30 09:10:51.641, 1830 MHz, 9501 MHz, 347.86 W, 97 %
2026/09/30 09:10:52.641, 1815 MHz, 9501 MHz, 347.39 W, 96 %
2026/09/30 09:10:53.641, 1815 MHz, 9501 MHz, 346.16 W, 100 %
2026/09/30 09:10:54.641, 1815 MHz, 9501 MHz, 346.52 W, 100 %
2026/09/30 09:10:55.642, 1815 MHz, 9501 MHz, 348.20 W, 96 %
2026/09/30 09:10:56.642, 1815 MHz, 9501 MHz, 347.53 W, 96 %
2026/09/30 09:10:57.642, 1845 MHz, 9501 MHz, 347.01 W, 100 %
2026/09/30 09:10:58.643, 1830 MHz, 9501 MHz, 347.09 W, 99 %
2026/09/30 09:10:59.643, 1830 MHz, 9501 MHz, 347.12 W, 96 %
2026/09/30 09:11:00.643, 1815 MHz, 9501 MHz, 346.01 W, 100 %
2026/09/30 09:11:01.643, 1815 MHz, 9501 MHz, 346.65 W, 96 %
2026/09/30 09:11:02.643, 1830 MHz, 9501 MHz, 347.24 W, 100 %
2026/09/30 09:11:03.644, 1815 MHz, 9501 MHz, 347.47 W, 96 %
2026/09/30 09:11:04.644, 1830 MHz, 9501 MHz, 347.92 W, 100 %
2026/09/30 09:11:05.644, 1770 MHz, 9501 MHz, 348.14 W, 93 %
2026/09/30 09:11:06.644, 1845 MHz, 9501 MHz, 346.66 W, 100 %
2026/09/30 09:11:07.644, 1830 MHz, 9501 MHz, 347.88 W, 96 %
2026/09/30 09:11:08.644, 1830 MHz, 9501 MHz, 347.04 W, 100 %
2026/09/30 09:11:09.645, 1830 MHz, 9501 MHz, 347.40 W, 97 %
2026/09/30 09:11:10.645, 1800 MHz, 9501 MHz, 346.66 W, 96 %
2026/09/30 09:11:11.645, 1845 MHz, 9501 MHz, 347.97 W, 97 %
2026/09/30 09:11:12.645, 1815 MHz, 9501 MHz, 346.73 W, 100 %
2026/09/30 09:11:13.645, 1815 MHz, 9501 MHz, 346.58 W, 97 %
2026/09/30 09:11:14.645, 1845 MHz, 9501 MHz, 347.46 W, 100 %
2026/09/30 09:11:15.645, 1815 MHz, 9501 MHz, 347.63 W, 96 %
2026/09/30 09:11:16.646, 1845 MHz, 9501 MHz, 346.40 W, 100 %
2026/09/30 09:11:17.646, 1785 MHz, 9501 MHz, 348.64 W, 96 %
2026/09/30 09:11:18.646, 1815 MHz, 9501 MHz, 346.17 W, 100 %
2026/09/30 09:11:19.646, 1815 MHz, 9501 MHz, 346.71 W, 100 %
2026/09/30 09:11:20.646, 1860 MHz, 9501 MHz, 347.03 W, 96 %
2026/09/30 09:11:21.647, 1845 MHz, 9501 MHz, 347.08 W, 100 %
2026/09/30 09:11:22.647, 1845 MHz, 9501 MHz, 346.51 W, 96 %
2026/09/30 09:11:23.647, 1830 MHz, 9501 MHz, 346.81 W, 96 %
2026/09/30 09:11:24.647, 1845 MHz, 9501 MHz, 346.22 W, 100 %
2026/09/30 09:11:25.647, 1830 MHz, 9501 MHz, 345.33 W, 96 %
2026/09/30 09:11:26.647, 1830 MHz, 9501 MHz, 344.29 W, 96 %
2026/09/30 09:11:27.648, 1830 MHz, 9501 MHz, 347.06 W, 100 %
2026/09/30 09:11:28.648, 1830 MHz, 9501 MHz, 347.81 W, 96 %
2026/09/30 09:11:29.648, 1830 MHz, 9501 MHz, 347.64 W, 96 %
2026/09/30 09:11:30.648, 1830 MHz, 9501 MHz, 346.70 W, 96 %
2026/09/30 09:11:31.648, 1845 MHz, 9501 MHz, 346.84 W, 100 %
2026/09/30 09:11:32.649, 1830 MHz, 9501 MHz, 347.65 W, 96 %
2026/09/30 09:11:33.649, 1845 MHz, 9501 MHz, 345.95 W, 96 %
2026/09/30 09:11:34.649, 1830 MHz, 9501 MHz, 346.94 W, 96 %
2026/09/30 09:11:35.649, 1800 MHz, 9501 MHz, 347.20 W, 100 %
2026/09/30 09:11:36.649, 1845 MHz, 9501 MHz, 347.20 W, 100 %
2026/09/30 09:11:37.650, 1830 MHz, 9501 MHz, 347.63 W, 100 %
2026/09/30 09:11:38.650, 1785 MHz, 9501 MHz, 348.14 W, 93 %
2026/09/30 09:11:39.650, 1830 MHz, 9501 MHz, 346.36 W, 96 %
2026/09/30 09:11:40.651, 1830 MHz, 9501 MHz, 346.31 W, 100 %
2026/09/30 09:11:41.651, 1830 MHz, 9501 MHz, 345.56 W, 100 %
2026/09/30 09:11:42.651, 1845 MHz, 9501 MHz, 346.45 W, 100 %
2026/09/30 09:11:43.651, 1845 MHz, 9501 MHz, 346.49 W, 100 %
2026/09/30 09:11:44.651, 1845 MHz, 9501 MHz, 346.95 W, 100 %
2026/09/30 09:11:45.651, 1845 MHz, 9501 MHz, 346.33 W, 96 %
2026/09/30 09:11:46.652, 1830 MHz, 9501 MHz, 346.43 W, 96 %
2026/09/30 09:11:47.652, 1860 MHz, 9501 MHz, 346.64 W, 96 %
2026/09/30 09:11:48.652, 1830 MHz, 9501 MHz, 346.84 W, 100 %
2026/09/30 09:11:49.652, 1845 MHz, 9501 MHz, 345.83 W, 96 %
2026/09/30 09:11:50.652, 1845 MHz, 9501 MHz, 345.68 W, 96 %
2026/09/30 09:11:51.653, 1830 MHz, 9501 MHz, 346.97 W, 100 %
2026/09/30 09:11:52.653, 1800 MHz, 9501 MHz, 347.66 W, 100 %
2026/09/30 09:11:53.653, 1845 MHz, 9501 MHz, 346.92 W, 100 %
2026/09/30 09:11:54.653, 1830 MHz, 9501 MHz, 346.64 W, 100 %
2026/09/30 09:11:55.653, 1845 MHz, 9501 MHz, 346.20 W, 100 %
2026/09/30 09:11:56.653, 1845 MHz, 9501 MHz, 347.12 W, 100 %
2026/09/30 09:11:57.654, 1815 MHz, 9501 MHz, 346.58 W, 100 %
2026/09/30 09:11:58.654, 1845 MHz, 9501 MHz, 347.41 W, 100 %
2026/09/30 09:11:59.654, 1860 MHz, 9501 MHz, 346.42 W, 96 %
2026/09/30 09:12:00.654, 1830 MHz, 9501 MHz, 345.47 W, 100 %
2026/09/30 09:12:01.654, 1845 MHz, 9501 MHz, 345.25 W, 96 %
2026/09/30 09:12:02.655, 1860 MHz, 9501 MHz, 345.74 W, 96 %
2026/09/30 09:12:03.655, 1845 MHz, 9501 MHz, 346.02 W, 96 %
2026/09/30 09:12:04.655, 1875 MHz, 9501 MHz, 345.89 W, 96 %
2026/09/30 09:12:05.655, 1845 MHz, 9501 MHz, 345.57 W, 100 %
2026/09/30 09:12:06.655, 1845 MHz, 9501 MHz, 345.57 W, 96 %
2026/09/30 09:12:07.655, 1830 MHz, 9501 MHz, 346.70 W, 100 %
2026/09/30 09:12:08.656, 1830 MHz, 9501 MHz, 345.47 W, 100 %
2026/09/30 09:12:09.656, 1845 MHz, 9501 MHz, 344.37 W, 100 %
2026/09/30 09:12:10.656, 1845 MHz, 9501 MHz, 345.93 W, 100 %
2026/09/30 09:12:11.656, 1845 MHz, 9501 MHz, 347.90 W, 97 %
2026/09/30 09:12:12.656, 1845 MHz, 9501 MHz, 346.20 W, 96 %
2026/09/30 09:12:13.656, 1830 MHz, 9501 MHz, 347.02 W, 100 %
2026/09/30 09:12:14.657, 1845 MHz, 9501 MHz, 346.26 W, 97 %
2026/09/30 09:12:15.657, 1830 MHz, 9501 MHz, 346.48 W, 100 %
2026/09/30 09:12:16.657, 1830 MHz, 9501 MHz, 347.55 W, 100 %
2026/09/30 09:12:17.657, 1845 MHz, 9501 MHz, 345.54 W, 100 %
2026/09/30 09:12:18.658, 1845 MHz, 9501 MHz, 344.74 W, 96 %
2026/09/30 09:12:19.658, 1830 MHz, 9501 MHz, 344.88 W, 100 %
2026/09/30 09:12:20.658, 1830 MHz, 9501 MHz, 347.70 W, 100 %
2026/09/30 09:12:21.658, 1845 MHz, 9501 MHz, 347.10 W, 100 %
2026/09/30 09:12:22.658, 1830 MHz, 9501 MHz, 347.28 W, 96 %
2026/09/30 09:12:23.659, 1860 MHz, 9501 MHz, 345.88 W, 96 %
2026/09/30 09:12:24.659, 1845 MHz, 9501 MHz, 345.57 W, 100 %
2026/09/30 09:12:25.659, 1860 MHz, 9501 MHz, 346.38 W, 100 %
2026/09/30 09:12:26.659, 1860 MHz, 9501 MHz, 346.03 W, 96 %
2026/09/30 09:12:27.659, 1845 MHz, 9501 MHz, 346.76 W, 100 %
2026/09/30 09:12:28.660, 1830 MHz, 9501 MHz, 346.26 W, 100 %
2026/09/30 09:12:29.660, 1860 MHz, 9501 MHz, 346.53 W, 96 %
2026/09/30 09:12:30.660, 1785 MHz, 9501 MHz, 347.59 W, 96 %
2026/09/30 09:12:31.660, 1860 MHz, 9501 MHz, 345.61 W, 100 %
2026/09/30 09:12:32.660, 1860 MHz, 9501 MHz, 346.02 W, 100 %
2026/09/30 09:12:33.660, 1860 MHz, 9501 MHz, 347.23 W, 96 %
2026/09/30 09:12:34.661, 1815 MHz, 9501 MHz, 346.22 W, 100 %
2026/09/30 09:12:35.661, 1860 MHz, 9501 MHz, 346.54 W, 100 %
2026/09/30 09:12:36.661, 1830 MHz, 9501 MHz, 345.67 W, 96 %
2026/09/30 09:12:37.661, 1815 MHz, 9501 MHz, 346.27 W, 100 %
2026/09/30 09:12:38.661, 1845 MHz, 9501 MHz, 347.01 W, 100 %
2026/09/30 09:12:39.661, 1860 MHz, 9501 MHz, 347.31 W, 96 %
2026/09/30 09:12:40.662, 1830 MHz, 9501 MHz, 346.52 W, 100 %
2026/09/30 09:12:41.662, 1845 MHz, 9501 MHz, 347.52 W, 100 %
2026/09/30 09:12:42.662, 1860 MHz, 9501 MHz, 347.57 W, 96 %
2026/09/30 09:12:43.662, 1845 MHz, 9501 MHz, 346.83 W, 100 %
2026/09/30 09:12:44.662, 1860 MHz, 9501 MHz, 346.40 W, 96 %
2026/09/30 09:12:45.662, 1860 MHz, 9501 MHz, 347.28 W, 100 %
2026/09/30 09:12:46.663, 1830 MHz, 9501 MHz, 346.98 W, 100 %
2026/09/30 09:12:47.663, 1875 MHz, 9501 MHz, 346.95 W, 96 %
2026/09/30 09:12:48.663, 1830 MHz, 9501 MHz, 347.73 W, 100 %
2026/09/30 09:12:49.663, 1830 MHz, 9501 MHz, 348.18 W, 96 %
2026/09/30 09:12:50.663, 1845 MHz, 9501 MHz, 347.18 W, 100 %
2026/09/30 09:12:51.663, 1845 MHz, 9501 MHz, 347.60 W, 100 %
2026/09/30 09:12:52.664, 1845 MHz, 9501 MHz, 347.85 W, 100 %
2026/09/30 09:12:53.664, 1830 MHz, 9501 MHz, 347.96 W, 100 %
2026/09/30 09:12:54.664, 1875 MHz, 9501 MHz, 346.88 W, 96 %
2026/09/30 09:12:55.664, 1845 MHz, 9501 MHz, 347.63 W, 100 %
2026/09/30 09:12:56.664, 1860 MHz, 9501 MHz, 347.29 W, 96 %
2026/09/30 09:12:57.665, 1845 MHz, 9501 MHz, 347.18 W, 100 %
2026/09/30 09:12:58.665, 1845 MHz, 9501 MHz, 348.06 W, 96 %
2026/09/30 09:12:59.665, 1860 MHz, 9501 MHz, 347.60 W, 100 %
2026/09/30 09:13:00.665, 1830 MHz, 9501 MHz, 347.65 W, 98 %
2026/09/30 09:13:01.665, 1860 MHz, 9501 MHz, 346.61 W, 100 %
2026/09/30 09:13:02.666, 1860 MHz, 9501 MHz, 347.34 W, 96 %
2026/09/30 09:13:03.666, 1845 MHz, 9501 MHz, 347.43 W, 100 %
2026/09/30 09:13:04.667, 1845 MHz, 9501 MHz, 347.00 W, 96 %
2026/09/30 09:13:05.667, 1860 MHz, 9501 MHz, 347.83 W, 100 %
2026/09/30 09:13:06.667, 1875 MHz, 9501 MHz, 347.10 W, 96 %
2026/09/30 09:13:07.667, 1830 MHz, 9501 MHz, 346.86 W, 100 %
2026/09/30 09:13:08.667, 1845 MHz, 9501 MHz, 346.80 W, 96 %
2026/09/30 09:13:09.667, 1845 MHz, 9501 MHz, 347.48 W, 100 %
2026/09/30 09:13:10.668, 1860 MHz, 9501 MHz, 346.84 W, 96 %
2026/09/30 09:13:11.668, 1845 MHz, 9501 MHz, 348.25 W, 96 %
2026/09/30 09:13:12.668, 1875 MHz, 9501 MHz, 347.66 W, 100 %
2026/09/30 09:13:13.668, 1860 MHz, 9501 MHz, 346.59 W, 96 %
2026/09/30 09:13:14.668, 1860 MHz, 9501 MHz, 347.17 W, 100 %
2026/09/30 09:13:15.669, 1845 MHz, 9501 MHz, 347.79 W, 96 %
2026/09/30 09:13:16.669, 1935 MHz, 9501 MHz, 280.48 W, 0 %
2026/09/30 09:13:17.669, 1695 MHz, 9501 MHz, 266.96 W, 93 %
2026/09/30 09:13:18.669, 1725 MHz, 9501 MHz, 347.90 W, 96 %
2026/09/30 09:13:19.669, 1710 MHz, 9501 MHz, 348.15 W, 96 %
2026/09/30 09:13:20.669, 1695 MHz, 9501 MHz, 346.96 W, 93 %
2026/09/30 09:13:21.670, 1695 MHz, 9501 MHz, 347.44 W, 96 %
2026/09/30 09:13:22.670, 1710 MHz, 9501 MHz, 347.78 W, 95 %
2026/09/30 09:13:23.670, 1710 MHz, 9501 MHz, 347.72 W, 96 %
2026/09/30 09:13:24.670, 1740 MHz, 9501 MHz, 347.13 W, 95 %
2026/09/30 09:13:25.670, 1755 MHz, 9501 MHz, 346.68 W, 96 %
2026/09/30 09:13:26.671, 1740 MHz, 9501 MHz, 347.70 W, 96 %
2026/09/30 09:13:27.671, 1740 MHz, 9501 MHz, 348.37 W, 93 %
2026/09/30 09:13:28.671, 1755 MHz, 9501 MHz, 347.51 W, 96 %
2026/09/30 09:13:29.671, 1710 MHz, 9501 MHz, 348.12 W, 96 %
2026/09/30 09:13:30.671, 1725 MHz, 9501 MHz, 348.59 W, 96 %
2026/09/30 09:13:31.671, 1710 MHz, 9501 MHz, 347.81 W, 96 %
2026/09/30 09:13:32.672, 1725 MHz, 9501 MHz, 347.63 W, 96 %
2026/09/30 09:13:33.672, 1725 MHz, 9501 MHz, 347.69 W, 96 %
2026/09/30 09:13:34.672, 1755 MHz, 9501 MHz, 348.22 W, 93 %
2026/09/30 09:13:35.672, 1755 MHz, 9501 MHz, 348.20 W, 97 %
2026/09/30 09:13:36.672, 1740 MHz, 9501 MHz, 348.18 W, 96 %
2026/09/30 09:13:37.673, 1755 MHz, 9501 MHz, 348.37 W, 96 %
2026/09/30 09:13:38.673, 1755 MHz, 9501 MHz, 348.42 W, 96 %
2026/09/30 09:13:39.673, 1755 MHz, 9501 MHz, 348.59 W, 96 %
2026/09/30 09:13:40.673, 1785 MHz, 9501 MHz, 348.45 W, 100 %
2026/09/30 09:13:41.673, 1770 MHz, 9501 MHz, 349.38 W, 100 %
2026/09/30 09:13:42.673, 1755 MHz, 9501 MHz, 348.12 W, 96 %
2026/09/30 09:13:43.674, 1770 MHz, 9501 MHz, 347.97 W, 93 %
2026/09/30 09:13:44.674, 1740 MHz, 9501 MHz, 348.36 W, 100 %
2026/09/30 09:13:45.674, 1755 MHz, 9501 MHz, 347.64 W, 96 %
2026/09/30 09:13:46.674, 1785 MHz, 9501 MHz, 347.13 W, 96 %
2026/09/30 09:13:47.674, 1770 MHz, 9501 MHz, 347.98 W, 93 %
2026/09/30 09:13:48.674, 1755 MHz, 9501 MHz, 347.28 W, 96 %
2026/09/30 09:13:49.675, 1785 MHz, 9501 MHz, 347.46 W, 96 %
2026/09/30 09:13:50.675, 1755 MHz, 9501 MHz, 348.02 W, 96 %
2026/09/30 09:13:51.675, 1755 MHz, 9501 MHz, 347.53 W, 96 %
2026/09/30 09:13:52.676, 1770 MHz, 9501 MHz, 347.53 W, 97 %
2026/09/30 09:13:53.676, 1755 MHz, 9501 MHz, 348.06 W, 96 %
2026/09/30 09:13:54.676, 1770 MHz, 9501 MHz, 348.62 W, 96 %
2026/09/30 09:13:55.676, 1770 MHz, 9501 MHz, 348.80 W, 100 %
2026/09/30 09:13:56.676, 1770 MHz, 9501 MHz, 349.42 W, 100 %
2026/09/30 09:13:57.677, 1800 MHz, 9501 MHz, 348.88 W, 99 %
2026/09/30 09:13:58.677, 1770 MHz, 9501 MHz, 347.08 W, 93 %
2026/09/30 09:13:59.677, 1800 MHz, 9501 MHz, 346.93 W, 96 %
2026/09/30 09:14:00.677, 1800 MHz, 9501 MHz, 348.65 W, 100 %
2026/09/30 09:14:01.677, 1785 MHz, 9501 MHz, 348.39 W, 96 %
2026/09/30 09:14:02.678, 1755 MHz, 9501 MHz, 348.02 W, 96 %
2026/09/30 09:14:03.678, 1785 MHz, 9501 MHz, 347.81 W, 96 %
2026/09/30 09:14:04.678, 1785 MHz, 9501 MHz, 348.31 W, 96 %
2026/09/30 09:14:05.679, 1770 MHz, 9501 MHz, 347.56 W, 96 %
2026/09/30 09:14:06.679, 1800 MHz, 9501 MHz, 348.54 W, 100 %
2026/09/30 09:14:07.679, 1785 MHz, 9501 MHz, 348.14 W, 96 %
2026/09/30 09:14:08.679, 1785 MHz, 9501 MHz, 347.27 W, 94 %
2026/09/30 09:14:09.679, 1785 MHz, 9501 MHz, 348.22 W, 100 %
2026/09/30 09:14:10.680, 1800 MHz, 9501 MHz, 347.41 W, 96 %
2026/09/30 09:14:11.680, 1785 MHz, 9501 MHz, 348.00 W, 96 %
2026/09/30 09:14:12.680, 1785 MHz, 9501 MHz, 347.88 W, 100 %
2026/09/30 09:14:13.680, 1800 MHz, 9501 MHz, 347.97 W, 100 %
2026/09/30 09:14:14.680, 1785 MHz, 9501 MHz, 348.57 W, 96 %
2026/09/30 09:14:15.681, 1800 MHz, 9501 MHz, 348.20 W, 96 %
2026/09/30 09:14:16.681, 1785 MHz, 9501 MHz, 348.21 W, 96 %
2026/09/30 09:14:17.681, 1800 MHz, 9501 MHz, 348.32 W, 96 %
2026/09/30 09:14:18.681, 1815 MHz, 9501 MHz, 347.51 W, 96 %
2026/09/30 09:14:19.681, 1800 MHz, 9501 MHz, 348.48 W, 100 %
2026/09/30 09:14:20.682, 1785 MHz, 9501 MHz, 348.33 W, 100 %
2026/09/30 09:14:21.682, 1800 MHz, 9501 MHz, 348.00 W, 96 %
2026/09/30 09:14:22.682, 1800 MHz, 9501 MHz, 348.48 W, 96 %
2026/09/30 09:14:23.682, 1785 MHz, 9501 MHz, 347.98 W, 96 %
2026/09/30 09:14:24.682, 1800 MHz, 9501 MHz, 348.60 W, 96 %
2026/09/30 09:14:25.683, 1785 MHz, 9501 MHz, 348.52 W, 96 %
2026/09/30 09:14:26.683, 1815 MHz, 9501 MHz, 349.00 W, 100 %
2026/09/30 09:14:27.683, 1800 MHz, 9501 MHz, 348.64 W, 100 %
2026/09/30 09:14:28.683, 1800 MHz, 9501 MHz, 348.89 W, 96 %
2026/09/30 09:14:29.683, 1800 MHz, 9501 MHz, 348.38 W, 96 %
2026/09/30 09:14:30.684, 1800 MHz, 9501 MHz, 348.21 W, 100 %
2026/09/30 09:14:31.684, 1800 MHz, 9501 MHz, 348.18 W, 98 %
2026/09/30 09:14:32.684, 1800 MHz, 9501 MHz, 346.86 W, 94 %
2026/09/30 09:14:33.684, 1785 MHz, 9501 MHz, 347.65 W, 96 %
2026/09/30 09:14:34.684, 1830 MHz, 9501 MHz, 347.35 W, 100 %
2026/09/30 09:14:35.684, 1785 MHz, 9501 MHz, 347.32 W, 96 %
2026/09/30 09:14:36.685, 1815 MHz, 9501 MHz, 348.07 W, 100 %
2026/09/30 09:14:37.685, 1800 MHz, 9501 MHz, 348.20 W, 96 %
2026/09/30 09:14:38.685, 1830 MHz, 9501 MHz, 348.49 W, 100 %
2026/09/30 09:14:39.685, 1815 MHz, 9501 MHz, 348.07 W, 96 %
2026/09/30 09:14:40.686, 1785 MHz, 9501 MHz, 348.13 W, 100 %
2026/09/30 09:14:41.686, 1800 MHz, 9501 MHz, 347.88 W, 96 %
2026/09/30 09:14:42.686, 1785 MHz, 9501 MHz, 347.82 W, 96 %
2026/09/30 09:14:43.686, 1830 MHz, 9501 MHz, 348.40 W, 100 %
2026/09/30 09:14:44.686, 1800 MHz, 9501 MHz, 348.45 W, 93 %
2026/09/30 09:14:45.687, 1830 MHz, 9501 MHz, 348.12 W, 100 %
2026/09/30 09:14:46.687, 1800 MHz, 9501 MHz, 348.10 W, 96 %
2026/09/30 09:14:47.687, 1785 MHz, 9501 MHz, 348.31 W, 96 %
2026/09/30 09:14:48.687, 1785 MHz, 9501 MHz, 348.50 W, 100 %
2026/09/30 09:14:49.687, 1830 MHz, 9501 MHz, 347.88 W, 100 %
2026/09/30 09:14:50.688, 1815 MHz, 9501 MHz, 348.11 W, 96 %
2026/09/30 09:14:51.688, 1815 MHz, 9501 MHz, 347.54 W, 96 %
2026/09/30 09:14:52.689, 1800 MHz, 9501 MHz, 348.13 W, 97 %
2026/09/30 09:14:53.689, 1785 MHz, 9501 MHz, 348.25 W, 100 %
2026/09/30 09:14:54.689, 1800 MHz, 9501 MHz, 348.54 W, 100 %
2026/09/30 09:14:55.689, 1815 MHz, 9501 MHz, 348.00 W, 100 %
2026/09/30 09:14:56.689, 1800 MHz, 9501 MHz, 347.17 W, 96 %
2026/09/30 09:14:57.689, 1800 MHz, 9501 MHz, 347.38 W, 96 %
2026/09/30 09:14:58.690, 1800 MHz, 9501 MHz, 347.02 W, 96 %
2026/09/30 09:14:59.690, 1800 MHz, 9501 MHz, 347.88 W, 93 %
2026/09/30 09:15:00.690, 1815 MHz, 9501 MHz, 347.62 W, 96 %
2026/09/30 09:15:01.690, 1815 MHz, 9501 MHz, 347.38 W, 96 %
2026/09/30 09:15:02.690, 1815 MHz, 9501 MHz, 347.04 W, 96 %
2026/09/30 09:15:03.691, 1830 MHz, 9501 MHz, 347.88 W, 96 %
2026/09/30 09:15:04.691, 1815 MHz, 9501 MHz, 347.38 W, 96 %
2026/09/30 09:15:05.691, 1815 MHz, 9501 MHz, 348.40 W, 93 %
2026/09/30 09:15:06.691, 1830 MHz, 9501 MHz, 347.42 W, 96 %
2026/09/30 09:15:07.691, 1815 MHz, 9501 MHz, 346.96 W, 96 %
2026/09/30 09:15:08.692, 1830 MHz, 9501 MHz, 347.80 W, 100 %
2026/09/30 09:15:09.692, 1845 MHz, 9501 MHz, 347.36 W, 100 %
2026/09/30 09:15:10.692, 1830 MHz, 9501 MHz, 347.23 W, 100 %
2026/09/30 09:15:11.692, 1815 MHz, 9501 MHz, 347.73 W, 100 %
2026/09/30 09:15:12.692, 1830 MHz, 9501 MHz, 348.10 W, 96 %
2026/09/30 09:15:13.693, 1800 MHz, 9501 MHz, 347.64 W, 96 %
2026/09/30 09:15:14.693, 1845 MHz, 9501 MHz, 348.01 W, 100 %
2026/09/30 09:15:15.693, 1815 MHz, 9501 MHz, 348.29 W, 100 %
2026/09/30 09:15:16.694, 1815 MHz, 9501 MHz, 347.77 W, 100 %
2026/09/30 09:15:17.694, 1830 MHz, 9501 MHz, 347.59 W, 96 %
2026/09/30 09:15:18.694, 1830 MHz, 9501 MHz, 346.74 W, 100 %
2026/09/30 09:15:19.694, 1830 MHz, 9501 MHz, 347.56 W, 100 %
2026/09/30 09:15:20.695, 1845 MHz, 9501 MHz, 347.45 W, 97 %
2026/09/30 09:15:21.696, 1830 MHz, 9501 MHz, 346.80 W, 96 %
2026/09/30 09:15:22.696, 1830 MHz, 9501 MHz, 346.83 W, 100 %
2026/09/30 09:15:23.696, 1815 MHz, 9501 MHz, 347.40 W, 96 %
2026/09/30 09:15:24.697, 1845 MHz, 9501 MHz, 347.28 W, 100 %
2026/09/30 09:15:25.697, 1800 MHz, 9501 MHz, 347.26 W, 100 %
2026/09/30 09:15:26.697, 1815 MHz, 9501 MHz, 346.70 W, 96 %
2026/09/30 09:15:27.697, 1845 MHz, 9501 MHz, 346.44 W, 100 %
2026/09/30 09:15:28.697, 1815 MHz, 9501 MHz, 346.66 W, 96 %
2026/09/30 09:15:29.698, 1845 MHz, 9501 MHz, 347.28 W, 96 %
2026/09/30 09:15:30.698, 1830 MHz, 9501 MHz, 345.61 W, 100 %
2026/09/30 09:15:31.698, 1830 MHz, 9501 MHz, 347.00 W, 96 %
2026/09/30 09:15:32.698, 1815 MHz, 9501 MHz, 346.33 W, 100 %
2026/09/30 09:15:33.698, 1815 MHz, 9501 MHz, 347.02 W, 100 %
2026/09/30 09:15:34.699, 1830 MHz, 9501 MHz, 346.10 W, 96 %
2026/09/30 09:15:35.699, 1845 MHz, 9501 MHz, 346.60 W, 100 %
2026/09/30 09:15:36.699, 1815 MHz, 9501 MHz, 346.77 W, 96 %
2026/09/30 09:15:37.699, 1830 MHz, 9501 MHz, 346.56 W, 98 %
2026/09/30 09:15:38.700, 1815 MHz, 9501 MHz, 346.28 W, 96 %
2026/09/30 09:15:39.701, 1830 MHz, 9501 MHz, 346.04 W, 100 %
2026/09/30 09:15:40.701, 1845 MHz, 9501 MHz, 347.66 W, 100 %
2026/09/30 09:15:41.701, 1815 MHz, 9501 MHz, 347.77 W, 97 %
2026/09/30 09:15:42.701, 1800 MHz, 9501 MHz, 348.06 W, 100 %
2026/09/30 09:15:43.701, 1845 MHz, 9501 MHz, 346.59 W, 96 %
2026/09/30 09:15:44.701, 1830 MHz, 9501 MHz, 346.56 W, 96 %
2026/09/30 09:15:45.702, 1830 MHz, 9501 MHz, 346.07 W, 98 %
2026/09/30 09:15:46.702, 1830 MHz, 9501 MHz, 345.94 W, 96 %
2026/09/30 09:15:47.702, 1830 MHz, 9501 MHz, 347.24 W, 100 %
2026/09/30 09:15:48.702, 1845 MHz, 9501 MHz, 346.48 W, 100 %
2026/09/30 09:15:49.703, 1845 MHz, 9501 MHz, 348.34 W, 96 %
2026/09/30 09:15:50.703, 1830 MHz, 9501 MHz, 346.90 W, 100 %
2026/09/30 09:15:51.703, 1815 MHz, 9501 MHz, 347.24 W, 100 %
2026/09/30 09:15:52.703, 1800 MHz, 9501 MHz, 347.38 W, 96 %
2026/09/30 09:15:53.703, 1815 MHz, 9501 MHz, 346.66 W, 96 %
2026/09/30 09:15:54.703, 1830 MHz, 9501 MHz, 347.23 W, 100 %
2026/09/30 09:15:55.704, 1830 MHz, 9501 MHz, 346.51 W, 100 %
2026/09/30 09:15:56.704, 1860 MHz, 9501 MHz, 347.72 W, 96 %
2026/09/30 09:15:57.704, 1845 MHz, 9501 MHz, 345.43 W, 96 %
2026/09/30 09:15:58.704, 1830 MHz, 9501 MHz, 344.89 W, 96 %
2026/09/30 09:15:59.704, 1830 MHz, 9501 MHz, 346.13 W, 100 %
2026/09/30 09:16:00.705, 1800 MHz, 9501 MHz, 346.78 W, 100 %
2026/09/30 09:16:01.705, 1830 MHz, 9501 MHz, 346.32 W, 98 %
2026/09/30 09:16:02.705, 1785 MHz, 9501 MHz, 347.24 W, 93 %
2026/09/30 09:16:03.706, 1845 MHz, 9501 MHz, 346.16 W, 100 %
2026/09/30 09:16:04.707, 1830 MHz, 9501 MHz, 346.36 W, 100 %
2026/09/30 09:16:05.708, 1830 MHz, 9501 MHz, 347.00 W, 100 %
2026/09/30 09:16:06.708, 1845 MHz, 9501 MHz, 345.94 W, 100 %
2026/09/30 09:16:07.708, 1830 MHz, 9501 MHz, 346.48 W, 100 %
2026/09/30 09:16:08.708, 1830 MHz, 9501 MHz, 345.48 W, 100 %
2026/09/30 09:16:09.708, 1860 MHz, 9501 MHz, 346.32 W, 96 %
2026/09/30 09:16:10.708, 1845 MHz, 9501 MHz, 345.54 W, 96 %
2026/09/30 09:16:11.709, 1830 MHz, 9501 MHz, 345.61 W, 96 %
2026/09/30 09:16:12.709, 1845 MHz, 9501 MHz, 345.18 W, 100 %
2026/09/30 09:16:13.709, 1845 MHz, 9501 MHz, 346.04 W, 96 %
2026/09/30 09:16:14.709, 1830 MHz, 9501 MHz, 346.01 W, 96 %
2026/09/30 09:16:15.709, 1815 MHz, 9501 MHz, 346.26 W, 100 %
2026/09/30 09:16:16.709, 1845 MHz, 9501 MHz, 346.87 W, 100 %
2026/09/30 09:16:17.710, 1845 MHz, 9501 MHz, 346.63 W, 100 %
2026/09/30 09:16:18.710, 1830 MHz, 9501 MHz, 346.18 W, 100 %
2026/09/30 09:16:19.710, 1830 MHz, 9501 MHz, 346.18 W, 100 %
2026/09/30 09:16:20.711, 1830 MHz, 9501 MHz, 345.50 W, 100 %
2026/09/30 09:16:21.711, 1845 MHz, 9501 MHz, 346.32 W, 100 %
2026/09/30 09:16:22.711, 1830 MHz, 9501 MHz, 346.31 W, 100 %
2026/09/30 09:16:23.712, 1815 MHz, 9501 MHz, 347.04 W, 96 %
2026/09/30 09:16:24.712, 1845 MHz, 9501 MHz, 345.53 W, 100 %
2026/09/30 09:16:25.712, 1830 MHz, 9501 MHz, 345.53 W, 96 %
2026/09/30 09:16:26.712, 1845 MHz, 9501 MHz, 345.97 W, 96 %
2026/09/30 09:16:27.713, 1845 MHz, 9501 MHz, 345.89 W, 96 %
2026/09/30 09:16:28.714, 1860 MHz, 9501 MHz, 345.30 W, 96 %
2026/09/30 09:16:29.715, 1845 MHz, 9501 MHz, 346.49 W, 100 %
2026/09/30 09:16:30.715, 1830 MHz, 9501 MHz, 346.23 W, 96 %
2026/09/30 09:16:31.715, 1845 MHz, 9501 MHz, 345.29 W, 100 %
2026/09/30 09:16:32.715, 1845 MHz, 9501 MHz, 343.69 W, 100 %
2026/09/30 09:16:33.715, 1830 MHz, 9501 MHz, 344.81 W, 100 %
2026/09/30 09:16:34.715, 1845 MHz, 9501 MHz, 346.31 W, 99 %
2026/09/30 09:16:35.716, 1830 MHz, 9501 MHz, 347.33 W, 97 %
2026/09/30 09:16:36.716, 1845 MHz, 9501 MHz, 346.33 W, 96 %
2026/09/30 09:16:37.716, 1845 MHz, 9501 MHz, 347.13 W, 100 %
2026/09/30 09:16:38.716, 1830 MHz, 9501 MHz, 346.36 W, 100 %
2026/09/30 09:16:39.716, 1845 MHz, 9501 MHz, 346.22 W, 100 %
2026/09/30 09:16:40.716, 1815 MHz, 9501 MHz, 345.99 W, 99 %
2026/09/30 09:16:41.717, 1830 MHz, 9501 MHz, 346.82 W, 100 %
2026/09/30 09:16:42.717, 1845 MHz, 9501 MHz, 345.21 W, 96 %
2026/09/30 09:16:43.717, 1830 MHz, 9501 MHz, 344.35 W, 100 %
2026/09/30 09:16:44.717, 1830 MHz, 9501 MHz, 347.16 W, 100 %
2026/09/30 09:16:45.718, 1830 MHz, 9501 MHz, 346.51 W, 100 %
2026/09/30 09:16:46.718, 1875 MHz, 9501 MHz, 347.01 W, 96 %
2026/09/30 09:16:47.718, 1860 MHz, 9501 MHz, 346.59 W, 96 %
2026/09/30 09:16:48.718, 1845 MHz, 9501 MHz, 346.30 W, 100 %
2026/09/30 09:16:49.718, 1845 MHz, 9501 MHz, 346.18 W, 96 %
2026/09/30 09:16:50.719, 1830 MHz, 9501 MHz, 347.20 W, 96 %
2026/09/30 09:16:51.719, 1845 MHz, 9501 MHz, 346.59 W, 100 %
2026/09/30 09:16:52.719, 1845 MHz, 9501 MHz, 345.91 W, 100 %
2026/09/30 09:16:53.719, 1830 MHz, 9501 MHz, 346.65 W, 96 %
2026/09/30 09:16:54.719, 1860 MHz, 9501 MHz, 345.99 W, 100 %
2026/09/30 09:16:55.720, 1815 MHz, 9501 MHz, 347.32 W, 100 %
2026/09/30 09:16:56.721, 1815 MHz, 9501 MHz, 347.37 W, 100 %
2026/09/30 09:16:57.721, 1845 MHz, 9501 MHz, 346.63 W, 100 %
2026/09/30 09:16:58.721, 1830 MHz, 9501 MHz, 347.04 W, 100 %
2026/09/30 09:16:59.721, 1860 MHz, 9501 MHz, 346.71 W, 96 %
2026/09/30 09:17:00.722, 1800 MHz, 9501 MHz, 346.07 W, 96 %
2026/09/30 09:17:01.722, 1830 MHz, 9501 MHz, 346.73 W, 100 %
2026/09/30 09:17:02.722, 1830 MHz, 9501 MHz, 346.95 W, 96 %
2026/09/30 09:17:03.722, 1875 MHz, 9501 MHz, 347.37 W, 96 %
2026/09/30 09:17:04.722, 1845 MHz, 9501 MHz, 346.47 W, 100 %
2026/09/30 09:17:05.723, 1845 MHz, 9501 MHz, 346.39 W, 96 %
2026/09/30 09:17:06.723, 1830 MHz, 9501 MHz, 347.22 W, 100 %
2026/09/30 09:17:07.723, 1860 MHz, 9501 MHz, 347.21 W, 100 %
2026/09/30 09:17:08.723, 1845 MHz, 9501 MHz, 347.67 W, 96 %
2026/09/30 09:17:09.723, 1830 MHz, 9501 MHz, 346.51 W, 100 %
2026/09/30 09:17:10.724, 1845 MHz, 9501 MHz, 347.51 W, 98 %
2026/09/30 09:17:11.724, 1830 MHz, 9501 MHz, 347.54 W, 100 %
2026/09/30 09:17:12.724, 1830 MHz, 9501 MHz, 347.22 W, 100 %
2026/09/30 09:17:13.725, 1845 MHz, 9501 MHz, 347.81 W, 96 %
2026/09/30 09:17:14.725, 1845 MHz, 9501 MHz, 346.64 W, 100 %
2026/09/30 09:17:15.725, 1815 MHz, 9501 MHz, 347.69 W, 92 %
2026/09/30 09:17:16.725, 1830 MHz, 9501 MHz, 346.62 W, 100 %
2026/09/30 09:17:17.725, 1860 MHz, 9501 MHz, 347.09 W, 96 %
2026/09/30 09:17:18.726, 1845 MHz, 9501 MHz, 347.96 W, 100 %
2026/09/30 09:17:19.726, 1860 MHz, 9501 MHz, 347.17 W, 96 %
2026/09/30 09:17:20.726, 1875 MHz, 9501 MHz, 346.27 W, 96 %
2026/09/30 09:17:21.726, 1845 MHz, 9501 MHz, 346.60 W, 100 %
2026/09/30 09:17:22.727, 1860 MHz, 9501 MHz, 347.60 W, 100 %
2026/09/30 09:17:23.727, 1860 MHz, 9501 MHz, 347.79 W, 100 %
2026/09/30 09:17:24.727, 1860 MHz, 9501 MHz, 347.67 W, 100 %
2026/09/30 09:17:25.727, 1860 MHz, 9501 MHz, 347.28 W, 100 %
2026/09/30 09:17:26.728, 1845 MHz, 9501 MHz, 347.51 W, 100 %
2026/09/30 09:17:27.728, 1845 MHz, 9501 MHz, 346.76 W, 96 %
2026/09/30 09:17:28.728, 1860 MHz, 9501 MHz, 345.92 W, 100 %
2026/09/30 09:17:29.728, 1860 MHz, 9501 MHz, 347.15 W, 96 %
2026/09/30 09:17:30.728, 1845 MHz, 9501 MHz, 347.78 W, 100 %
2026/09/30 09:17:31.728, 1845 MHz, 9501 MHz, 347.59 W, 96 %
2026/09/30 09:17:32.729, 1845 MHz, 9501 MHz, 347.97 W, 100 %
2026/09/30 09:17:33.729, 1860 MHz, 9501 MHz, 346.05 W, 96 %
2026/09/30 09:17:34.729, 1860 MHz, 9501 MHz, 347.56 W, 100 %
2026/09/30 09:17:35.729, 1860 MHz, 9501 MHz, 347.52 W, 96 %
2026/09/30 09:17:36.729, 1845 MHz, 9501 MHz, 348.26 W, 100 %
2026/09/30 09:17:37.729, 1860 MHz, 9501 MHz, 348.57 W, 96 %
2026/09/30 09:17:38.730, 1845 MHz, 9501 MHz, 346.38 W, 96 %
2026/09/30 09:17:39.730, 1830 MHz, 9501 MHz, 346.99 W, 100 %
