2026/09/28 03:38:46.725, 510 MHz, 9501 MHz, 179.69 W, 100 %
2026/09/28 03:38:47.732, 1755 MHz, 9501 MHz, 134.39 W, 0 %
2026/09/28 03:38:48.732, 1755 MHz, 9501 MHz, 129.28 W, 0 %
2026/09/28 03:38:49.732, 1755 MHz, 9501 MHz, 129.27 W, 0 %
2026/09/28 03:38:50.732, 1755 MHz, 9501 MHz, 129.35 W, 0 %
2026/09/28 03:38:51.732, 1755 MHz, 9501 MHz, 129.41 W, 0 %
2026/09/28 03:38:52.733, 1755 MHz, 9501 MHz, 129.41 W, 0 %
2026/09/28 03:38:53.733, 1755 MHz, 9501 MHz, 129.26 W, 0 %
2026/09/28 03:38:54.733, 1755 MHz, 9501 MHz, 129.11 W, 0 %
2026/09/28 03:38:55.733, 1755 MHz, 9501 MHz, 129.16 W, 0 %
2026/09/28 03:38:56.733, 1755 MHz, 9501 MHz, 129.12 W, 0 %
2026/09/28 03:38:57.734, 1755 MHz, 9501 MHz, 129.10 W, 0 %
2026/09/28 03:38:58.734, 1755 MHz, 9501 MHz, 129.12 W, 0 %
2026/09/28 03:38:59.734, 1755 MHz, 9501 MHz, 129.04 W, 0 %
2026/09/28 03:39:00.734, 555 MHz, 9501 MHz, 138.07 W, 100 %
2026/09/28 03:39:01.735, 645 MHz, 9501 MHz, 180.20 W, 100 %
2026/09/28 03:39:02.735, 645 MHz, 9501 MHz, 180.25 W, 100 %
2026/09/28 03:39:03.735, 585 MHz, 9501 MHz, 180.38 W, 100 %
2026/09/28 03:39:04.735, 600 MHz, 9501 MHz, 180.33 W, 100 %
2026/09/28 03:39:05.735, 525 MHz, 9501 MHz, 179.99 W, 100 %
2026/09/28 03:39:06.736, 600 MHz, 9501 MHz, 180.14 W, 100 %
2026/09/28 03:39:07.736, 600 MHz, 9501 MHz, 179.88 W, 100 %
2026/09/28 03:39:08.736, 615 MHz, 9501 MHz, 179.89 W, 100 %
2026/09/28 03:39:09.736, 480 MHz, 9501 MHz, 180.02 W, 100 %
2026/09/28 03:39:10.736, 570 MHz, 9501 MHz, 179.71 W, 95 %
2026/09/28 03:39:11.737, 510 MHz, 9501 MHz, 179.55 W, 100 %
2026/09/28 03:39:12.737, 570 MHz, 9501 MHz, 179.64 W, 100 %
2026/09/28 03:39:13.737, 600 MHz, 9501 MHz, 179.85 W, 100 %
2026/09/28 03:39:14.737, 465 MHz, 9501 MHz, 179.88 W, 100 %
2026/09/28 03:39:15.737, 510 MHz, 9501 MHz, 179.97 W, 100 %
2026/09/28 03:39:16.738, 495 MHz, 9501 MHz, 179.45 W, 95 %
2026/09/28 03:39:17.738, 495 MHz, 9501 MHz, 179.51 W, 100 %
2026/09/28 03:39:18.738, 585 MHz, 9501 MHz, 179.78 W, 100 %
2026/09/28 03:39:19.738, 600 MHz, 9501 MHz, 179.73 W, 100 %
2026/09/28 03:39:20.738, 450 MHz, 9501 MHz, 179.80 W, 100 %
2026/09/28 03:39:21.739, 480 MHz, 9501 MHz, 179.94 W, 100 %
2026/09/28 03:39:22.739, 555 MHz, 9501 MHz, 179.48 W, 95 %
2026/09/28 03:39:23.739, 510 MHz, 9501 MHz, 179.45 W, 100 %
2026/09/28 03:39:24.739, 585 MHz, 9501 MHz, 179.62 W, 100 %
2026/09/28 03:39:25.739, 570 MHz, 9501 MHz, 179.88 W, 100 %
2026/09/28 03:39:26.740, 630 MHz, 9501 MHz, 179.81 W, 100 %
2026/09/28 03:39:27.740, 570 MHz, 9501 MHz, 179.76 W, 100 %
2026/09/28 03:39:28.740, 300 MHz, 9501 MHz, 180.05 W, 100 %
2026/09/28 03:39:29.740, 510 MHz, 9501 MHz, 179.62 W, 95 %
2026/09/28 03:39:30.740, 600 MHz, 9501 MHz, 179.37 W, 100 %
2026/09/28 03:39:31.741, 555 MHz, 9501 MHz, 179.80 W, 100 %
2026/09/28 03:39:32.741, 540 MHz, 9501 MHz, 179.83 W, 100 %
2026/09/28 03:39:33.741, 615 MHz, 9501 MHz, 179.75 W, 100 %
2026/09/28 03:39:34.741, 570 MHz, 9501 MHz, 179.74 W, 100 %
2026/09/28 03:39:35.741, 510 MHz, 9501 MHz, 179.92 W, 100 %
2026/09/28 03:39:36.742, 555 MHz, 9501 MHz, 179.76 W, 100 %
2026/09/28 03:39:37.742, 495 MHz, 9501 MHz, 179.47 W, 100 %
2026/09/28 03:39:38.742, 600 MHz, 9501 MHz, 179.71 W, 100 %
2026/09/28 03:39:39.742, 540 MHz, 9501 MHz, 179.76 W, 100 %
2026/09/28 03:39:40.742, 510 MHz, 9501 MHz, 179.86 W, 100 %
2026/09/28 03:39:41.743, 495 MHz, 9501 MHz, 179.86 W, 100 %
2026/09/28 03:39:42.743, 570 MHz, 9501 MHz, 179.80 W, 100 %
2026/09/28 03:39:43.743, 540 MHz, 9501 MHz, 179.78 W, 100 %
2026/09/28 03:39:44.743, 510 MHz, 9501 MHz, 179.68 W, 100 %
2026/09/28 03:39:45.743, 555 MHz, 9501 MHz, 179.77 W, 100 %
2026/09/28 03:39:46.744, 495 MHz, 9501 MHz, 179.80 W, 100 %
2026/09/28 03:39:47.744, 540 MHz, 9501 MHz, 179.65 W, 100 %
2026/09/28 03:39:48.744, 540 MHz, 9501 MHz, 179.81 W, 100 %
2026/09/28 03:39:49.744, 570 MHz, 9501 MHz, 180.12 W, 100 %
2026/09/28 03:39:50.744, 570 MHz, 9501 MHz, 179.85 W, 100 %
2026/09/28 03:39:51.745, 510 MHz, 9501 MHz, 179.61 W, 100 %
2026/09/28 03:39:52.745, 555 MHz, 9501 MHz, 179.67 W, 100 %
2026/09/28 03:39:53.745, 510 MHz, 9501 MHz, 179.80 W, 100 %
2026/09/28 03:39:54.745, 585 MHz, 9501 MHz, 179.35 W, 95 %
2026/09/28 03:39:55.746, 570 MHz, 9501 MHz, 179.58 W, 100 %
2026/09/28 03:39:56.746, 555 MHz, 9501 MHz, 180.03 W, 100 %
2026/09/28 03:39:57.746, 495 MHz, 9501 MHz, 179.80 W, 100 %
2026/09/28 03:39:58.746, 615 MHz, 9501 MHz, 179.74 W, 100 %
2026/09/28 03:39:59.746, 570 MHz, 9501 MHz, 179.85 W, 100 %
2026/09/28 03:40:00.747, 480 MHz, 9501 MHz, 179.77 W, 100 %
2026/09/28 03:40:01.747, 375 MHz, 9501 MHz, 179.98 W, 100 %
2026/09/28 03:40:02.747, 540 MHz, 9501 MHz, 179.48 W, 93 %
2026/09/28 03:40:03.747, 585 MHz, 9501 MHz, 179.74 W, 100 %
2026/09/28 03:40:04.747, 570 MHz, 9501 MHz, 180.02 W, 100 %
2026/09/28 03:40:05.748, 540 MHz, 9501 MHz, 179.77 W, 100 %
2026/09/28 03:40:06.748, 390 MHz, 9501 MHz, 179.74 W, 100 %
2026/09/28 03:40:07.748, 555 MHz, 9501 MHz, 179.63 W, 100 %
2026/09/28 03:40:08.748, 540 MHz, 9501 MHz, 179.70 W, 100 %
2026/09/28 03:40:09.748, 420 MHz, 9501 MHz, 179.97 W, 100 %
2026/09/28 03:40:10.749, 555 MHz, 9501 MHz, 179.27 W, 93 %
2026/09/28 03:40:11.749, 555 MHz, 9501 MHz, 179.49 W, 93 %
2026/09/28 03:40:12.749, 495 MHz, 9501 MHz, 179.42 W, 100 %
2026/09/28 03:40:13.749, 570 MHz, 9501 MHz, 179.91 W, 100 %
2026/09/28 03:40:14.749, 585 MHz, 9501 MHz, 179.67 W, 100 %
2026/09/28 03:40:15.749, 540 MHz, 9501 MHz, 179.64 W, 100 %
2026/09/28 03:40:16.750, 510 MHz, 9501 MHz, 179.63 W, 100 %
2026/09/28 03:40:17.750, 540 MHz, 9501 MHz, 179.77 W, 100 %
2026/09/28 03:40:18.750, 360 MHz, 9501 MHz, 179.93 W, 100 %
2026/09/28 03:40:19.750, 660 MHz, 9501 MHz, 179.62 W, 100 %
2026/09/28 03:40:20.750, 525 MHz, 9501 MHz, 179.53 W, 100 %
2026/09/28 03:40:21.750, 495 MHz, 9501 MHz, 179.38 W, 100 %
2026/09/28 03:40:22.751, 615 MHz, 9501 MHz, 179.67 W, 100 %
2026/09/28 03:40:23.751, 570 MHz, 9501 MHz, 179.75 W, 100 %
2026/09/28 03:40:24.751, 555 MHz, 9501 MHz, 179.40 W, 100 %
2026/09/28 03:40:25.751, 495 MHz, 9501 MHz, 179.63 W, 97 %
2026/09/28 03:40:26.751, 585 MHz, 9501 MHz, 179.52 W, 95 %
2026/09/28 03:40:27.752, 495 MHz, 9501 MHz, 179.55 W, 100 %
2026/09/28 03:40:28.752, 660 MHz, 9501 MHz, 179.88 W, 100 %
2026/09/28 03:40:29.752, 540 MHz, 9501 MHz, 179.59 W, 100 %
2026/09/28 03:40:30.752, 615 MHz, 9501 MHz, 179.70 W, 100 %
2026/09/28 03:40:31.752, 525 MHz, 9501 MHz, 179.61 W, 100 %
2026/09/28 03:40:32.752, 570 MHz, 9501 MHz, 179.43 W, 100 %
2026/09/28 03:40:33.753, 465 MHz, 9501 MHz, 179.65 W, 100 %
2026/09/28 03:40:34.753, 825 MHz, 9501 MHz, 179.82 W, 100 %
2026/09/28 03:40:35.753, 540 MHz, 9501 MHz, 179.42 W, 96 %
2026/09/28 03:40:36.753, 555 MHz, 9501 MHz, 179.40 W, 95 %
2026/09/28 03:40:37.753, 450 MHz, 9501 MHz, 179.56 W, 100 %
2026/09/28 03:40:38.754, 525 MHz, 9501 MHz, 179.51 W, 100 %
2026/09/28 03:40:39.754, 630 MHz, 9501 MHz, 179.61 W, 100 %
2026/09/28 03:40:40.754, 465 MHz, 9501 MHz, 179.66 W, 100 %
2026/09/28 03:40:41.754, 555 MHz, 9501 MHz, 179.76 W, 100 %
2026/09/28 03:40:42.754, 600 MHz, 9501 MHz, 179.65 W, 100 %
2026/09/28 03:40:43.755, 375 MHz, 9501 MHz, 179.67 W, 100 %
2026/09/28 03:40:44.755, 600 MHz, 9501 MHz, 179.88 W, 100 %
2026/09/28 03:40:45.755, 615 MHz, 9501 MHz, 179.62 W, 100 %
2026/09/28 03:40:46.755, 645 MHz, 9501 MHz, 179.73 W, 100 %
2026/09/28 03:40:47.755, 480 MHz, 9501 MHz, 179.47 W, 100 %
2026/09/28 03:40:48.755, 525 MHz, 9501 MHz, 179.89 W, 100 %
2026/09/28 03:40:49.756, 600 MHz, 9501 MHz, 179.59 W, 100 %
2026/09/28 03:40:50.756, 495 MHz, 9501 MHz, 179.60 W, 100 %
2026/09/28 03:40:51.756, 795 MHz, 9501 MHz, 179.89 W, 100 %
2026/09/28 03:40:52.756, 525 MHz, 9501 MHz, 179.44 W, 94 %
2026/09/28 03:40:53.756, 585 MHz, 9501 MHz, 179.59 W, 93 %
2026/09/28 03:40:54.757, 450 MHz, 9501 MHz, 179.59 W, 100 %
2026/09/28 03:40:55.757, 615 MHz, 9501 MHz, 179.78 W, 100 %
2026/09/28 03:40:56.757, 540 MHz, 9501 MHz, 179.58 W, 100 %
2026/09/28 03:40:57.757, 585 MHz, 9501 MHz, 179.76 W, 100 %
2026/09/28 03:40:58.757, 540 MHz, 9501 MHz, 179.48 W, 100 %
2026/09/28 03:40:59.758, 465 MHz, 9501 MHz, 179.54 W, 100 %
2026/09/28 03:41:00.758, 615 MHz, 9501 MHz, 179.81 W, 100 %
2026/09/28 03:41:01.758, 435 MHz, 9501 MHz, 179.85 W, 100 %
2026/09/28 03:41:02.758, 405 MHz, 9501 MHz, 180.14 W, 100 %
2026/09/28 03:41:03.758, 600 MHz, 9501 MHz, 179.71 W, 100 %
2026/09/28 03:41:04.759, 600 MHz, 9501 MHz, 179.67 W, 100 %
2026/09/28 03:41:05.759, 615 MHz, 9501 MHz, 179.65 W, 100 %
2026/09/28 03:41:06.759, 645 MHz, 9501 MHz, 179.70 W, 100 %
2026/09/28 03:41:07.759, 675 MHz, 9501 MHz, 179.53 W, 100 %
2026/09/28 03:41:08.760, 585 MHz, 9501 MHz, 179.55 W, 100 %
2026/09/28 03:41:09.760, 480 MHz, 9501 MHz, 179.71 W, 100 %
2026/09/28 03:41:10.760, 795 MHz, 9501 MHz, 179.41 W, 100 %
2026/09/28 03:41:11.760, 525 MHz, 9501 MHz, 179.42 W, 93 %
2026/09/28 03:41:12.760, 600 MHz, 9501 MHz, 179.77 W, 94 %
2026/09/28 03:41:13.761, 480 MHz, 9501 MHz, 179.52 W, 100 %
2026/09/28 03:41:14.761, 600 MHz, 9501 MHz, 179.49 W, 100 %
2026/09/28 03:41:15.761, 405 MHz, 9501 MHz, 179.57 W, 100 %
2026/09/28 03:41:16.761, 540 MHz, 9501 MHz, 179.24 W, 100 %
2026/09/28 03:41:17.761, 525 MHz, 9501 MHz, 179.65 W, 100 %
2026/09/28 03:41:18.762, 510 MHz, 9501 MHz, 179.69 W, 100 %
2026/09/28 03:41:19.762, 540 MHz, 9501 MHz, 179.79 W, 100 %
2026/09/28 03:41:20.762, 360 MHz, 9501 MHz, 179.69 W, 100 %
2026/09/28 03:41:21.762, 435 MHz, 9501 MHz, 179.42 W, 94 %
2026/09/28 03:41:22.763, 585 MHz, 9501 MHz, 179.49 W, 100 %
2026/09/28 03:41:23.763, 510 MHz, 9501 MHz, 179.57 W, 100 %
2026/09/28 03:41:24.763, 555 MHz, 9501 MHz, 179.48 W, 100 %
2026/09/28 03:41:25.763, 645 MHz, 9501 MHz, 179.64 W, 100 %
2026/09/28 03:41:26.763, 645 MHz, 9501 MHz, 179.35 W, 100 %
2026/09/28 03:41:27.764, 645 MHz, 9501 MHz, 179.64 W, 100 %
2026/09/28 03:41:28.764, 510 MHz, 9501 MHz, 179.60 W, 100 %
2026/09/28 03:41:29.764, 450 MHz, 9501 MHz, 179.84 W, 100 %
2026/09/28 03:41:30.764, 600 MHz, 9501 MHz, 179.53 W, 95 %
2026/09/28 03:41:31.764, 615 MHz, 9501 MHz, 179.45 W, 98 %
2026/09/28 03:41:32.765, 600 MHz, 9501 MHz, 179.38 W, 100 %
2026/09/28 03:41:33.766, 450 MHz, 9501 MHz, 179.79 W, 100 %
2026/09/28 03:41:34.766, 510 MHz, 9501 MHz, 179.52 W, 100 %
2026/09/28 03:41:35.766, 570 MHz, 9501 MHz, 179.45 W, 100 %
2026/09/28 03:41:36.766, 570 MHz, 9501 MHz, 179.40 W, 100 %
2026/09/28 03:41:37.766, 525 MHz, 9501 MHz, 179.57 W, 100 %
2026/09/28 03:41:38.767, 525 MHz, 9501 MHz, 179.87 W, 100 %
2026/09/28 03:41:39.767, 555 MHz, 9501 MHz, 179.87 W, 100 %
2026/09/28 03:41:40.767, 375 MHz, 9501 MHz, 179.86 W, 100 %
2026/09/28 03:41:41.767, 495 MHz, 9501 MHz, 179.59 W, 100 %
2026/09/28 03:41:42.767, 555 MHz, 9501 MHz, 179.55 W, 100 %
2026/09/28 03:41:43.768, 630 MHz, 9501 MHz, 179.25 W, 100 %
2026/09/28 03:41:44.768, 645 MHz, 9501 MHz, 179.44 W, 100 %
2026/09/28 03:41:45.768, 570 MHz, 9501 MHz, 179.83 W, 100 %
2026/09/28 03:41:46.768, 630 MHz, 9501 MHz, 179.36 W, 100 %
2026/09/28 03:41:47.768, 540 MHz, 9501 MHz, 179.64 W, 100 %
2026/09/28 03:41:48.769, 510 MHz, 9501 MHz, 179.73 W, 100 %
2026/09/28 03:41:49.769, 420 MHz, 9501 MHz, 179.66 W, 100 %
2026/09/28 03:41:50.769, 645 MHz, 9501 MHz, 179.24 W, 96 %
2026/09/28 03:41:51.769, 675 MHz, 9501 MHz, 179.41 W, 100 %
2026/09/28 03:41:52.770, 555 MHz, 9501 MHz, 179.53 W, 100 %
2026/09/28 03:41:53.770, 435 MHz, 9501 MHz, 179.57 W, 100 %
2026/09/28 03:41:54.770, 705 MHz, 9501 MHz, 179.48 W, 100 %
2026/09/28 03:41:55.770, 720 MHz, 9501 MHz, 179.17 W, 100 %
2026/09/28 03:41:56.770, 555 MHz, 9501 MHz, 179.30 W, 100 %
2026/09/28 03:41:57.771, 495 MHz, 9501 MHz, 179.63 W, 100 %
2026/09/28 03:41:58.771, 705 MHz, 9501 MHz, 179.44 W, 100 %
2026/09/28 03:41:59.771, 480 MHz, 9501 MHz, 179.85 W, 100 %
2026/09/28 03:42:00.771, 495 MHz, 9501 MHz, 179.80 W, 100 %
2026/09/28 03:42:01.771, 540 MHz, 9501 MHz, 179.63 W, 100 %
2026/09/28 03:42:02.772, 525 MHz, 9501 MHz, 179.57 W, 100 %
2026/09/28 03:42:03.772, 705 MHz, 9501 MHz, 179.33 W, 100 %
2026/09/28 03:42:04.772, 540 MHz, 9501 MHz, 179.71 W, 100 %
2026/09/28 03:42:05.772, 735 MHz, 9501 MHz, 179.37 W, 100 %
2026/09/28 03:42:06.772, 495 MHz, 9501 MHz, 179.61 W, 100 %
2026/09/28 03:42:07.773, 540 MHz, 9501 MHz, 179.60 W, 100 %
2026/09/28 03:42:08.773, 675 MHz, 9501 MHz, 179.66 W, 100 %
2026/09/28 03:42:09.773, 615 MHz, 9501 MHz, 179.46 W, 100 %
2026/09/28 03:42:10.773, 420 MHz, 9501 MHz, 179.60 W, 100 %
2026/09/28 03:42:11.773, 645 MHz, 9501 MHz, 179.27 W, 93 %
2026/09/28 03:42:12.774, 525 MHz, 9501 MHz, 178.94 W, 93 %
2026/09/28 03:42:13.774, 480 MHz, 9501 MHz, 179.37 W, 100 %
2026/09/28 03:42:14.774, 600 MHz, 9501 MHz, 179.45 W, 100 %
2026/09/28 03:42:15.774, 495 MHz, 9501 MHz, 179.41 W, 100 %
2026/09/28 03:42:16.774, 660 MHz, 9501 MHz, 179.15 W, 100 %
2026/09/28 03:42:17.775, 525 MHz, 9501 MHz, 179.51 W, 100 %
2026/09/28 03:42:18.775, 600 MHz, 9501 MHz, 179.30 W, 100 %
2026/09/28 03:42:19.775, 585 MHz, 9501 MHz, 179.46 W, 100 %
2026/09/28 03:42:20.775, 900 MHz, 9501 MHz, 179.00 W, 93 %
2026/09/28 03:42:21.775, 645 MHz, 9501 MHz, 179.63 W, 93 %
2026/09/28 03:42:22.776, 690 MHz, 9501 MHz, 179.27 W, 100 %
2026/09/28 03:42:23.776, 735 MHz, 9501 MHz, 179.36 W, 100 %
2026/09/28 03:42:24.776, 705 MHz, 9501 MHz, 179.46 W, 100 %
2026/09/28 03:42:25.776, 525 MHz, 9501 MHz, 179.68 W, 100 %
2026/09/28 03:42:26.776, 660 MHz, 9501 MHz, 179.51 W, 100 %
2026/09/28 03:42:27.777, 750 MHz, 9501 MHz, 179.35 W, 100 %
2026/09/28 03:42:28.777, 525 MHz, 9501 MHz, 179.50 W, 100 %
2026/09/28 03:42:29.777, 465 MHz, 9501 MHz, 179.72 W, 100 %
2026/09/28 03:42:30.777, 615 MHz, 9501 MHz, 179.38 W, 100 %
2026/09/28 03:42:31.777, 465 MHz, 9501 MHz, 179.42 W, 100 %
2026/09/28 03:42:32.778, 735 MHz, 9501 MHz, 179.17 W, 100 %
2026/09/28 03:42:33.778, 735 MHz, 9501 MHz, 179.54 W, 100 %
2026/09/28 03:42:34.778, 690 MHz, 9501 MHz, 179.41 W, 100 %
2026/09/28 03:42:35.778, 420 MHz, 9501 MHz, 179.37 W, 100 %
2026/09/28 03:42:36.778, 675 MHz, 9501 MHz, 179.35 W, 100 %
2026/09/28 03:42:37.779, 540 MHz, 9501 MHz, 179.29 W, 100 %
2026/09/28 03:42:38.779, 510 MHz, 9501 MHz, 179.56 W, 100 %
2026/09/28 03:42:39.779, 645 MHz, 9501 MHz, 179.48 W, 100 %
2026/09/28 03:42:40.779, 630 MHz, 9501 MHz, 179.69 W, 100 %
2026/09/28 03:42:41.779, 495 MHz, 9501 MHz, 179.75 W, 100 %
2026/09/28 03:42:42.780, 555 MHz, 9501 MHz, 179.54 W, 100 %
2026/09/28 03:42:43.780, 645 MHz, 9501 MHz, 179.25 W, 95 %
2026/09/28 03:42:44.780, 705 MHz, 9501 MHz, 179.47 W, 95 %
2026/09/28 03:42:45.780, 660 MHz, 9501 MHz, 179.44 W, 100 %
2026/09/28 03:42:46.780, 705 MHz, 9501 MHz, 179.39 W, 100 %
2026/09/28 03:42:47.781, 465 MHz, 9501 MHz, 179.73 W, 100 %
2026/09/28 03:42:48.781, 465 MHz, 9501 MHz, 179.06 W, 100 %
2026/09/28 03:42:49.781, 495 MHz, 9501 MHz, 179.09 W, 100 %
2026/09/28 03:42:50.781, 540 MHz, 9501 MHz, 179.16 W, 100 %
2026/09/28 03:42:51.782, 615 MHz, 9501 MHz, 179.71 W, 100 %
2026/09/28 03:42:52.782, 735 MHz, 9501 MHz, 179.40 W, 96 %
2026/09/28 03:42:53.782, 495 MHz, 9501 MHz, 179.34 W, 96 %
2026/09/28 03:42:54.782, 480 MHz, 9501 MHz, 179.21 W, 100 %
2026/09/28 03:42:55.782, 495 MHz, 9501 MHz, 179.30 W, 100 %
2026/09/28 03:42:56.783, 450 MHz, 9501 MHz, 179.35 W, 100 %
2026/09/28 03:42:57.783, 570 MHz, 9501 MHz, 179.62 W, 100 %
2026/09/28 03:42:58.783, 780 MHz, 9501 MHz, 179.41 W, 100 %
2026/09/28 03:42:59.783, 600 MHz, 9501 MHz, 179.27 W, 100 %
2026/09/28 03:43:00.783, 750 MHz, 9501 MHz, 179.71 W, 100 %
2026/09/28 03:43:01.784, 510 MHz, 9501 MHz, 179.71 W, 100 %
2026/09/28 03:43:02.784, 480 MHz, 9501 MHz, 179.43 W, 100 %
2026/09/28 03:43:03.784, 750 MHz, 9501 MHz, 179.47 W, 100 %
2026/09/28 03:43:04.784, 660 MHz, 9501 MHz, 179.73 W, 100 %
2026/09/28 03:43:05.784, 600 MHz, 9501 MHz, 179.69 W, 100 %
2026/09/28 03:43:06.785, 555 MHz, 9501 MHz, 179.34 W, 100 %
2026/09/28 03:43:07.785, 555 MHz, 9501 MHz, 179.34 W, 100 %
2026/09/28 03:43:08.785, 510 MHz, 9501 MHz, 179.38 W, 100 %
2026/09/28 03:43:09.785, 465 MHz, 9501 MHz, 179.33 W, 100 %
2026/09/28 03:43:10.785, 525 MHz, 9501 MHz, 179.72 W, 100 %
2026/09/28 03:43:11.786, 510 MHz, 9501 MHz, 178.98 W, 100 %
2026/09/28 03:43:12.786, 795 MHz, 9501 MHz, 179.54 W, 100 %
2026/09/28 03:43:13.786, 510 MHz, 9501 MHz, 179.63 W, 100 %
2026/09/28 03:43:14.786, 525 MHz, 9501 MHz, 179.55 W, 100 %
2026/09/28 03:43:15.786, 600 MHz, 9501 MHz, 179.20 W, 100 %
2026/09/28 03:43:16.787, 450 MHz, 9501 MHz, 178.94 W, 100 %
2026/09/28 03:43:17.787, 600 MHz, 9501 MHz, 179.79 W, 100 %
2026/09/28 03:43:18.787, 675 MHz, 9501 MHz, 179.24 W, 100 %
2026/09/28 03:43:19.787, 525 MHz, 9501 MHz, 179.47 W, 100 %
2026/09/28 03:43:20.787, 705 MHz, 9501 MHz, 179.77 W, 100 %
2026/09/28 03:43:21.788, 465 MHz, 9501 MHz, 179.57 W, 100 %
2026/09/28 03:43:22.788, 450 MHz, 9501 MHz, 179.69 W, 100 %
2026/09/28 03:43:23.788, 525 MHz, 9501 MHz, 179.34 W, 100 %
2026/09/28 03:43:24.788, 555 MHz, 9501 MHz, 179.17 W, 100 %
2026/09/28 03:43:25.788, 645 MHz, 9501 MHz, 179.39 W, 100 %
2026/09/28 03:43:26.789, 705 MHz, 9501 MHz, 179.39 W, 100 %
2026/09/28 03:43:27.789, 615 MHz, 9501 MHz, 179.17 W, 100 %
2026/09/28 03:43:28.789, 450 MHz, 9501 MHz, 178.94 W, 100 %
2026/09/28 03:43:29.789, 480 MHz, 9501 MHz, 179.60 W, 100 %
2026/09/28 03:43:30.789, 765 MHz, 9501 MHz, 179.20 W, 100 %
2026/09/28 03:43:31.790, 615 MHz, 9501 MHz, 179.34 W, 100 %
2026/09/28 03:43:32.790, 660 MHz, 9501 MHz, 179.53 W, 100 %
2026/09/28 03:43:33.790, 600 MHz, 9501 MHz, 179.36 W, 100 %
