t,server_alive,health,gpu_mib,rss_kib,running,waiting,kv_usage,preemptions,restarts
1790741545,1,200,22500,32658968,0,0,0,0,0
1790741605,1,200,23472,32875264,2,0,0.262346,0,0
1790741665,1,200,23472,32880832,2,0,0.425926,0,0
1790741726,1,200,23472,32880876,2,0,0.567901,0,0
1790741786,1,200,23494,32880892,2,0,0.691358,0,0
1790741846,1,200,23494,32882588,2,0,0.524691,0,0
1790741906,1,200,23494,32884720,2,0,0.111111,0,0
1790741966,1,200,23494,32884720,2,0,0.262346,0,0
1790742026,1,200,23494,32884724,2,0,0.179012,0,0
1790742086,1,200,23494,32884732,1,0,0.0432099,0,0
1790742147,1,200,23494,32884732,2,0,0.330247,0,0
1790742207,1,200,23494,32886820,2,0,0.231481,0,0
1790742267,1,200,23494,32890720,2,0,0.345679,0,0
1790742327,1,200,23494,32890724,2,0,0.496914,0,0
1790742387,1,200,23494,32890724,2,0,0.632716,0,0
1790742447,1,200,23494,32890724,2,0,0.759259,0,0
1790742508,1,200,23494,32890988,2,0,0.0987654,0,0
1790742568,1,200,23494,32890988,2,0,0.0802469,0,0
1790742628,1,200,23494,32891192,2,0,0.179012,0,0
1790742688,1,200,23494,32891192,2,0,0.320988,0,0
1790742748,1,200,23494,32891192,2,0,0.12963,0,0
1790742808,1,200,23494,32891192,2,0,0.425926,0,0
1790742868,1,200,23494,32891192,2,0,0.141975,0,0
1790742929,1,200,23494,32892172,2,0,0.330247,0,0
1790742989,1,200,23494,32892652,2,0,0.157407,0,0
1790743049,1,200,23494,32893988,2,0,0.209877,0,0
1790743109,1,200,23494,32893988,2,0,0.0987654,0,0
1790743169,1,200,23494,32893988,2,0,0.0833333,0,0
1790743229,1,200,23494,32894116,2,0,0.188272,0,0
1790743289,1,200,23494,32897728,2,0,0.234568,0,0
1790743350,1,200,23494,32897728,2,0,0.354938,0,0
1790743410,1,200,23494,32897728,2,0,0.493827,0,0
1790743470,1,200,23494,32897728,2,0,0.111111,0,0
1790743530,1,200,23494,32897728,2,0,0.0802469,0,0
1790743590,1,200,23494,32898128,2,0,0.197531,0,0
1790743650,1,200,23494,32898128,2,0,0.111111,0,0
1790743711,1,200,23494,32898488,2,0,0.141975,0,0
1790743771,1,200,23494,32900960,2,0,0.25,0,0
1790743831,1,200,23494,32900960,2,0,0.0833333,0,0
1790743891,1,200,23494,32906004,2,0,0.203704,0,0
1790743951,1,200,23494,32907540,1,2,0.308642,0,0
1790744011,1,200,23496,32907540,2,0,0.712963,0,0
1790744071,1,200,23496,32912300,2,0,0.558642,0,0
1790744132,1,200,23496,32912308,2,0,0.138889,0,0
1790744192,1,200,23496,32912308,2,0,0.0833333,0,0
1790744252,1,200,23496,32912308,2,0,0.12963,0,0
1790744312,1,200,23496,32912308,2,0,0.231481,0,0
1790744372,1,200,23496,32914784,2,0,0.342593,0,0
1790744432,1,200,23496,32914784,2,0,0.490741,0,0
1790744492,1,200,23496,32914784,2,0,0.62963,0,0
1790744553,1,200,23496,32914784,2,0,0.731481,0,0
1790744613,1,200,23496,32914792,2,0,0.20679,0,0
1790744673,1,200,23496,32914784,1,0,0.283951,0,0
1790744733,1,200,23496,32914784,2,0,0.265432,0,0
1790744793,1,200,23496,32920408,2,0,0.416667,0,0
1790744853,1,200,23496,32920408,2,0,0.530864,0,0
1790744913,1,200,23496,32920408,2,0,0.645062,0,0
1790744974,1,200,23496,32920408,2,0,0.0802469,0,0
1790745034,1,200,23496,32920676,2,0,0.324074,0,0
1790745094,1,200,23496,32920676,2,0,0.0802469,0,0
1790745154,1,200,23496,32920676,1,0,0.0401235,0,0
1790745214,1,200,23496,32922640,2,0,0.188272,0,0
1790745274,1,200,23496,32922640,2,0,0.432099,0,0
1790745334,1,200,23496,32922640,2,0,0.595679,0,0
1790745395,1,200,23496,32922640,2,0,0.737654,0,0
1790745455,1,200,23496,32922640,2,0,0.867284,0,0
1790745515,1,200,23496,32922640,2,0,0.527778,0,0
1790745575,1,200,23496,32925620,2,0,0.527778,0,0
1790745635,1,200,23496,32925620,2,0,0.700617,0,0
1790745695,1,200,23496,32927996,2,0,0.429012,0,0
1790745756,1,200,23496,32927996,2,0,0.555556,0,0
1790745816,1,200,23496,32927996,2,0,0.679012,0,0
