type	rows	K	n	variant	graph_us	eager_us	GBps
IQ3_S	17408	5120	16	lcpp_mmq	134.6	137.7	284
IQ3_S	17408	5120	32	lcpp_mmq	157.9	163.0	242
IQ3_S	17408	5120	64	lcpp_mmq	185.7	193.9	206
IQ3_S	17408	5120	128	lcpp_mmq	287.4	286.1	133
IQ3_S	5120	17408	16	lcpp_mmq	141.6	146.9	271
IQ3_S	5120	17408	32	lcpp_mmq	167.8	173.0	228
IQ3_S	5120	17408	64	lcpp_mmq	190.1	200.9	201
IQ3_S	5120	17408	128	lcpp_mmq	272.6	278.1	141
IQ3_XXS	17408	5120	16	lcpp_mmq	126.1	131.1	271
IQ3_XXS	17408	5120	32	lcpp_mmq	147.6	153.4	231
IQ3_XXS	17408	5120	64	lcpp_mmq	179.0	193.8	191
IQ3_XXS	17408	5120	128	lcpp_mmq	277.0	279.2	123
IQ3_XXS	5120	17408	16	lcpp_mmq	131.0	135.7	260
IQ3_XXS	5120	17408	32	lcpp_mmq	147.8	153.1	231
IQ3_XXS	5120	17408	64	lcpp_mmq	181.7	193.1	188
IQ3_XXS	5120	17408	128	lcpp_mmq	271.0	274.9	126
