type	shape	n	variant	us	pct_dram	pct_int8	rel_vs_mmq
IQ3_S	17408x5120	1	new	57.7	87	1	3.52e-07
IQ3_S	17408x5120	1	r1	52.6	95	1	3.52e-07
IQ3_S	17408x5120	1	mmq	122.7	41	1	3.52e-07
IQ3_S	17408x5120	4	new	56.6	89	4	4.50e-07
IQ3_S	17408x5120	4	r1	53.9	93	5	4.50e-07
IQ3_S	17408x5120	4	mmq	124.2	40	2	4.50e-07
IQ3_S	17408x5120	8	new	58.7	85	9	2.92e-07
IQ3_S	17408x5120	8	r1	60.3	83	8	2.92e-07
IQ3_S	17408x5120	8	mmq	126.1	40	4	2.92e-07
IQ3_S	17408x5120	9	new	58.1	86	10	4.52e-07
IQ3_S	17408x5120	9	r1	73.7	68	8	4.52e-07
IQ3_S	17408x5120	9	mmq	134.2	37	4	4.52e-07
IQ3_S	17408x5120	16	new	60.0	84	17	4.39e-07
IQ3_S	17408x5120	16	r1	86.9	58	12	4.39e-07
IQ3_S	17408x5120	16	mmq	135.9	37	7	4.39e-07
IQ3_S	17408x5120	24	new	74.4	68	20	3.15e-07
IQ3_S	17408x5120	24	r1	140.6	36	11	3.15e-07
IQ3_S	17408x5120	24	mmq	146.3	34	10	3.15e-07
IQ3_S	17408x5120	32	new	77.8	64	26	5.47e-07
IQ3_S	17408x5120	32	r1	157.2	32	13	5.47e-07
IQ3_S	17408x5120	32	mmq	160.7	31	13	5.47e-07
IQ3_S	17408x5120	48	new	98.3	51	31	3.98e-07
IQ3_S	17408x5120	48	mmq	170.6	29	18	3.98e-07
IQ3_S	17408x5120	64	new	117.3	43	34	3.90e-07
IQ3_S	17408x5120	64	mmq	190.2	26	21	3.90e-07
IQ3_S	17408x5120	128	new	221.2	23	36	3.89e-07
IQ3_S	17408x5120	128	mmq	287.9	17	28	3.89e-07
IQ3_S	17408x5120	129	new	261.2	19	31	4.02e-07
IQ3_S	17408x5120	129	mmq	411.0	12	20	4.02e-07
IQ3_S	17408x5120	256	new	423.5	12	38	3.38e-07
IQ3_S	17408x5120	256	mmq	545.4	9	29	3.38e-07
IQ3_S	17408x5120	512	new	792.5	6	41	3.05e-07
IQ3_S	17408x5120	512	mmq	1051.7	5	31	3.05e-07
IQ3_S	17408x5120	2048	new	3034.5	2	42	2.49e-07
IQ3_S	17408x5120	2048	mmq	4078.7	1	32	2.49e-07
IQ3_S	5120x17408	1	new	59.9	83	1	3.80e-07
IQ3_S	5120x17408	1	r1	51.7	96	1	3.80e-07
IQ3_S	5120x17408	1	mmq	128.6	38	0	3.80e-07
IQ3_S	5120x17408	4	new	61.8	80	4	3.65e-07
IQ3_S	5120x17408	4	r1	52.8	94	5	3.65e-07
IQ3_S	5120x17408	4	mmq	129.4	38	2	3.65e-07
IQ3_S	5120x17408	8	new	64.0	77	8	4.69e-07
IQ3_S	5120x17408	8	r1	60.1	82	8	4.69e-07
IQ3_S	5120x17408	8	mmq	130.6	38	4	4.69e-07
IQ3_S	5120x17408	9	new	64.8	76	9	4.56e-07
IQ3_S	5120x17408	9	r1	73.1	68	8	4.56e-07
IQ3_S	5120x17408	9	mmq	139.2	36	4	4.56e-07
IQ3_S	5120x17408	16	new	68.7	72	15	5.75e-07
IQ3_S	5120x17408	16	r1	95.2	52	11	5.75e-07
IQ3_S	5120x17408	16	mmq	142.4	35	7	5.75e-07
IQ3_S	5120x17408	24	new	83.8	59	18	5.07e-07
IQ3_S	5120x17408	24	r1	140.6	35	11	5.07e-07
IQ3_S	5120x17408	24	mmq	146.9	34	10	5.07e-07
IQ3_S	5120x17408	32	new	89.4	55	22	4.53e-07
IQ3_S	5120x17408	32	r1	167.4	30	12	4.53e-07
IQ3_S	5120x17408	32	mmq	169.1	29	12	4.53e-07
IQ3_S	5120x17408	48	new	115.4	43	26	5.85e-07
IQ3_S	5120x17408	48	mmq	181.6	27	17	5.85e-07
IQ3_S	5120x17408	64	new	140.5	35	29	4.99e-07
IQ3_S	5120x17408	64	mmq	192.6	26	21	4.99e-07
IQ3_S	5120x17408	128	new	249.4	20	32	4.53e-07
IQ3_S	5120x17408	128	mmq	278.3	18	29	4.53e-07
IQ3_S	5120x17408	129	new	284.2	17	28	1.09e-06
IQ3_S	5120x17408	129	mmq	376.3	13	22	1.09e-06
IQ3_S	5120x17408	256	new	385.2	13	42	0.00e+00
IQ3_S	5120x17408	256	mmq	496.4	10	32	0.00e+00
IQ3_S	5120x17408	512	new	762.7	6	42	0.00e+00
IQ3_S	5120x17408	512	mmq	988.1	5	33	0.00e+00
IQ3_S	5120x17408	2048	new	3070.6	2	42	7.48e-07
IQ3_S	5120x17408	2048	mmq	3944.7	1	33	7.48e-07
IQ3_S	10240x5120	1	new	40.7	77	1	4.53e-07
IQ3_S	10240x5120	1	r1	33.6	94	1	4.53e-07
IQ3_S	10240x5120	1	mmq	74.3	42	0	4.53e-07
IQ3_S	10240x5120	4	new	42.9	73	3	3.93e-07
IQ3_S	10240x5120	4	r1	34.2	92	4	3.93e-07
IQ3_S	10240x5120	4	mmq	75.0	42	2	3.93e-07
IQ3_S	10240x5120	8	new	45.2	69	7	3.53e-07
IQ3_S	10240x5120	8	r1	38.0	83	8	3.53e-07
IQ3_S	10240x5120	8	mmq	76.4	41	4	3.53e-07
IQ3_S	10240x5120	9	new	45.8	69	7	5.13e-07
IQ3_S	10240x5120	9	r1	45.0	70	7	5.13e-07
IQ3_S	10240x5120	9	mmq	79.7	39	4	5.13e-07
IQ3_S	10240x5120	16	new	50.0	63	12	5.06e-07
IQ3_S	10240x5120	16	r1	52.0	60	11	5.06e-07
IQ3_S	10240x5120	16	mmq	81.6	39	7	5.06e-07
IQ3_S	10240x5120	24	new	58.1	54	15	0.00e+00
IQ3_S	10240x5120	24	r1	85.8	37	10	0.00e+00
IQ3_S	10240x5120	24	mmq	86.8	36	10	0.00e+00
IQ3_S	10240x5120	32	new	60.1	52	20	0.00e+00
IQ3_S	10240x5120	32	r1	100.0	31	12	0.00e+00
IQ3_S	10240x5120	32	mmq	94.2	33	13	0.00e+00
IQ3_S	10240x5120	48	new	75.2	42	24	0.00e+00
IQ3_S	10240x5120	48	mmq	101.9	31	17	0.00e+00
IQ3_S	10240x5120	64	new	77.3	41	31	0.00e+00
IQ3_S	10240x5120	64	mmq	110.5	28	21	0.00e+00
IQ3_S	10240x5120	128	new	120.3	26	39	0.00e+00
IQ3_S	10240x5120	128	mmq	159.9	20	30	0.00e+00
IQ3_S	10240x5120	129	new	172.1	18	28	3.86e-07
IQ3_S	10240x5120	129	mmq	228.8	14	21	3.86e-07
IQ3_S	10240x5120	256	new	233.2	13	41	0.00e+00
IQ3_S	10240x5120	256	mmq	310.9	10	30	0.00e+00
IQ3_S	10240x5120	512	new	452.5	7	42	0.00e+00
IQ3_S	10240x5120	512	mmq	613.1	5	31	0.00e+00
IQ3_S	10240x5120	2048	new	1845.5	2	41	4.15e-07
IQ3_S	10240x5120	2048	mmq	2431.5	1	31	4.15e-07
IQ3_XXS	17408x5120	1	new	55.6	80	1	4.30e-07
IQ3_XXS	17408x5120	1	r1	49.4	90	1	4.30e-07
IQ3_XXS	17408x5120	1	mmq	113.0	39	1	4.30e-07
IQ3_XXS	17408x5120	4	new	57.4	78	4	2.95e-07
IQ3_XXS	17408x5120	4	r1	52.0	86	5	2.95e-07
IQ3_XXS	17408x5120	4	mmq	112.9	39	2	2.95e-07
IQ3_XXS	17408x5120	8	new	58.2	76	9	3.98e-07
IQ3_XXS	17408x5120	8	r1	60.5	73	8	3.98e-07
IQ3_XXS	17408x5120	8	mmq	113.6	39	4	3.98e-07
IQ3_XXS	17408x5120	9	new	58.4	76	10	4.94e-07
IQ3_XXS	17408x5120	9	r1	78.9	56	7	4.94e-07
IQ3_XXS	17408x5120	9	mmq	129.0	34	4	4.94e-07
IQ3_XXS	17408x5120	16	new	60.3	74	17	4.16e-07
IQ3_XXS	17408x5120	16	r1	91.7	48	11	4.16e-07
IQ3_XXS	17408x5120	16	mmq	130.9	34	8	4.16e-07
IQ3_XXS	17408x5120	24	new	73.1	61	21	5.37e-07
IQ3_XXS	17408x5120	24	r1	146.3	30	10	5.37e-07
IQ3_XXS	17408x5120	24	mmq	135.5	33	11	5.37e-07
IQ3_XXS	17408x5120	32	new	77.5	57	26	3.46e-07
IQ3_XXS	17408x5120	32	r1	162.2	27	12	3.46e-07
IQ3_XXS	17408x5120	32	mmq	150.4	30	13	3.46e-07
IQ3_XXS	17408x5120	48	new	97.3	46	31	4.17e-07
IQ3_XXS	17408x5120	48	mmq	162.1	27	19	4.17e-07
IQ3_XXS	17408x5120	64	new	119.4	37	34	4.74e-07
IQ3_XXS	17408x5120	64	mmq	183.6	24	22	4.74e-07
IQ3_XXS	17408x5120	128	new	225.3	20	36	4.70e-07
IQ3_XXS	17408x5120	128	mmq	282.2	16	28	4.70e-07
IQ3_XXS	17408x5120	129	new	262.7	17	31	3.88e-07
IQ3_XXS	17408x5120	129	mmq	395.6	11	20	3.88e-07
IQ3_XXS	17408x5120	256	new	434.6	10	37	5.28e-07
IQ3_XXS	17408x5120	256	mmq	535.1	8	30	5.28e-07
IQ3_XXS	17408x5120	512	new	812.9	5	40	3.57e-07
IQ3_XXS	17408x5120	512	mmq	1034.4	4	31	3.57e-07
IQ3_XXS	17408x5120	2048	new	3137.1	1	41	2.64e-07
IQ3_XXS	17408x5120	2048	mmq	4001.2	1	32	2.64e-07
IQ3_XXS	5120x17408	1	new	55.8	80	1	5.81e-07
IQ3_XXS	5120x17408	1	r1	47.9	93	1	5.81e-07
IQ3_XXS	5120x17408	1	mmq	110.5	40	1	5.81e-07
IQ3_XXS	5120x17408	4	new	57.9	77	4	4.34e-07
IQ3_XXS	5120x17408	4	r1	50.0	89	5	4.34e-07
IQ3_XXS	5120x17408	4	mmq	111.9	40	2	4.34e-07
IQ3_XXS	5120x17408	8	new	60.5	73	8	4.53e-07
IQ3_XXS	5120x17408	8	r1	59.1	75	8	4.53e-07
IQ3_XXS	5120x17408	8	mmq	112.8	39	4	4.53e-07
IQ3_XXS	5120x17408	9	new	61.0	73	9	5.51e-07
IQ3_XXS	5120x17408	9	r1	80.9	55	7	5.51e-07
IQ3_XXS	5120x17408	9	mmq	129.0	34	4	5.51e-07
IQ3_XXS	5120x17408	16	new	65.4	68	15	4.45e-07
IQ3_XXS	5120x17408	16	r1	98.0	45	10	4.45e-07
IQ3_XXS	5120x17408	16	mmq	130.7	34	8	4.45e-07
IQ3_XXS	5120x17408	24	new	81.7	54	18	5.39e-07
IQ3_XXS	5120x17408	24	r1	148.0	30	10	5.39e-07
IQ3_XXS	5120x17408	24	mmq	138.6	32	11	5.39e-07
IQ3_XXS	5120x17408	32	new	88.7	50	23	4.50e-07
IQ3_XXS	5120x17408	32	r1	171.7	26	12	4.50e-07
IQ3_XXS	5120x17408	32	mmq	147.5	30	14	4.50e-07
IQ3_XXS	5120x17408	48	new	114.6	39	26	5.15e-07
IQ3_XXS	5120x17408	48	mmq	160.5	28	19	5.15e-07
IQ3_XXS	5120x17408	64	new	141.8	31	28	4.54e-07
IQ3_XXS	5120x17408	64	mmq	183.1	24	22	4.54e-07
IQ3_XXS	5120x17408	128	new	253.4	18	32	4.61e-07
IQ3_XXS	5120x17408	128	mmq	274.3	16	29	4.61e-07
IQ3_XXS	5120x17408	129	new	282.1	16	29	8.79e-07
IQ3_XXS	5120x17408	129	mmq	371.4	12	22	8.79e-07
IQ3_XXS	5120x17408	256	new	394.9	11	41	0.00e+00
IQ3_XXS	5120x17408	256	mmq	487.4	9	33	0.00e+00
IQ3_XXS	5120x17408	512	new	786.4	6	41	0.00e+00
IQ3_XXS	5120x17408	512	mmq	976.2	5	33	0.00e+00
IQ3_XXS	5120x17408	2048	new	3142.9	1	41	8.89e-07
IQ3_XXS	5120x17408	2048	mmq	3888.6	1	33	8.89e-07
IQ3_XXS	10240x5120	1	new	38.2	75	1	6.03e-07
IQ3_XXS	10240x5120	1	r1	31.3	91	1	6.03e-07
IQ3_XXS	10240x5120	1	mmq	67.6	42	1	6.03e-07
IQ3_XXS	10240x5120	4	new	40.3	71	4	4.48e-07
IQ3_XXS	10240x5120	4	r1	32.6	87	5	4.48e-07
IQ3_XXS	10240x5120	4	mmq	68.8	41	2	4.48e-07
IQ3_XXS	10240x5120	8	new	42.8	67	7	4.52e-07
IQ3_XXS	10240x5120	8	r1	37.4	76	8	4.52e-07
IQ3_XXS	10240x5120	8	mmq	69.2	41	4	4.52e-07
IQ3_XXS	10240x5120	9	new	43.5	66	8	4.25e-07
IQ3_XXS	10240x5120	9	r1	47.7	60	7	4.25e-07
IQ3_XXS	10240x5120	9	mmq	76.3	37	4	4.25e-07
IQ3_XXS	10240x5120	16	new	47.5	60	12	6.04e-07
IQ3_XXS	10240x5120	16	r1	55.5	51	11	6.04e-07
IQ3_XXS	10240x5120	16	mmq	78.3	36	8	6.04e-07
IQ3_XXS	10240x5120	24	new	58.8	48	15	0.00e+00
IQ3_XXS	10240x5120	24	r1	88.9	32	10	0.00e+00
IQ3_XXS	10240x5120	24	mmq	80.0	36	11	0.00e+00
IQ3_XXS	10240x5120	32	new	60.7	47	19	0.00e+00
IQ3_XXS	10240x5120	32	r1	98.8	29	12	0.00e+00
IQ3_XXS	10240x5120	32	mmq	88.5	32	13	0.00e+00
IQ3_XXS	10240x5120	48	new	74.6	38	24	0.00e+00
IQ3_XXS	10240x5120	48	mmq	95.6	30	19	0.00e+00
IQ3_XXS	10240x5120	64	new	76.7	37	31	0.00e+00
IQ3_XXS	10240x5120	64	mmq	105.8	27	22	0.00e+00
IQ3_XXS	10240x5120	128	new	124.1	23	38	0.00e+00
IQ3_XXS	10240x5120	128	mmq	157.4	18	30	0.00e+00
IQ3_XXS	10240x5120	129	new	172.6	17	28	4.04e-07
IQ3_XXS	10240x5120	129	mmq	223.3	13	21	4.04e-07
IQ3_XXS	10240x5120	256	new	239.4	12	39	0.00e+00
IQ3_XXS	10240x5120	256	mmq	305.4	9	31	0.00e+00
IQ3_XXS	10240x5120	512	new	463.4	6	41	0.00e+00
IQ3_XXS	10240x5120	512	mmq	603.1	5	31	0.00e+00
IQ3_XXS	10240x5120	2048	new	1899.4	1	40	3.28e-07
IQ3_XXS	10240x5120	2048	mmq	2384.3	1	32	3.28e-07
