rows	pass	mr0_ms	mr1_ms	mr2_ms	mr2a_ms	best_ms	floor_ms	best_routes
1	target	22.690	22.690	21.230	18.032	18.026	12.049	gemm:17,mr:384
1	draft	0.378	0.378	0.330	0.330	0.330	0.227	mr:8
2	target	23.144	23.144	21.560	18.302	18.302	12.049	gemm:17,mr:384
2	draft	0.386	0.386	0.334	0.334	0.334	0.227	mr:8
4	target	23.587	23.587	21.863	18.560	18.558	12.049	gemm:17,mr:384
4	draft	0.394	0.394	0.337	0.337	0.337	0.227	mr:8
6	target	24.001	24.001	22.159	18.681	18.676	12.049	gemm:17,mr:384
6	draft	0.402	0.402	0.339	0.339	0.339	0.227	mr:8
8	target	24.468	24.468	22.395	18.852	18.847	12.049	gemm:17,mr:384
8	draft	0.413	0.413	0.342	0.342	0.342	0.227	mr:8
12	target	25.872	25.872	24.111	22.899	22.844	12.049	gemm:5,mr:396
12	draft	0.455	0.455	0.386	0.386	0.386	0.227	mr:8
16	target	27.117	27.117	24.797	22.929	22.835	12.049	gemm:5,mr:396
16	draft	0.476	0.476	0.391	0.391	0.391	0.227	mr:8
17	target	49.065	38.066	25.500	25.500	25.500	12.049	gemm:4,mr:397
17	draft	0.844	0.844	0.419	0.419	0.419	0.227	mr:8
24	target	51.174	39.281	25.687	25.687	25.687	12.049	gemm:4,mr:397
24	draft	0.889	0.889	0.426	0.426	0.426	0.227	mr:8
32	target	53.392	41.275	26.552	26.552	26.552	12.049	gemm:4,mr:397
32	draft	0.934	0.934	0.441	0.441	0.441	0.227	mr:8
48	target	79.351	64.872	47.648	47.648	47.648	12.049	gemm:4,mr:397
48	draft	1.387	1.387	0.796	0.796	0.796	0.227	mr:8
64	target	103.377	84.857	62.858	62.858	62.858	12.049	gemm:4,mr:397
64	draft	1.809	1.809	1.053	1.053	1.053	0.227	mr:8
96	target	153.166	124.773	92.953	92.953	92.953	12.049	gemm:4,mr:397
96	draft	2.636	2.636	1.536	1.536	1.536	0.227	mr:8
128	target	206.763	165.064	117.391	117.391	117.310	12.049	dequant:4,mr:397
128	draft	3.574	3.574	1.922	1.922	1.922	0.227	mr:8
144	target	230.706	188.992	140.643	140.643	140.643	12.049	gemm:4,mr:397
144	draft	3.976	3.976	2.312	2.312	2.312	0.227	mr:8
192	target	276.811	276.811	276.811	276.811	167.575	12.049	dequant:4,mr:397
192	draft	4.667	4.667	4.667	4.667	2.689	0.227	mr:8
256	target	293.673	293.673	293.673	293.673	218.665	12.049	dequant:36,mr:365
256	draft	5.015	5.015	5.015	5.015	3.531	0.227	mr:8
384	target	348.485	348.485	348.485	348.485	317.558	12.049	dequant:141,mr:260
384	draft	5.991	5.991	5.991	5.991	5.218	0.227	mr:8
512	target	416.155	416.155	416.155	416.155	410.643	12.049	dequant:217,mr:184
512	draft	6.993	6.993	6.993	6.993	6.886	0.227	dequant:2,mr:6
