2026/09/28 04:09:13.794, 210 MHz, 405 MHz, 29.55 W, 0 %
2026/09/28 04:09:14.804, 210 MHz, 405 MHz, 29.70 W, 0 %
2026/09/28 04:09:15.804, 210 MHz, 405 MHz, 31.00 W, 0 %
2026/09/28 04:09:16.804, 210 MHz, 405 MHz, 36.47 W, 0 %
2026/09/28 04:09:17.804, 210 MHz, 405 MHz, 30.97 W, 0 %
2026/09/28 04:09:18.805, 210 MHz, 405 MHz, 30.02 W, 0 %
2026/09/28 04:09:19.805, 210 MHz, 405 MHz, 29.62 W, 0 %
2026/09/28 04:09:20.805, 210 MHz, 405 MHz, 29.58 W, 0 %
2026/09/28 04:09:21.805, 210 MHz, 405 MHz, 29.69 W, 0 %
2026/09/28 04:09:22.806, 420 MHz, 405 MHz, 29.98 W, 0 %
2026/09/28 04:09:23.806, 1755 MHz, 9501 MHz, 270.93 W, 100 %
2026/09/28 04:09:24.806, 1710 MHz, 9501 MHz, 340.10 W, 100 %
2026/09/28 04:09:25.806, 1830 MHz, 9501 MHz, 336.05 W, 100 %
2026/09/28 04:09:26.806, 1965 MHz, 9501 MHz, 298.61 W, 13 %
2026/09/28 04:09:27.806, 1695 MHz, 9501 MHz, 326.88 W, 96 %
2026/09/28 04:09:28.806, 1680 MHz, 9501 MHz, 347.38 W, 96 %
2026/09/28 04:09:29.807, 1740 MHz, 9501 MHz, 348.64 W, 96 %
2026/09/28 04:09:30.807, 1785 MHz, 9501 MHz, 348.10 W, 100 %
2026/09/28 04:09:31.807, 1845 MHz, 9501 MHz, 348.98 W, 100 %
2026/09/28 04:09:32.807, 1860 MHz, 9501 MHz, 348.86 W, 100 %
2026/09/28 04:09:33.807, 1860 MHz, 9501 MHz, 348.51 W, 100 %
2026/09/28 04:09:34.808, 1860 MHz, 9501 MHz, 348.41 W, 100 %
2026/09/28 04:09:35.808, 1860 MHz, 9501 MHz, 347.53 W, 100 %
2026/09/28 04:09:36.808, 1845 MHz, 9501 MHz, 346.03 W, 100 %
2026/09/28 04:09:37.808, 1860 MHz, 9501 MHz, 347.40 W, 100 %
2026/09/28 04:09:38.808, 1845 MHz, 9501 MHz, 347.78 W, 100 %
2026/09/28 04:09:39.808, 1860 MHz, 9501 MHz, 347.53 W, 100 %
2026/09/28 04:09:40.808, 1845 MHz, 9501 MHz, 346.85 W, 100 %
2026/09/28 04:09:41.809, 1860 MHz, 9501 MHz, 347.57 W, 100 %
2026/09/28 04:09:42.809, 1860 MHz, 9501 MHz, 347.04 W, 100 %
2026/09/28 04:09:43.809, 1845 MHz, 9501 MHz, 347.30 W, 100 %
2026/09/28 04:09:44.809, 1755 MHz, 9501 MHz, 346.79 W, 96 %
2026/09/28 04:09:45.809, 1725 MHz, 9501 MHz, 346.78 W, 100 %
2026/09/28 04:09:46.809, 1845 MHz, 9501 MHz, 346.33 W, 100 %
2026/09/28 04:09:47.810, 1800 MHz, 9501 MHz, 347.35 W, 100 %
2026/09/28 04:09:48.810, 1800 MHz, 9501 MHz, 348.33 W, 100 %
2026/09/28 04:09:49.810, 1845 MHz, 9501 MHz, 345.27 W, 100 %
2026/09/28 04:09:50.810, 1605 MHz, 9501 MHz, 348.41 W, 94 %
2026/09/28 04:09:51.810, 1815 MHz, 9501 MHz, 344.51 W, 96 %
2026/09/28 04:09:52.810, 1815 MHz, 9501 MHz, 345.95 W, 96 %
2026/09/28 04:09:53.811, 1770 MHz, 9501 MHz, 348.27 W, 100 %
2026/09/28 04:09:54.811, 1755 MHz, 9501 MHz, 347.15 W, 100 %
2026/09/28 04:09:55.811, 1830 MHz, 9501 MHz, 346.14 W, 96 %
2026/09/28 04:09:56.811, 1770 MHz, 9501 MHz, 347.71 W, 100 %
2026/09/28 04:09:57.811, 1845 MHz, 9501 MHz, 345.57 W, 100 %
2026/09/28 04:09:58.811, 1845 MHz, 9501 MHz, 347.68 W, 100 %
2026/09/28 04:09:59.812, 1845 MHz, 9501 MHz, 346.86 W, 100 %
2026/09/28 04:10:00.812, 1845 MHz, 9501 MHz, 347.22 W, 100 %
2026/09/28 04:10:01.812, 1845 MHz, 9501 MHz, 346.85 W, 100 %
2026/09/28 04:10:02.812, 1845 MHz, 9501 MHz, 346.78 W, 100 %
2026/09/28 04:10:03.812, 1845 MHz, 9501 MHz, 346.48 W, 100 %
2026/09/28 04:10:04.812, 1845 MHz, 9501 MHz, 346.31 W, 100 %
2026/09/28 04:10:05.812, 1845 MHz, 9501 MHz, 346.30 W, 100 %
2026/09/28 04:10:06.813, 1830 MHz, 9501 MHz, 346.58 W, 100 %
2026/09/28 04:10:07.813, 1830 MHz, 9501 MHz, 346.25 W, 100 %
2026/09/28 04:10:08.813, 1830 MHz, 9501 MHz, 346.12 W, 100 %
2026/09/28 04:10:09.813, 1830 MHz, 9501 MHz, 346.36 W, 100 %
2026/09/28 04:10:10.813, 1725 MHz, 9501 MHz, 348.88 W, 100 %
2026/09/28 04:10:11.813, 1725 MHz, 9501 MHz, 348.39 W, 100 %
2026/09/28 04:10:12.813, 1725 MHz, 9501 MHz, 348.93 W, 100 %
2026/09/28 04:10:13.814, 1605 MHz, 9501 MHz, 348.63 W, 100 %
2026/09/28 04:10:14.814, 1695 MHz, 9501 MHz, 347.82 W, 96 %
2026/09/28 04:10:15.814, 1650 MHz, 9501 MHz, 347.97 W, 97 %
2026/09/28 04:10:16.814, 1710 MHz, 9501 MHz, 347.65 W, 97 %
2026/09/28 04:10:17.826, 1965 MHz, 9501 MHz, 268.73 W, 0 %
2026/09/28 04:10:18.826, 1965 MHz, 9501 MHz, 178.71 W, 0 %
2026/09/28 04:10:19.826, 1695 MHz, 9501 MHz, 144.11 W, 0 %
2026/09/28 04:10:20.826, 1695 MHz, 9501 MHz, 116.95 W, 0 %
2026/09/28 04:10:21.827, 1695 MHz, 9501 MHz, 116.87 W, 0 %
2026/09/28 04:10:22.827, 1695 MHz, 9501 MHz, 115.88 W, 0 %
2026/09/28 04:10:23.827, 1695 MHz, 9501 MHz, 115.73 W, 0 %
2026/09/28 04:10:24.827, 1695 MHz, 9501 MHz, 116.12 W, 0 %
2026/09/28 04:10:25.827, 1695 MHz, 9501 MHz, 116.58 W, 0 %
2026/09/28 04:10:26.828, 1815 MHz, 9501 MHz, 186.34 W, 100 %
2026/09/28 04:10:27.828, 1665 MHz, 9501 MHz, 348.48 W, 97 %
2026/09/28 04:10:28.828, 1695 MHz, 9501 MHz, 348.25 W, 97 %
2026/09/28 04:10:29.828, 1650 MHz, 9501 MHz, 348.40 W, 97 %
2026/09/28 04:10:30.828, 1695 MHz, 9501 MHz, 347.04 W, 97 %
2026/09/28 04:10:31.828, 1650 MHz, 9501 MHz, 349.14 W, 97 %
2026/09/28 04:10:32.828, 1680 MHz, 9501 MHz, 347.83 W, 97 %
2026/09/28 04:10:33.829, 1650 MHz, 9501 MHz, 348.98 W, 97 %
2026/09/28 04:10:34.829, 1665 MHz, 9501 MHz, 347.71 W, 97 %
2026/09/28 04:10:35.829, 1695 MHz, 9501 MHz, 347.79 W, 94 %
2026/09/28 04:10:36.829, 1650 MHz, 9501 MHz, 348.39 W, 97 %
2026/09/28 04:10:37.829, 1710 MHz, 9501 MHz, 347.73 W, 97 %
2026/09/28 04:10:38.829, 1650 MHz, 9501 MHz, 349.07 W, 97 %
2026/09/28 04:10:39.830, 1665 MHz, 9501 MHz, 347.74 W, 97 %
2026/09/28 04:10:40.830, 1650 MHz, 9501 MHz, 348.95 W, 97 %
2026/09/28 04:10:41.830, 1680 MHz, 9501 MHz, 347.80 W, 97 %
2026/09/28 04:10:42.830, 1650 MHz, 9501 MHz, 349.07 W, 97 %
2026/09/28 04:10:43.830, 1665 MHz, 9501 MHz, 347.78 W, 97 %
2026/09/28 04:10:44.830, 1665 MHz, 9501 MHz, 348.29 W, 95 %
2026/09/28 04:10:45.831, 1650 MHz, 9501 MHz, 348.03 W, 97 %
2026/09/28 04:10:46.831, 1695 MHz, 9501 MHz, 347.77 W, 97 %
2026/09/28 04:10:47.831, 1635 MHz, 9501 MHz, 348.51 W, 97 %
2026/09/28 04:10:48.831, 1695 MHz, 9501 MHz, 347.51 W, 97 %
2026/09/28 04:10:49.831, 1650 MHz, 9501 MHz, 348.88 W, 97 %
2026/09/28 04:10:50.831, 1665 MHz, 9501 MHz, 348.08 W, 97 %
2026/09/28 04:10:51.831, 1650 MHz, 9501 MHz, 348.92 W, 97 %
2026/09/28 04:10:52.832, 1635 MHz, 9501 MHz, 347.57 W, 97 %
2026/09/28 04:10:53.832, 1695 MHz, 9501 MHz, 348.84 W, 97 %
2026/09/28 04:10:54.832, 1650 MHz, 9501 MHz, 347.91 W, 97 %
2026/09/28 04:10:55.832, 1695 MHz, 9501 MHz, 348.93 W, 96 %
2026/09/28 04:10:56.832, 1710 MHz, 9501 MHz, 347.58 W, 100 %
2026/09/28 04:10:57.832, 1650 MHz, 9501 MHz, 347.96 W, 97 %
2026/09/28 04:10:58.833, 1665 MHz, 9501 MHz, 348.21 W, 97 %
2026/09/28 04:10:59.833, 1650 MHz, 9501 MHz, 346.93 W, 97 %
2026/09/28 04:11:00.833, 1695 MHz, 9501 MHz, 349.03 W, 97 %
2026/09/28 04:11:01.833, 1650 MHz, 9501 MHz, 348.32 W, 97 %
2026/09/28 04:11:02.833, 1695 MHz, 9501 MHz, 348.60 W, 95 %
2026/09/28 04:11:03.833, 1650 MHz, 9501 MHz, 348.19 W, 97 %
2026/09/28 04:11:04.834, 1680 MHz, 9501 MHz, 347.79 W, 97 %
2026/09/28 04:11:05.834, 1650 MHz, 9501 MHz, 349.13 W, 96 %
2026/09/28 04:11:06.834, 1665 MHz, 9501 MHz, 348.05 W, 97 %
2026/09/28 04:11:07.834, 1650 MHz, 9501 MHz, 349.09 W, 97 %
2026/09/28 04:11:08.834, 1650 MHz, 9501 MHz, 347.87 W, 97 %
2026/09/28 04:11:09.834, 1680 MHz, 9501 MHz, 349.02 W, 97 %
2026/09/28 04:11:10.835, 1650 MHz, 9501 MHz, 347.59 W, 97 %
2026/09/28 04:11:11.835, 1695 MHz, 9501 MHz, 348.84 W, 97 %
2026/09/28 04:11:12.835, 1650 MHz, 9501 MHz, 348.07 W, 97 %
2026/09/28 04:11:13.835, 1695 MHz, 9501 MHz, 348.90 W, 96 %
2026/09/28 04:11:14.835, 1635 MHz, 9501 MHz, 348.29 W, 97 %
2026/09/28 04:11:15.835, 1665 MHz, 9501 MHz, 347.77 W, 97 %
2026/09/28 04:11:16.836, 1635 MHz, 9501 MHz, 348.04 W, 97 %
2026/09/28 04:11:17.836, 1680 MHz, 9501 MHz, 347.67 W, 97 %
2026/09/28 04:11:18.836, 1650 MHz, 9501 MHz, 349.07 W, 97 %
2026/09/28 04:11:19.836, 1665 MHz, 9501 MHz, 348.00 W, 97 %
2026/09/28 04:11:20.836, 1650 MHz, 9501 MHz, 348.97 W, 97 %
2026/09/28 04:11:21.836, 1650 MHz, 9501 MHz, 347.75 W, 97 %
2026/09/28 04:11:22.837, 1665 MHz, 9501 MHz, 348.85 W, 97 %
2026/09/28 04:11:23.837, 1650 MHz, 9501 MHz, 347.61 W, 97 %
2026/09/28 04:11:24.837, 1695 MHz, 9501 MHz, 349.05 W, 97 %
2026/09/28 04:11:25.837, 1650 MHz, 9501 MHz, 347.83 W, 96 %
2026/09/28 04:11:26.837, 1680 MHz, 9501 MHz, 349.24 W, 97 %
2026/09/28 04:11:27.837, 1650 MHz, 9501 MHz, 348.24 W, 97 %
2026/09/28 04:11:28.837, 1695 MHz, 9501 MHz, 349.18 W, 96 %
2026/09/28 04:11:29.838, 1635 MHz, 9501 MHz, 348.44 W, 97 %
2026/09/28 04:11:30.838, 1680 MHz, 9501 MHz, 348.91 W, 94 %
2026/09/28 04:11:31.838, 1635 MHz, 9501 MHz, 347.98 W, 97 %
2026/09/28 04:11:32.838, 1665 MHz, 9501 MHz, 347.99 W, 95 %
2026/09/28 04:11:33.838, 1635 MHz, 9501 MHz, 348.47 W, 97 %
2026/09/28 04:11:34.839, 1665 MHz, 9501 MHz, 347.75 W, 97 %
2026/09/28 04:11:35.839, 1635 MHz, 9501 MHz, 348.83 W, 96 %
2026/09/28 04:11:36.839, 1635 MHz, 9501 MHz, 346.76 W, 96 %
2026/09/28 04:11:37.839, 1695 MHz, 9501 MHz, 347.48 W, 96 %
2026/09/28 04:11:38.839, 1650 MHz, 9501 MHz, 348.08 W, 97 %
2026/09/28 04:11:39.839, 1695 MHz, 9501 MHz, 349.29 W, 96 %
2026/09/28 04:11:40.840, 1650 MHz, 9501 MHz, 347.76 W, 97 %
2026/09/28 04:11:41.840, 1695 MHz, 9501 MHz, 349.27 W, 96 %
2026/09/28 04:11:42.840, 1650 MHz, 9501 MHz, 348.27 W, 97 %
2026/09/28 04:11:43.840, 1665 MHz, 9501 MHz, 349.24 W, 96 %
2026/09/28 04:11:44.840, 1635 MHz, 9501 MHz, 348.46 W, 97 %
2026/09/28 04:11:45.841, 1635 MHz, 9501 MHz, 348.49 W, 93 %
2026/09/28 04:11:46.841, 1650 MHz, 9501 MHz, 348.22 W, 97 %
2026/09/28 04:11:47.841, 1650 MHz, 9501 MHz, 347.85 W, 95 %
2026/09/28 04:11:48.841, 1665 MHz, 9501 MHz, 348.36 W, 97 %
2026/09/28 04:11:49.841, 1650 MHz, 9501 MHz, 347.93 W, 97 %
2026/09/28 04:11:50.841, 1680 MHz, 9501 MHz, 348.64 W, 97 %
2026/09/28 04:11:51.842, 1650 MHz, 9501 MHz, 347.79 W, 97 %
2026/09/28 04:11:52.842, 1695 MHz, 9501 MHz, 348.96 W, 97 %
2026/09/28 04:11:53.842, 1680 MHz, 9501 MHz, 347.90 W, 97 %
2026/09/28 04:11:54.842, 1695 MHz, 9501 MHz, 349.17 W, 97 %
2026/09/28 04:11:55.842, 1650 MHz, 9501 MHz, 348.07 W, 97 %
2026/09/28 04:11:56.842, 1695 MHz, 9501 MHz, 349.24 W, 97 %
2026/09/28 04:11:57.843, 1650 MHz, 9501 MHz, 348.01 W, 96 %
2026/09/28 04:11:58.843, 1680 MHz, 9501 MHz, 349.17 W, 96 %
2026/09/28 04:11:59.843, 1650 MHz, 9501 MHz, 347.87 W, 97 %
2026/09/28 04:12:00.843, 1680 MHz, 9501 MHz, 348.92 W, 97 %
2026/09/28 04:12:01.843, 1635 MHz, 9501 MHz, 347.88 W, 97 %
2026/09/28 04:12:02.843, 1680 MHz, 9501 MHz, 349.03 W, 97 %
2026/09/28 04:12:03.843, 1650 MHz, 9501 MHz, 347.58 W, 97 %
2026/09/28 04:12:04.844, 1800 MHz, 9501 MHz, 346.23 W, 100 %
2026/09/28 04:12:05.844, 1650 MHz, 9501 MHz, 346.66 W, 96 %
2026/09/28 04:12:06.844, 1665 MHz, 9501 MHz, 348.75 W, 97 %
2026/09/28 04:12:07.844, 1635 MHz, 9501 MHz, 347.83 W, 97 %
2026/09/28 04:12:08.844, 1665 MHz, 9501 MHz, 349.19 W, 97 %
2026/09/28 04:12:09.845, 1635 MHz, 9501 MHz, 348.08 W, 97 %
2026/09/28 04:12:10.845, 1665 MHz, 9501 MHz, 349.07 W, 96 %
2026/09/28 04:12:11.845, 1635 MHz, 9501 MHz, 348.10 W, 97 %
2026/09/28 04:12:12.845, 1665 MHz, 9501 MHz, 348.85 W, 97 %
2026/09/28 04:12:13.845, 1635 MHz, 9501 MHz, 348.11 W, 96 %
2026/09/28 04:12:14.845, 1665 MHz, 9501 MHz, 348.84 W, 96 %
2026/09/28 04:12:15.845, 1650 MHz, 9501 MHz, 347.92 W, 97 %
2026/09/28 04:12:16.846, 1665 MHz, 9501 MHz, 348.67 W, 96 %
2026/09/28 04:12:17.846, 1650 MHz, 9501 MHz, 348.01 W, 97 %
2026/09/28 04:12:18.846, 1665 MHz, 9501 MHz, 348.96 W, 96 %
2026/09/28 04:12:19.846, 1650 MHz, 9501 MHz, 347.67 W, 97 %
2026/09/28 04:12:20.846, 1665 MHz, 9501 MHz, 349.15 W, 96 %
2026/09/28 04:12:21.846, 1635 MHz, 9501 MHz, 347.68 W, 97 %
2026/09/28 04:12:22.847, 1665 MHz, 9501 MHz, 348.98 W, 96 %
2026/09/28 04:12:23.847, 1650 MHz, 9501 MHz, 347.84 W, 97 %
2026/09/28 04:12:24.847, 1665 MHz, 9501 MHz, 348.97 W, 96 %
2026/09/28 04:12:25.847, 1650 MHz, 9501 MHz, 347.83 W, 97 %
2026/09/28 04:12:26.847, 1665 MHz, 9501 MHz, 348.83 W, 96 %
2026/09/28 04:12:27.847, 1635 MHz, 9501 MHz, 347.81 W, 97 %
2026/09/28 04:12:28.848, 1665 MHz, 9501 MHz, 348.70 W, 96 %
2026/09/28 04:12:29.848, 1650 MHz, 9501 MHz, 347.64 W, 97 %
2026/09/28 04:12:30.848, 1665 MHz, 9501 MHz, 348.79 W, 96 %
2026/09/28 04:12:31.848, 1650 MHz, 9501 MHz, 347.86 W, 97 %
2026/09/28 04:12:32.848, 1665 MHz, 9501 MHz, 348.70 W, 96 %
2026/09/28 04:12:33.848, 1635 MHz, 9501 MHz, 347.87 W, 97 %
2026/09/28 04:12:34.848, 1665 MHz, 9501 MHz, 348.40 W, 96 %
2026/09/28 04:12:35.849, 1725 MHz, 9501 MHz, 347.56 W, 100 %
2026/09/28 04:12:36.849, 1635 MHz, 9501 MHz, 348.23 W, 97 %
2026/09/28 04:12:37.849, 1665 MHz, 9501 MHz, 349.15 W, 97 %
2026/09/28 04:12:38.849, 1635 MHz, 9501 MHz, 347.49 W, 97 %
2026/09/28 04:12:39.849, 1665 MHz, 9501 MHz, 348.94 W, 97 %
2026/09/28 04:12:40.849, 1635 MHz, 9501 MHz, 347.65 W, 97 %
2026/09/28 04:12:41.850, 1665 MHz, 9501 MHz, 348.88 W, 96 %
2026/09/28 04:12:42.850, 1650 MHz, 9501 MHz, 347.73 W, 96 %
2026/09/28 04:12:43.850, 1665 MHz, 9501 MHz, 348.88 W, 97 %
2026/09/28 04:12:44.850, 1635 MHz, 9501 MHz, 347.80 W, 97 %
2026/09/28 04:12:45.850, 1665 MHz, 9501 MHz, 348.96 W, 97 %
2026/09/28 04:12:46.851, 1635 MHz, 9501 MHz, 347.97 W, 97 %
2026/09/28 04:12:47.851, 1665 MHz, 9501 MHz, 349.03 W, 97 %
2026/09/28 04:12:48.851, 1650 MHz, 9501 MHz, 347.52 W, 96 %
2026/09/28 04:12:49.851, 1665 MHz, 9501 MHz, 349.08 W, 97 %
2026/09/28 04:12:50.851, 1635 MHz, 9501 MHz, 347.66 W, 96 %
2026/09/28 04:12:51.851, 1665 MHz, 9501 MHz, 348.48 W, 97 %
2026/09/28 04:12:52.851, 1635 MHz, 9501 MHz, 348.01 W, 97 %
2026/09/28 04:12:53.852, 1665 MHz, 9501 MHz, 348.57 W, 97 %
2026/09/28 04:12:54.852, 1635 MHz, 9501 MHz, 347.96 W, 97 %
2026/09/28 04:12:55.852, 1665 MHz, 9501 MHz, 348.51 W, 97 %
2026/09/28 04:12:56.852, 1635 MHz, 9501 MHz, 347.98 W, 97 %
2026/09/28 04:12:57.852, 1665 MHz, 9501 MHz, 348.33 W, 96 %
2026/09/28 04:12:58.852, 1635 MHz, 9501 MHz, 347.88 W, 96 %
2026/09/28 04:12:59.852, 1680 MHz, 9501 MHz, 348.53 W, 96 %
2026/09/28 04:13:00.853, 1635 MHz, 9501 MHz, 347.70 W, 96 %
2026/09/28 04:13:01.853, 1680 MHz, 9501 MHz, 347.63 W, 96 %
2026/09/28 04:13:02.853, 1650 MHz, 9501 MHz, 347.82 W, 96 %
2026/09/28 04:13:03.853, 1680 MHz, 9501 MHz, 347.80 W, 97 %
2026/09/28 04:13:04.853, 1635 MHz, 9501 MHz, 348.11 W, 97 %
2026/09/28 04:13:05.853, 1680 MHz, 9501 MHz, 347.83 W, 96 %
2026/09/28 04:13:06.854, 1650 MHz, 9501 MHz, 347.97 W, 95 %
2026/09/28 04:13:07.854, 1680 MHz, 9501 MHz, 348.45 W, 96 %
2026/09/28 04:13:08.854, 1650 MHz, 9501 MHz, 348.04 W, 94 %
2026/09/28 04:13:09.854, 1680 MHz, 9501 MHz, 347.48 W, 97 %
2026/09/28 04:13:10.854, 1650 MHz, 9501 MHz, 347.48 W, 93 %
2026/09/28 04:13:11.855, 1755 MHz, 9501 MHz, 347.45 W, 100 %
2026/09/28 04:13:12.855, 1680 MHz, 9501 MHz, 348.14 W, 96 %
2026/09/28 04:13:13.855, 1635 MHz, 9501 MHz, 347.73 W, 95 %
2026/09/28 04:13:14.855, 1680 MHz, 9501 MHz, 349.20 W, 97 %
2026/09/28 04:13:15.855, 1635 MHz, 9501 MHz, 348.01 W, 93 %
2026/09/28 04:13:16.855, 1680 MHz, 9501 MHz, 347.78 W, 97 %
2026/09/28 04:13:17.856, 1650 MHz, 9501 MHz, 348.06 W, 94 %
2026/09/28 04:13:18.856, 1680 MHz, 9501 MHz, 348.06 W, 97 %
2026/09/28 04:13:19.856, 1635 MHz, 9501 MHz, 348.12 W, 94 %
2026/09/28 04:13:20.856, 1680 MHz, 9501 MHz, 348.04 W, 97 %
2026/09/28 04:13:21.856, 1650 MHz, 9501 MHz, 348.36 W, 93 %
2026/09/28 04:13:22.856, 1680 MHz, 9501 MHz, 347.26 W, 97 %
2026/09/28 04:13:23.856, 1635 MHz, 9501 MHz, 348.82 W, 94 %
2026/09/28 04:13:24.857, 1680 MHz, 9501 MHz, 347.71 W, 97 %
2026/09/28 04:13:25.857, 1635 MHz, 9501 MHz, 348.20 W, 96 %
2026/09/28 04:13:26.857, 1665 MHz, 9501 MHz, 347.76 W, 97 %
2026/09/28 04:13:27.857, 1635 MHz, 9501 MHz, 348.71 W, 96 %
2026/09/28 04:13:28.857, 1665 MHz, 9501 MHz, 347.51 W, 97 %
2026/09/28 04:13:29.857, 1635 MHz, 9501 MHz, 348.76 W, 96 %
2026/09/28 04:13:30.857, 1680 MHz, 9501 MHz, 347.93 W, 97 %
2026/09/28 04:13:31.858, 1650 MHz, 9501 MHz, 349.07 W, 96 %
2026/09/28 04:13:32.858, 1680 MHz, 9501 MHz, 347.49 W, 97 %
2026/09/28 04:13:33.858, 1650 MHz, 9501 MHz, 348.96 W, 97 %
2026/09/28 04:13:34.858, 1680 MHz, 9501 MHz, 347.84 W, 97 %
2026/09/28 04:13:35.858, 1650 MHz, 9501 MHz, 348.96 W, 96 %
2026/09/28 04:13:36.858, 1680 MHz, 9501 MHz, 347.65 W, 97 %
2026/09/28 04:13:37.859, 1650 MHz, 9501 MHz, 348.71 W, 96 %
2026/09/28 04:13:38.859, 1680 MHz, 9501 MHz, 347.80 W, 97 %
2026/09/28 04:13:39.859, 1635 MHz, 9501 MHz, 349.04 W, 97 %
2026/09/28 04:13:40.859, 1680 MHz, 9501 MHz, 347.99 W, 97 %
2026/09/28 04:13:41.859, 1770 MHz, 9501 MHz, 346.64 W, 100 %
2026/09/28 04:13:42.859, 1635 MHz, 9501 MHz, 348.15 W, 96 %
2026/09/28 04:13:43.859, 1665 MHz, 9501 MHz, 347.96 W, 97 %
2026/09/28 04:13:44.860, 1635 MHz, 9501 MHz, 347.48 W, 95 %
2026/09/28 04:13:45.860, 1665 MHz, 9501 MHz, 347.95 W, 97 %
2026/09/28 04:13:46.860, 1620 MHz, 9501 MHz, 348.20 W, 94 %
2026/09/28 04:13:47.860, 1665 MHz, 9501 MHz, 347.93 W, 97 %
2026/09/28 04:13:48.860, 1635 MHz, 9501 MHz, 348.14 W, 94 %
2026/09/28 04:13:49.860, 1665 MHz, 9501 MHz, 347.85 W, 97 %
2026/09/28 04:13:50.861, 1635 MHz, 9501 MHz, 348.75 W, 94 %
2026/09/28 04:13:51.861, 1665 MHz, 9501 MHz, 347.78 W, 97 %
2026/09/28 04:13:52.861, 1635 MHz, 9501 MHz, 348.61 W, 95 %
2026/09/28 04:13:53.861, 1665 MHz, 9501 MHz, 347.81 W, 97 %
2026/09/28 04:13:54.861, 1635 MHz, 9501 MHz, 348.70 W, 96 %
2026/09/28 04:13:55.861, 1665 MHz, 9501 MHz, 347.94 W, 96 %
2026/09/28 04:13:56.861, 1635 MHz, 9501 MHz, 348.63 W, 96 %
2026/09/28 04:13:57.862, 1665 MHz, 9501 MHz, 347.70 W, 97 %
2026/09/28 04:13:58.862, 1635 MHz, 9501 MHz, 348.86 W, 97 %
2026/09/28 04:13:59.862, 1680 MHz, 9501 MHz, 347.52 W, 97 %
2026/09/28 04:14:00.862, 1635 MHz, 9501 MHz, 348.81 W, 97 %
2026/09/28 04:14:01.862, 1755 MHz, 9501 MHz, 345.17 W, 91 %
2026/09/28 04:14:02.862, 1620 MHz, 9501 MHz, 345.94 W, 97 %
2026/09/28 04:14:03.862, 1665 MHz, 9501 MHz, 346.27 W, 97 %
2026/09/28 04:14:04.863, 1635 MHz, 9501 MHz, 347.87 W, 96 %
2026/09/28 04:14:05.863, 1665 MHz, 9501 MHz, 347.99 W, 96 %
2026/09/28 04:14:06.863, 1650 MHz, 9501 MHz, 347.55 W, 96 %
2026/09/28 04:14:07.863, 1665 MHz, 9501 MHz, 347.90 W, 97 %
2026/09/28 04:14:08.863, 1635 MHz, 9501 MHz, 347.91 W, 94 %
2026/09/28 04:14:09.863, 1665 MHz, 9501 MHz, 348.12 W, 97 %
2026/09/28 04:14:10.864, 1635 MHz, 9501 MHz, 348.82 W, 94 %
2026/09/28 04:14:11.864, 1665 MHz, 9501 MHz, 347.79 W, 97 %
2026/09/28 04:14:12.864, 1635 MHz, 9501 MHz, 348.73 W, 96 %
2026/09/28 04:14:13.864, 1665 MHz, 9501 MHz, 347.85 W, 97 %
2026/09/28 04:14:14.864, 1635 MHz, 9501 MHz, 348.74 W, 96 %
2026/09/28 04:14:15.864, 1665 MHz, 9501 MHz, 347.99 W, 97 %
2026/09/28 04:14:16.864, 1635 MHz, 9501 MHz, 349.07 W, 96 %
2026/09/28 04:14:17.865, 1680 MHz, 9501 MHz, 348.08 W, 96 %
2026/09/28 04:14:18.865, 1650 MHz, 9501 MHz, 348.81 W, 97 %
2026/09/28 04:14:19.865, 1680 MHz, 9501 MHz, 347.94 W, 97 %
2026/09/28 04:14:20.865, 1635 MHz, 9501 MHz, 349.01 W, 97 %
2026/09/28 04:14:21.865, 1680 MHz, 9501 MHz, 347.67 W, 97 %
2026/09/28 04:14:22.865, 1650 MHz, 9501 MHz, 348.77 W, 97 %
2026/09/28 04:14:23.866, 1680 MHz, 9501 MHz, 347.83 W, 97 %
2026/09/28 04:14:24.866, 1635 MHz, 9501 MHz, 349.14 W, 97 %
2026/09/28 04:14:25.866, 1665 MHz, 9501 MHz, 347.33 W, 97 %
2026/09/28 04:14:26.866, 1635 MHz, 9501 MHz, 349.02 W, 96 %
2026/09/28 04:14:27.866, 1665 MHz, 9501 MHz, 347.51 W, 97 %
2026/09/28 04:14:28.866, 1635 MHz, 9501 MHz, 348.98 W, 97 %
2026/09/28 04:14:29.867, 1665 MHz, 9501 MHz, 348.04 W, 97 %
2026/09/28 04:14:30.867, 1635 MHz, 9501 MHz, 348.92 W, 97 %
2026/09/28 04:14:31.867, 1680 MHz, 9501 MHz, 347.61 W, 97 %
2026/09/28 04:14:32.867, 1635 MHz, 9501 MHz, 348.86 W, 96 %
2026/09/28 04:14:33.867, 1680 MHz, 9501 MHz, 348.04 W, 97 %
2026/09/28 04:14:34.867, 1650 MHz, 9501 MHz, 348.75 W, 97 %
2026/09/28 04:14:35.868, 1680 MHz, 9501 MHz, 347.89 W, 97 %
2026/09/28 04:14:36.868, 1650 MHz, 9501 MHz, 349.18 W, 97 %
2026/09/28 04:14:37.926, 1950 MHz, 9501 MHz, 263.11 W, 0 %
2026/09/28 04:14:38.926, 1965 MHz, 9501 MHz, 154.93 W, 0 %
2026/09/28 04:14:39.926, 1965 MHz, 9501 MHz, 154.65 W, 0 %
2026/09/28 04:14:40.926, 1695 MHz, 9501 MHz, 128.63 W, 0 %
2026/09/28 04:14:41.926, 1695 MHz, 9501 MHz, 123.86 W, 0 %
2026/09/28 04:14:42.927, 1695 MHz, 9501 MHz, 121.18 W, 0 %
2026/09/28 04:14:43.927, 1695 MHz, 9501 MHz, 120.31 W, 0 %
2026/09/28 04:14:44.927, 1695 MHz, 9501 MHz, 119.66 W, 0 %
2026/09/28 04:14:45.927, 1695 MHz, 9501 MHz, 118.76 W, 0 %
2026/09/28 04:14:46.927, 1770 MHz, 9501 MHz, 212.20 W, 100 %
2026/09/28 04:14:47.927, 1575 MHz, 9501 MHz, 349.73 W, 100 %
2026/09/28 04:14:48.927, 1590 MHz, 9501 MHz, 348.55 W, 100 %
2026/09/28 04:14:49.928, 1575 MHz, 9501 MHz, 349.37 W, 96 %
2026/09/28 04:14:50.928, 1590 MHz, 9501 MHz, 347.63 W, 96 %
2026/09/28 04:14:51.928, 1635 MHz, 9501 MHz, 347.00 W, 96 %
2026/09/28 04:14:52.928, 1620 MHz, 9501 MHz, 347.70 W, 96 %
2026/09/28 04:14:53.928, 1665 MHz, 9501 MHz, 347.67 W, 96 %
2026/09/28 04:14:54.928, 1605 MHz, 9501 MHz, 348.92 W, 100 %
2026/09/28 04:14:55.928, 1605 MHz, 9501 MHz, 348.93 W, 100 %
2026/09/28 04:14:56.929, 1605 MHz, 9501 MHz, 349.52 W, 100 %
2026/09/28 04:14:57.929, 1605 MHz, 9501 MHz, 349.66 W, 98 %
2026/09/28 04:14:58.929, 1605 MHz, 9501 MHz, 349.05 W, 96 %
2026/09/28 04:14:59.929, 1635 MHz, 9501 MHz, 348.41 W, 96 %
2026/09/28 04:15:00.929, 1650 MHz, 9501 MHz, 348.45 W, 96 %
2026/09/28 04:15:01.929, 1650 MHz, 9501 MHz, 347.95 W, 96 %
2026/09/28 04:15:02.930, 1635 MHz, 9501 MHz, 349.01 W, 97 %
2026/09/28 04:15:03.930, 1605 MHz, 9501 MHz, 349.14 W, 100 %
2026/09/28 04:15:04.930, 1605 MHz, 9501 MHz, 349.12 W, 100 %
2026/09/28 04:15:05.930, 1605 MHz, 9501 MHz, 349.25 W, 100 %
2026/09/28 04:15:06.930, 1605 MHz, 9501 MHz, 349.44 W, 96 %
2026/09/28 04:15:07.930, 1605 MHz, 9501 MHz, 348.04 W, 96 %
2026/09/28 04:15:08.931, 1620 MHz, 9501 MHz, 348.18 W, 96 %
2026/09/28 04:15:09.931, 1620 MHz, 9501 MHz, 347.68 W, 96 %
2026/09/28 04:15:10.931, 1650 MHz, 9501 MHz, 348.16 W, 96 %
2026/09/28 04:15:11.931, 1605 MHz, 9501 MHz, 348.85 W, 100 %
2026/09/28 04:15:12.931, 1605 MHz, 9501 MHz, 349.23 W, 100 %
2026/09/28 04:15:13.932, 1605 MHz, 9501 MHz, 349.31 W, 100 %
2026/09/28 04:15:14.932, 1605 MHz, 9501 MHz, 349.34 W, 96 %
2026/09/28 04:15:15.932, 1620 MHz, 9501 MHz, 348.16 W, 96 %
2026/09/28 04:15:16.932, 1620 MHz, 9501 MHz, 348.10 W, 96 %
2026/09/28 04:15:17.932, 1620 MHz, 9501 MHz, 348.40 W, 96 %
2026/09/28 04:15:18.932, 1605 MHz, 9501 MHz, 348.33 W, 96 %
2026/09/28 04:15:19.933, 1650 MHz, 9501 MHz, 348.99 W, 100 %
2026/09/28 04:15:20.933, 1590 MHz, 9501 MHz, 349.39 W, 100 %
2026/09/28 04:15:21.933, 1605 MHz, 9501 MHz, 348.98 W, 100 %
2026/09/28 04:15:22.933, 1620 MHz, 9501 MHz, 349.09 W, 96 %
2026/09/28 04:15:23.934, 1620 MHz, 9501 MHz, 348.14 W, 96 %
2026/09/28 04:15:24.934, 1605 MHz, 9501 MHz, 348.43 W, 96 %
2026/09/28 04:15:25.934, 1620 MHz, 9501 MHz, 348.29 W, 96 %
2026/09/28 04:15:26.934, 1635 MHz, 9501 MHz, 348.52 W, 96 %
2026/09/28 04:15:27.934, 1635 MHz, 9501 MHz, 349.10 W, 100 %
2026/09/28 04:15:28.934, 1605 MHz, 9501 MHz, 348.94 W, 100 %
2026/09/28 04:15:29.935, 1605 MHz, 9501 MHz, 349.36 W, 100 %
2026/09/28 04:15:30.935, 1605 MHz, 9501 MHz, 349.33 W, 96 %
2026/09/28 04:15:31.935, 1605 MHz, 9501 MHz, 348.18 W, 96 %
2026/09/28 04:15:32.935, 1620 MHz, 9501 MHz, 348.03 W, 96 %
2026/09/28 04:15:33.935, 1635 MHz, 9501 MHz, 347.91 W, 96 %
2026/09/28 04:15:34.935, 1650 MHz, 9501 MHz, 348.66 W, 100 %
2026/09/28 04:15:35.936, 1620 MHz, 9501 MHz, 349.17 W, 100 %
2026/09/28 04:15:36.936, 1605 MHz, 9501 MHz, 349.56 W, 100 %
2026/09/28 04:15:37.936, 1590 MHz, 9501 MHz, 349.79 W, 99 %
2026/09/28 04:15:38.936, 1605 MHz, 9501 MHz, 348.56 W, 96 %
2026/09/28 04:15:39.936, 1770 MHz, 9501 MHz, 344.96 W, 100 %
2026/09/28 04:15:40.936, 1620 MHz, 9501 MHz, 349.27 W, 96 %
2026/09/28 04:15:41.937, 1620 MHz, 9501 MHz, 348.37 W, 96 %
2026/09/28 04:15:42.937, 1635 MHz, 9501 MHz, 348.20 W, 96 %
2026/09/28 04:15:43.937, 1650 MHz, 9501 MHz, 349.11 W, 100 %
2026/09/28 04:15:44.937, 1620 MHz, 9501 MHz, 349.14 W, 100 %
2026/09/28 04:15:45.937, 1605 MHz, 9501 MHz, 349.48 W, 100 %
2026/09/28 04:15:46.938, 1590 MHz, 9501 MHz, 349.59 W, 99 %
2026/09/28 04:15:47.938, 1590 MHz, 9501 MHz, 348.86 W, 96 %
2026/09/28 04:15:48.938, 1605 MHz, 9501 MHz, 348.04 W, 96 %
2026/09/28 04:15:49.938, 1620 MHz, 9501 MHz, 348.32 W, 96 %
2026/09/28 04:15:50.938, 1605 MHz, 9501 MHz, 347.54 W, 96 %
2026/09/28 04:15:51.938, 1650 MHz, 9501 MHz, 348.80 W, 100 %
2026/09/28 04:15:52.938, 1605 MHz, 9501 MHz, 348.77 W, 100 %
2026/09/28 04:15:53.939, 1605 MHz, 9501 MHz, 349.21 W, 100 %
2026/09/28 04:15:54.939, 1605 MHz, 9501 MHz, 349.08 W, 96 %
2026/09/28 04:15:55.939, 1785 MHz, 9501 MHz, 346.53 W, 100 %
2026/09/28 04:15:56.939, 1605 MHz, 9501 MHz, 348.76 W, 96 %
2026/09/28 04:15:57.939, 1635 MHz, 9501 MHz, 348.23 W, 96 %
2026/09/28 04:15:58.940, 1635 MHz, 9501 MHz, 348.19 W, 96 %
2026/09/28 04:15:59.940, 1650 MHz, 9501 MHz, 349.27 W, 100 %
2026/09/28 04:16:00.940, 1620 MHz, 9501 MHz, 349.53 W, 100 %
2026/09/28 04:16:01.940, 1590 MHz, 9501 MHz, 349.46 W, 100 %
2026/09/28 04:16:02.940, 1590 MHz, 9501 MHz, 349.45 W, 97 %
2026/09/28 04:16:03.941, 1590 MHz, 9501 MHz, 348.39 W, 96 %
2026/09/28 04:16:04.941, 1605 MHz, 9501 MHz, 347.89 W, 96 %
2026/09/28 04:16:05.941, 1620 MHz, 9501 MHz, 347.96 W, 96 %
2026/09/28 04:16:06.941, 1605 MHz, 9501 MHz, 347.58 W, 96 %
2026/09/28 04:16:07.941, 1650 MHz, 9501 MHz, 348.68 W, 100 %
2026/09/28 04:16:08.941, 1590 MHz, 9501 MHz, 348.88 W, 100 %
2026/09/28 04:16:09.942, 1605 MHz, 9501 MHz, 348.31 W, 100 %
2026/09/28 04:16:10.942, 1605 MHz, 9501 MHz, 349.32 W, 96 %
2026/09/28 04:16:11.942, 1590 MHz, 9501 MHz, 348.12 W, 96 %
2026/09/28 04:16:12.942, 1590 MHz, 9501 MHz, 348.33 W, 96 %
2026/09/28 04:16:13.942, 1605 MHz, 9501 MHz, 348.17 W, 96 %
2026/09/28 04:16:14.943, 1605 MHz, 9501 MHz, 349.14 W, 100 %
2026/09/28 04:16:15.943, 1650 MHz, 9501 MHz, 349.13 W, 100 %
2026/09/28 04:16:16.943, 1590 MHz, 9501 MHz, 349.17 W, 100 %
2026/09/28 04:16:17.943, 1590 MHz, 9501 MHz, 349.47 W, 97 %
2026/09/28 04:16:18.943, 1605 MHz, 9501 MHz, 348.38 W, 96 %
2026/09/28 04:16:19.943, 1605 MHz, 9501 MHz, 347.83 W, 96 %
2026/09/28 04:16:20.944, 1620 MHz, 9501 MHz, 347.72 W, 96 %
2026/09/28 04:16:21.944, 1620 MHz, 9501 MHz, 348.59 W, 100 %
2026/09/28 04:16:22.944, 1650 MHz, 9501 MHz, 348.89 W, 100 %
2026/09/28 04:16:23.944, 1605 MHz, 9501 MHz, 349.18 W, 100 %
2026/09/28 04:16:24.944, 1590 MHz, 9501 MHz, 349.03 W, 97 %
2026/09/28 04:16:25.944, 1605 MHz, 9501 MHz, 348.51 W, 96 %
2026/09/28 04:16:26.944, 1605 MHz, 9501 MHz, 348.10 W, 96 %
2026/09/28 04:16:27.945, 1620 MHz, 9501 MHz, 347.73 W, 96 %
2026/09/28 04:16:28.945, 1740 MHz, 9501 MHz, 347.20 W, 94 %
2026/09/28 04:16:29.945, 1620 MHz, 9501 MHz, 347.70 W, 96 %
2026/09/28 04:16:30.945, 1635 MHz, 9501 MHz, 348.05 W, 100 %
2026/09/28 04:16:31.945, 1620 MHz, 9501 MHz, 348.77 W, 100 %
2026/09/28 04:16:32.945, 1605 MHz, 9501 MHz, 348.83 W, 100 %
2026/09/28 04:16:33.945, 1605 MHz, 9501 MHz, 349.25 W, 96 %
2026/09/28 04:16:34.946, 1605 MHz, 9501 MHz, 348.11 W, 96 %
2026/09/28 04:16:35.946, 1590 MHz, 9501 MHz, 348.24 W, 96 %
2026/09/28 04:16:36.946, 1620 MHz, 9501 MHz, 348.27 W, 96 %
2026/09/28 04:16:37.946, 1605 MHz, 9501 MHz, 349.10 W, 100 %
2026/09/28 04:16:38.946, 1650 MHz, 9501 MHz, 349.20 W, 100 %
2026/09/28 04:16:39.946, 1605 MHz, 9501 MHz, 348.97 W, 100 %
2026/09/28 04:16:40.946, 1605 MHz, 9501 MHz, 349.06 W, 96 %
2026/09/28 04:16:41.947, 1605 MHz, 9501 MHz, 348.08 W, 97 %
2026/09/28 04:16:42.947, 1605 MHz, 9501 MHz, 347.60 W, 96 %
2026/09/28 04:16:43.947, 1620 MHz, 9501 MHz, 347.86 W, 96 %
2026/09/28 04:16:44.947, 1620 MHz, 9501 MHz, 348.77 W, 100 %
2026/09/28 04:16:45.947, 1665 MHz, 9501 MHz, 349.21 W, 100 %
2026/09/28 04:16:46.947, 1590 MHz, 9501 MHz, 349.88 W, 100 %
2026/09/28 04:16:47.947, 1590 MHz, 9501 MHz, 349.30 W, 97 %
2026/09/28 04:16:48.948, 1605 MHz, 9501 MHz, 348.58 W, 96 %
2026/09/28 04:16:49.948, 1605 MHz, 9501 MHz, 348.07 W, 96 %
2026/09/28 04:16:50.948, 1620 MHz, 9501 MHz, 347.71 W, 96 %
2026/09/28 04:16:51.948, 1635 MHz, 9501 MHz, 348.45 W, 97 %
2026/09/28 04:16:52.948, 1650 MHz, 9501 MHz, 349.11 W, 100 %
2026/09/28 04:16:53.948, 1620 MHz, 9501 MHz, 349.21 W, 100 %
2026/09/28 04:16:54.948, 1590 MHz, 9501 MHz, 349.30 W, 98 %
2026/09/28 04:16:55.949, 1590 MHz, 9501 MHz, 348.74 W, 96 %
2026/09/28 04:16:56.949, 1710 MHz, 9501 MHz, 347.75 W, 100 %
2026/09/28 04:16:57.949, 1635 MHz, 9501 MHz, 348.33 W, 100 %
2026/09/28 04:16:58.949, 1605 MHz, 9501 MHz, 348.39 W, 100 %
2026/09/28 04:16:59.949, 1590 MHz, 9501 MHz, 348.37 W, 100 %
2026/09/28 04:17:00.949, 1590 MHz, 9501 MHz, 348.70 W, 96 %
2026/09/28 04:17:01.949, 1590 MHz, 9501 MHz, 347.86 W, 96 %
2026/09/28 04:17:02.950, 1590 MHz, 9501 MHz, 347.93 W, 96 %
2026/09/28 04:17:03.950, 1605 MHz, 9501 MHz, 347.77 W, 97 %
2026/09/28 04:17:04.950, 1620 MHz, 9501 MHz, 348.52 W, 100 %
2026/09/28 04:17:05.950, 1650 MHz, 9501 MHz, 348.85 W, 100 %
2026/09/28 04:17:06.950, 1620 MHz, 9501 MHz, 348.56 W, 100 %
2026/09/28 04:17:07.950, 1605 MHz, 9501 MHz, 349.01 W, 96 %
2026/09/28 04:17:08.950, 1590 MHz, 9501 MHz, 348.26 W, 96 %
2026/09/28 04:17:09.951, 1590 MHz, 9501 MHz, 348.24 W, 96 %
2026/09/28 04:17:10.951, 1590 MHz, 9501 MHz, 348.08 W, 96 %
2026/09/28 04:17:11.951, 1620 MHz, 9501 MHz, 349.48 W, 100 %
2026/09/28 04:17:12.951, 1605 MHz, 9501 MHz, 349.53 W, 100 %
2026/09/28 04:17:13.951, 1620 MHz, 9501 MHz, 349.49 W, 100 %
2026/09/28 04:17:14.951, 1590 MHz, 9501 MHz, 349.32 W, 96 %
2026/09/28 04:17:15.952, 1605 MHz, 9501 MHz, 348.24 W, 96 %
2026/09/28 04:17:16.952, 1605 MHz, 9501 MHz, 348.23 W, 96 %
2026/09/28 04:17:17.952, 1605 MHz, 9501 MHz, 348.15 W, 96 %
2026/09/28 04:17:18.952, 1635 MHz, 9501 MHz, 349.05 W, 100 %
2026/09/28 04:17:19.952, 1605 MHz, 9501 MHz, 349.37 W, 100 %
2026/09/28 04:17:20.952, 1650 MHz, 9501 MHz, 348.87 W, 100 %
2026/09/28 04:17:21.952, 1605 MHz, 9501 MHz, 348.77 W, 96 %
2026/09/28 04:17:22.953, 1605 MHz, 9501 MHz, 348.00 W, 96 %
2026/09/28 04:17:23.953, 1605 MHz, 9501 MHz, 348.06 W, 96 %
2026/09/28 04:17:24.953, 1605 MHz, 9501 MHz, 348.06 W, 96 %
2026/09/28 04:17:25.953, 1650 MHz, 9501 MHz, 349.00 W, 100 %
2026/09/28 04:17:26.953, 1785 MHz, 9501 MHz, 344.69 W, 95 %
2026/09/28 04:17:27.953, 1575 MHz, 9501 MHz, 347.10 W, 96 %
2026/09/28 04:17:28.954, 1590 MHz, 9501 MHz, 348.04 W, 96 %
2026/09/28 04:17:29.954, 1605 MHz, 9501 MHz, 347.74 W, 96 %
2026/09/28 04:17:30.954, 1620 MHz, 9501 MHz, 347.77 W, 96 %
2026/09/28 04:17:31.954, 1620 MHz, 9501 MHz, 348.45 W, 100 %
2026/09/28 04:17:32.954, 1650 MHz, 9501 MHz, 348.87 W, 100 %
2026/09/28 04:17:33.954, 1605 MHz, 9501 MHz, 349.08 W, 100 %
2026/09/28 04:17:34.954, 1590 MHz, 9501 MHz, 349.01 W, 96 %
2026/09/28 04:17:35.955, 1590 MHz, 9501 MHz, 347.69 W, 96 %
2026/09/28 04:17:36.955, 1605 MHz, 9501 MHz, 347.92 W, 96 %
2026/09/28 04:17:37.955, 1620 MHz, 9501 MHz, 347.92 W, 96 %
2026/09/28 04:17:38.955, 1635 MHz, 9501 MHz, 349.23 W, 100 %
2026/09/28 04:17:39.955, 1650 MHz, 9501 MHz, 348.17 W, 100 %
2026/09/28 04:17:40.955, 1620 MHz, 9501 MHz, 348.31 W, 100 %
2026/09/28 04:17:41.955, 1605 MHz, 9501 MHz, 348.30 W, 96 %
2026/09/28 04:17:42.956, 1605 MHz, 9501 MHz, 349.24 W, 96 %
2026/09/28 04:17:43.956, 1605 MHz, 9501 MHz, 349.43 W, 96 %
2026/09/28 04:17:44.956, 1605 MHz, 9501 MHz, 349.29 W, 96 %
2026/09/28 04:17:45.956, 1635 MHz, 9501 MHz, 349.25 W, 100 %
2026/09/28 04:17:46.956, 1605 MHz, 9501 MHz, 348.30 W, 96 %
2026/09/28 04:17:47.956, 1620 MHz, 9501 MHz, 348.38 W, 96 %
2026/09/28 04:17:48.956, 1605 MHz, 9501 MHz, 348.30 W, 96 %
2026/09/28 04:17:49.957, 1605 MHz, 9501 MHz, 349.24 W, 100 %
2026/09/28 04:17:50.957, 1590 MHz, 9501 MHz, 349.52 W, 100 %
2026/09/28 04:17:51.957, 1590 MHz, 9501 MHz, 349.26 W, 100 %
2026/09/28 04:17:52.957, 1815 MHz, 9501 MHz, 345.78 W, 100 %
2026/09/28 04:17:53.957, 1605 MHz, 9501 MHz, 349.43 W, 97 %
2026/09/28 04:17:54.957, 1620 MHz, 9501 MHz, 348.97 W, 96 %
2026/09/28 04:17:55.957, 1605 MHz, 9501 MHz, 348.30 W, 96 %
2026/09/28 04:17:56.958, 1650 MHz, 9501 MHz, 348.21 W, 96 %
2026/09/28 04:17:57.958, 1605 MHz, 9501 MHz, 347.88 W, 96 %
2026/09/28 04:17:58.958, 1590 MHz, 9501 MHz, 348.83 W, 100 %
2026/09/28 04:17:59.958, 1605 MHz, 9501 MHz, 349.06 W, 100 %
2026/09/28 04:18:00.958, 1605 MHz, 9501 MHz, 348.87 W, 100 %
2026/09/28 04:18:01.958, 1620 MHz, 9501 MHz, 349.14 W, 96 %
2026/09/28 04:18:02.958, 1605 MHz, 9501 MHz, 347.74 W, 96 %
2026/09/28 04:18:03.959, 1665 MHz, 9501 MHz, 347.90 W, 96 %
2026/09/28 04:18:04.959, 1590 MHz, 9501 MHz, 348.02 W, 96 %
2026/09/28 04:18:05.959, 1590 MHz, 9501 MHz, 348.89 W, 100 %
2026/09/28 04:18:06.959, 1590 MHz, 9501 MHz, 349.13 W, 100 %
2026/09/28 04:18:07.959, 1605 MHz, 9501 MHz, 349.11 W, 100 %
2026/09/28 04:18:08.959, 1620 MHz, 9501 MHz, 349.09 W, 96 %
2026/09/28 04:18:09.959, 1650 MHz, 9501 MHz, 347.08 W, 97 %
2026/09/28 04:18:10.959, 1650 MHz, 9501 MHz, 349.01 W, 96 %
2026/09/28 04:18:11.960, 1635 MHz, 9501 MHz, 347.81 W, 96 %
2026/09/28 04:18:12.960, 1650 MHz, 9501 MHz, 348.90 W, 96 %
2026/09/28 04:18:13.960, 1635 MHz, 9501 MHz, 347.87 W, 97 %
2026/09/28 04:18:14.960, 1665 MHz, 9501 MHz, 348.81 W, 97 %
2026/09/28 04:18:15.960, 1635 MHz, 9501 MHz, 347.38 W, 97 %
2026/09/28 04:18:16.960, 1665 MHz, 9501 MHz, 348.13 W, 97 %
2026/09/28 04:18:17.960, 1635 MHz, 9501 MHz, 347.87 W, 96 %
2026/09/28 04:18:18.961, 1665 MHz, 9501 MHz, 348.03 W, 97 %
2026/09/28 04:18:19.961, 1620 MHz, 9501 MHz, 348.53 W, 93 %
2026/09/28 04:18:20.961, 1680 MHz, 9501 MHz, 348.17 W, 97 %
2026/09/28 04:18:21.961, 1635 MHz, 9501 MHz, 348.46 W, 96 %
2026/09/28 04:18:22.961, 1665 MHz, 9501 MHz, 347.85 W, 97 %
2026/09/28 04:18:23.961, 1635 MHz, 9501 MHz, 348.83 W, 96 %
2026/09/28 04:18:24.962, 1680 MHz, 9501 MHz, 347.65 W, 96 %
2026/09/28 04:18:25.962, 1650 MHz, 9501 MHz, 348.88 W, 96 %
2026/09/28 04:18:26.962, 1680 MHz, 9501 MHz, 347.43 W, 96 %
2026/09/28 04:18:27.962, 1635 MHz, 9501 MHz, 349.03 W, 96 %
2026/09/28 04:18:28.962, 1680 MHz, 9501 MHz, 347.49 W, 96 %
2026/09/28 04:18:29.962, 1650 MHz, 9501 MHz, 348.98 W, 97 %
2026/09/28 04:18:30.962, 1680 MHz, 9501 MHz, 348.09 W, 97 %
2026/09/28 04:18:31.962, 1650 MHz, 9501 MHz, 348.90 W, 96 %
2026/09/28 04:18:32.963, 1665 MHz, 9501 MHz, 347.49 W, 96 %
2026/09/28 04:18:33.963, 1650 MHz, 9501 MHz, 349.02 W, 96 %
2026/09/28 04:18:34.963, 1650 MHz, 9501 MHz, 347.55 W, 96 %
2026/09/28 04:18:35.963, 1950 MHz, 9501 MHz, 304.67 W, 0 %
2026/09/28 04:18:36.963, 1965 MHz, 9501 MHz, 181.85 W, 0 %
2026/09/28 04:18:37.963, 1695 MHz, 9501 MHz, 149.68 W, 0 %
2026/09/28 04:18:38.963, 1695 MHz, 9501 MHz, 136.23 W, 0 %
2026/09/28 04:18:39.964, 1695 MHz, 9501 MHz, 122.65 W, 0 %
2026/09/28 04:18:40.964, 1695 MHz, 9501 MHz, 121.47 W, 0 %
2026/09/28 04:18:41.964, 1695 MHz, 9501 MHz, 120.73 W, 0 %
2026/09/28 04:18:42.964, 1695 MHz, 9501 MHz, 119.90 W, 0 %
2026/09/28 04:18:43.964, 1695 MHz, 9501 MHz, 119.19 W, 0 %
2026/09/28 04:18:44.964, 1785 MHz, 9501 MHz, 149.12 W, 100 %
2026/09/28 04:18:45.964, 1770 MHz, 9501 MHz, 343.01 W, 95 %
2026/09/28 04:18:46.965, 1680 MHz, 9501 MHz, 345.13 W, 96 %
2026/09/28 04:18:47.965, 1680 MHz, 9501 MHz, 347.34 W, 96 %
2026/09/28 04:18:48.965, 1725 MHz, 9501 MHz, 347.73 W, 96 %
2026/09/28 04:18:49.965, 1725 MHz, 9501 MHz, 347.85 W, 96 %
2026/09/28 04:18:50.965, 1710 MHz, 9501 MHz, 348.24 W, 96 %
2026/09/28 04:18:51.965, 1740 MHz, 9501 MHz, 348.34 W, 96 %
2026/09/28 04:18:52.965, 1725 MHz, 9501 MHz, 348.04 W, 96 %
2026/09/28 04:18:53.966, 1695 MHz, 9501 MHz, 348.28 W, 96 %
2026/09/28 04:18:54.966, 1710 MHz, 9501 MHz, 348.10 W, 96 %
2026/09/28 04:18:55.966, 1710 MHz, 9501 MHz, 348.12 W, 96 %
2026/09/28 04:18:56.966, 1710 MHz, 9501 MHz, 348.44 W, 96 %
2026/09/28 04:18:57.967, 1710 MHz, 9501 MHz, 348.60 W, 96 %
2026/09/28 04:18:58.967, 1710 MHz, 9501 MHz, 348.79 W, 96 %
2026/09/28 04:18:59.967, 1710 MHz, 9501 MHz, 348.16 W, 95 %
2026/09/28 04:19:00.967, 1695 MHz, 9501 MHz, 348.71 W, 96 %
2026/09/28 04:19:01.967, 1710 MHz, 9501 MHz, 348.93 W, 96 %
2026/09/28 04:19:02.968, 1710 MHz, 9501 MHz, 348.68 W, 96 %
2026/09/28 04:19:03.968, 1710 MHz, 9501 MHz, 348.11 W, 96 %
2026/09/28 04:19:04.968, 1695 MHz, 9501 MHz, 348.40 W, 96 %
2026/09/28 04:19:05.968, 1695 MHz, 9501 MHz, 348.85 W, 96 %
2026/09/28 04:19:06.968, 1680 MHz, 9501 MHz, 348.68 W, 96 %
2026/09/28 04:19:07.968, 1695 MHz, 9501 MHz, 348.44 W, 96 %
2026/09/28 04:19:08.969, 1695 MHz, 9501 MHz, 348.69 W, 96 %
2026/09/28 04:19:09.969, 1695 MHz, 9501 MHz, 348.67 W, 96 %
2026/09/28 04:19:10.969, 1695 MHz, 9501 MHz, 348.24 W, 96 %
2026/09/28 04:19:11.969, 1695 MHz, 9501 MHz, 348.41 W, 96 %
2026/09/28 04:19:12.969, 1695 MHz, 9501 MHz, 348.25 W, 96 %
2026/09/28 04:19:13.969, 1695 MHz, 9501 MHz, 348.24 W, 96 %
2026/09/28 04:19:14.969, 1680 MHz, 9501 MHz, 348.20 W, 96 %
2026/09/28 04:19:15.969, 1695 MHz, 9501 MHz, 348.62 W, 97 %
2026/09/28 04:19:16.970, 1695 MHz, 9501 MHz, 348.71 W, 97 %
2026/09/28 04:19:17.970, 1695 MHz, 9501 MHz, 348.74 W, 97 %
2026/09/28 04:19:18.970, 1710 MHz, 9501 MHz, 348.35 W, 94 %
2026/09/28 04:19:19.970, 1695 MHz, 9501 MHz, 348.38 W, 97 %
2026/09/28 04:19:20.970, 1680 MHz, 9501 MHz, 348.58 W, 97 %
2026/09/28 04:19:21.970, 1680 MHz, 9501 MHz, 348.62 W, 97 %
2026/09/28 04:19:22.970, 1695 MHz, 9501 MHz, 348.67 W, 97 %
2026/09/28 04:19:23.971, 1710 MHz, 9501 MHz, 348.59 W, 98 %
2026/09/28 04:19:24.971, 1680 MHz, 9501 MHz, 348.88 W, 99 %
2026/09/28 04:19:25.971, 1695 MHz, 9501 MHz, 348.64 W, 100 %
2026/09/28 04:19:26.971, 1695 MHz, 9501 MHz, 348.87 W, 100 %
2026/09/28 04:19:27.971, 1710 MHz, 9501 MHz, 348.69 W, 100 %
2026/09/28 04:19:28.971, 1710 MHz, 9501 MHz, 349.01 W, 100 %
2026/09/28 04:19:29.972, 1695 MHz, 9501 MHz, 349.32 W, 100 %
2026/09/28 04:19:30.972, 1695 MHz, 9501 MHz, 349.43 W, 100 %
2026/09/28 04:19:31.972, 1695 MHz, 9501 MHz, 349.41 W, 100 %
2026/09/28 04:19:32.972, 1695 MHz, 9501 MHz, 349.56 W, 100 %
2026/09/28 04:19:33.972, 1695 MHz, 9501 MHz, 349.33 W, 100 %
2026/09/28 04:19:34.972, 1695 MHz, 9501 MHz, 349.38 W, 100 %
2026/09/28 04:19:35.973, 1695 MHz, 9501 MHz, 349.47 W, 100 %
2026/09/28 04:19:36.973, 1695 MHz, 9501 MHz, 349.04 W, 100 %
2026/09/28 04:19:37.973, 1695 MHz, 9501 MHz, 349.48 W, 100 %
2026/09/28 04:19:38.973, 1695 MHz, 9501 MHz, 349.45 W, 100 %
2026/09/28 04:19:39.973, 1695 MHz, 9501 MHz, 349.08 W, 100 %
2026/09/28 04:19:40.973, 1695 MHz, 9501 MHz, 349.15 W, 100 %
2026/09/28 04:19:41.974, 1680 MHz, 9501 MHz, 349.58 W, 100 %
2026/09/28 04:19:42.974, 1680 MHz, 9501 MHz, 349.60 W, 100 %
2026/09/28 04:19:43.974, 1695 MHz, 9501 MHz, 349.36 W, 100 %
2026/09/28 04:19:44.974, 1695 MHz, 9501 MHz, 349.34 W, 100 %
2026/09/28 04:19:45.974, 1695 MHz, 9501 MHz, 349.49 W, 100 %
2026/09/28 04:19:46.974, 1680 MHz, 9501 MHz, 349.69 W, 100 %
2026/09/28 04:19:47.975, 1680 MHz, 9501 MHz, 349.58 W, 100 %
2026/09/28 04:19:48.975, 1680 MHz, 9501 MHz, 349.02 W, 100 %
2026/09/28 04:19:49.975, 1680 MHz, 9501 MHz, 349.26 W, 100 %
2026/09/28 04:19:50.975, 1680 MHz, 9501 MHz, 349.13 W, 100 %
2026/09/28 04:19:51.975, 1680 MHz, 9501 MHz, 348.87 W, 100 %
2026/09/28 04:19:52.975, 1665 MHz, 9501 MHz, 349.07 W, 100 %
2026/09/28 04:19:53.976, 1665 MHz, 9501 MHz, 349.04 W, 100 %
2026/09/28 04:19:54.976, 1680 MHz, 9501 MHz, 348.70 W, 100 %
2026/09/28 04:19:55.976, 1665 MHz, 9501 MHz, 349.05 W, 100 %
2026/09/28 04:19:56.976, 1665 MHz, 9501 MHz, 348.71 W, 100 %
2026/09/28 04:19:57.976, 1680 MHz, 9501 MHz, 348.92 W, 100 %
2026/09/28 04:19:58.976, 1665 MHz, 9501 MHz, 348.89 W, 100 %
2026/09/28 04:19:59.977, 1665 MHz, 9501 MHz, 348.67 W, 100 %
2026/09/28 04:20:00.977, 1680 MHz, 9501 MHz, 347.55 W, 100 %
2026/09/28 04:20:01.977, 1680 MHz, 9501 MHz, 348.83 W, 100 %
2026/09/28 04:20:02.977, 1755 MHz, 9501 MHz, 347.49 W, 99 %
2026/09/28 04:20:03.977, 1740 MHz, 9501 MHz, 346.86 W, 100 %
2026/09/28 04:20:04.977, 1710 MHz, 9501 MHz, 349.88 W, 100 %
2026/09/28 04:20:05.978, 1710 MHz, 9501 MHz, 349.55 W, 100 %
2026/09/28 04:20:06.978, 1695 MHz, 9501 MHz, 349.59 W, 100 %
2026/09/28 04:20:07.978, 1695 MHz, 9501 MHz, 349.10 W, 100 %
2026/09/28 04:20:08.978, 1695 MHz, 9501 MHz, 349.23 W, 100 %
2026/09/28 04:20:09.978, 1695 MHz, 9501 MHz, 348.85 W, 100 %
2026/09/28 04:20:10.979, 1695 MHz, 9501 MHz, 349.15 W, 100 %
2026/09/28 04:20:11.979, 1695 MHz, 9501 MHz, 348.80 W, 100 %
2026/09/28 04:20:12.979, 1695 MHz, 9501 MHz, 348.96 W, 100 %
2026/09/28 04:20:13.979, 1695 MHz, 9501 MHz, 348.73 W, 100 %
2026/09/28 04:20:14.979, 1695 MHz, 9501 MHz, 348.82 W, 100 %
2026/09/28 04:20:15.979, 1785 MHz, 9501 MHz, 346.14 W, 100 %
2026/09/28 04:20:16.980, 1710 MHz, 9501 MHz, 347.72 W, 100 %
2026/09/28 04:20:17.980, 1695 MHz, 9501 MHz, 349.43 W, 100 %
2026/09/28 04:20:18.980, 1695 MHz, 9501 MHz, 349.16 W, 100 %
2026/09/28 04:20:19.980, 1710 MHz, 9501 MHz, 349.05 W, 100 %
2026/09/28 04:20:20.980, 1695 MHz, 9501 MHz, 349.48 W, 100 %
2026/09/28 04:20:21.980, 1695 MHz, 9501 MHz, 349.18 W, 100 %
2026/09/28 04:20:22.981, 1695 MHz, 9501 MHz, 349.10 W, 100 %
2026/09/28 04:20:23.981, 1695 MHz, 9501 MHz, 348.48 W, 94 %
2026/09/28 04:20:24.981, 1695 MHz, 9501 MHz, 347.47 W, 100 %
2026/09/28 04:20:25.981, 1695 MHz, 9501 MHz, 347.87 W, 100 %
2026/09/28 04:20:26.981, 1710 MHz, 9501 MHz, 347.98 W, 100 %
2026/09/28 04:20:27.981, 1710 MHz, 9501 MHz, 348.35 W, 100 %
2026/09/28 04:20:28.982, 1710 MHz, 9501 MHz, 348.53 W, 100 %
2026/09/28 04:20:29.982, 1680 MHz, 9501 MHz, 348.70 W, 100 %
2026/09/28 04:20:30.982, 1710 MHz, 9501 MHz, 348.72 W, 100 %
2026/09/28 04:20:31.982, 1710 MHz, 9501 MHz, 348.17 W, 100 %
2026/09/28 04:20:32.982, 1710 MHz, 9501 MHz, 348.20 W, 100 %
2026/09/28 04:20:33.983, 1710 MHz, 9501 MHz, 348.44 W, 100 %
2026/09/28 04:20:34.983, 1665 MHz, 9501 MHz, 348.30 W, 100 %
2026/09/28 04:20:35.983, 1665 MHz, 9501 MHz, 348.48 W, 100 %
2026/09/28 04:20:36.983, 1665 MHz, 9501 MHz, 348.90 W, 100 %
2026/09/28 04:20:37.983, 1665 MHz, 9501 MHz, 348.33 W, 100 %
2026/09/28 04:20:38.983, 1665 MHz, 9501 MHz, 348.52 W, 100 %
2026/09/28 04:20:39.984, 1680 MHz, 9501 MHz, 348.49 W, 100 %
2026/09/28 04:20:40.984, 1665 MHz, 9501 MHz, 347.98 W, 100 %
2026/09/28 04:20:41.984, 1665 MHz, 9501 MHz, 348.14 W, 100 %
2026/09/28 04:20:42.984, 1665 MHz, 9501 MHz, 348.40 W, 100 %
2026/09/28 04:20:43.984, 1680 MHz, 9501 MHz, 348.06 W, 100 %
2026/09/28 04:20:44.985, 1665 MHz, 9501 MHz, 348.17 W, 100 %
2026/09/28 04:20:45.985, 1665 MHz, 9501 MHz, 348.27 W, 100 %
2026/09/28 04:20:46.985, 1665 MHz, 9501 MHz, 348.16 W, 100 %
2026/09/28 04:20:47.985, 1680 MHz, 9501 MHz, 348.11 W, 100 %
2026/09/28 04:20:48.985, 1680 MHz, 9501 MHz, 347.92 W, 100 %
2026/09/28 04:20:49.985, 1665 MHz, 9501 MHz, 348.11 W, 100 %
2026/09/28 04:20:50.986, 1680 MHz, 9501 MHz, 348.11 W, 100 %
2026/09/28 04:20:51.986, 1680 MHz, 9501 MHz, 348.08 W, 100 %
2026/09/28 04:20:52.986, 1665 MHz, 9501 MHz, 348.33 W, 100 %
2026/09/28 04:20:53.986, 1665 MHz, 9501 MHz, 348.40 W, 100 %
2026/09/28 04:20:54.986, 1665 MHz, 9501 MHz, 348.30 W, 100 %
2026/09/28 04:20:55.986, 1665 MHz, 9501 MHz, 348.35 W, 100 %
2026/09/28 04:20:56.987, 1665 MHz, 9501 MHz, 348.68 W, 100 %
2026/09/28 04:20:57.987, 1665 MHz, 9501 MHz, 348.56 W, 100 %
2026/09/28 04:20:58.987, 1665 MHz, 9501 MHz, 348.37 W, 100 %
2026/09/28 04:20:59.987, 1665 MHz, 9501 MHz, 348.20 W, 100 %
2026/09/28 04:21:00.987, 1665 MHz, 9501 MHz, 347.91 W, 100 %
2026/09/28 04:21:01.987, 1680 MHz, 9501 MHz, 347.77 W, 100 %
2026/09/28 04:21:02.987, 1665 MHz, 9501 MHz, 348.14 W, 100 %
2026/09/28 04:21:03.988, 1665 MHz, 9501 MHz, 348.31 W, 100 %
2026/09/28 04:21:04.988, 1680 MHz, 9501 MHz, 348.44 W, 100 %
2026/09/28 04:21:05.988, 1695 MHz, 9501 MHz, 348.14 W, 100 %
2026/09/28 04:21:06.988, 1725 MHz, 9501 MHz, 348.55 W, 100 %
2026/09/28 04:21:07.988, 1725 MHz, 9501 MHz, 348.48 W, 100 %
2026/09/28 04:21:08.988, 1725 MHz, 9501 MHz, 348.49 W, 100 %
2026/09/28 04:21:09.989, 1710 MHz, 9501 MHz, 348.57 W, 100 %
2026/09/28 04:21:10.989, 1710 MHz, 9501 MHz, 348.60 W, 97 %
2026/09/28 04:21:11.989, 1710 MHz, 9501 MHz, 347.97 W, 96 %
2026/09/28 04:21:12.989, 1710 MHz, 9501 MHz, 347.95 W, 96 %
2026/09/28 04:21:13.989, 1710 MHz, 9501 MHz, 348.53 W, 96 %
2026/09/28 04:21:14.990, 1695 MHz, 9501 MHz, 348.31 W, 96 %
2026/09/28 04:21:15.990, 1695 MHz, 9501 MHz, 348.53 W, 96 %
2026/09/28 04:21:16.990, 1680 MHz, 9501 MHz, 348.46 W, 96 %
2026/09/28 04:21:17.990, 1680 MHz, 9501 MHz, 348.91 W, 96 %
2026/09/28 04:21:18.990, 1680 MHz, 9501 MHz, 349.13 W, 96 %
2026/09/28 04:21:19.990, 1680 MHz, 9501 MHz, 348.77 W, 97 %
2026/09/28 04:21:20.990, 1680 MHz, 9501 MHz, 348.93 W, 96 %
2026/09/28 04:21:21.991, 1680 MHz, 9501 MHz, 348.58 W, 97 %
2026/09/28 04:21:22.991, 1665 MHz, 9501 MHz, 348.79 W, 100 %
2026/09/28 04:21:23.991, 1665 MHz, 9501 MHz, 349.21 W, 100 %
2026/09/28 04:21:24.991, 1680 MHz, 9501 MHz, 349.26 W, 100 %
2026/09/28 04:21:25.991, 1695 MHz, 9501 MHz, 348.98 W, 100 %
2026/09/28 04:21:26.991, 1680 MHz, 9501 MHz, 348.06 W, 97 %
2026/09/28 04:21:27.992, 1635 MHz, 9501 MHz, 349.01 W, 97 %
2026/09/28 04:21:28.992, 1665 MHz, 9501 MHz, 348.00 W, 97 %
2026/09/28 04:21:29.992, 1650 MHz, 9501 MHz, 349.06 W, 97 %
2026/09/28 04:21:30.992, 1650 MHz, 9501 MHz, 348.21 W, 96 %
2026/09/28 04:21:31.992, 1650 MHz, 9501 MHz, 349.03 W, 96 %
2026/09/28 04:21:32.992, 1635 MHz, 9501 MHz, 347.55 W, 97 %
2026/09/28 04:21:33.992, 1650 MHz, 9501 MHz, 349.06 W, 97 %
2026/09/28 04:21:34.993, 1635 MHz, 9501 MHz, 347.81 W, 96 %
2026/09/28 04:21:35.993, 1665 MHz, 9501 MHz, 348.84 W, 97 %
2026/09/28 04:21:36.993, 1635 MHz, 9501 MHz, 347.63 W, 97 %
2026/09/28 04:21:37.993, 1965 MHz, 9501 MHz, 187.83 W, 0 %
2026/09/28 04:21:38.993, 1695 MHz, 9501 MHz, 152.77 W, 0 %
2026/09/28 04:21:39.993, 1695 MHz, 9501 MHz, 137.96 W, 0 %
2026/09/28 04:21:40.993, 1695 MHz, 9501 MHz, 122.62 W, 0 %
2026/09/28 04:21:41.993, 1695 MHz, 9501 MHz, 121.68 W, 0 %
2026/09/28 04:21:42.994, 1695 MHz, 9501 MHz, 121.55 W, 0 %
2026/09/28 04:21:43.994, 1695 MHz, 9501 MHz, 120.70 W, 0 %
2026/09/28 04:21:44.994, 1695 MHz, 9501 MHz, 120.39 W, 0 %
2026/09/28 04:21:45.994, 1695 MHz, 9501 MHz, 120.00 W, 0 %
2026/09/28 04:21:46.994, 1710 MHz, 9501 MHz, 227.56 W, 100 %
2026/09/28 04:21:47.994, 1590 MHz, 9501 MHz, 344.78 W, 100 %
2026/09/28 04:21:48.994, 1695 MHz, 9501 MHz, 342.66 W, 100 %
2026/09/28 04:21:49.994, 1755 MHz, 9501 MHz, 342.79 W, 100 %
2026/09/28 04:21:50.995, 1830 MHz, 9501 MHz, 347.67 W, 100 %
2026/09/28 04:21:51.995, 1815 MHz, 9501 MHz, 347.47 W, 100 %
2026/09/28 04:21:52.995, 1830 MHz, 9501 MHz, 346.40 W, 100 %
2026/09/28 04:21:53.995, 1830 MHz, 9501 MHz, 346.10 W, 100 %
2026/09/28 04:21:54.995, 1830 MHz, 9501 MHz, 345.62 W, 100 %
2026/09/28 04:21:55.996, 1830 MHz, 9501 MHz, 343.18 W, 97 %
2026/09/28 04:21:56.996, 1815 MHz, 9501 MHz, 344.01 W, 96 %
2026/09/28 04:21:57.996, 1815 MHz, 9501 MHz, 345.56 W, 96 %
2026/09/28 04:21:58.996, 1800 MHz, 9501 MHz, 346.58 W, 96 %
2026/09/28 04:21:59.996, 1815 MHz, 9501 MHz, 346.52 W, 96 %
2026/09/28 04:22:00.996, 1800 MHz, 9501 MHz, 346.64 W, 96 %
2026/09/28 04:22:01.997, 1785 MHz, 9501 MHz, 345.97 W, 96 %
2026/09/28 04:22:02.997, 1770 MHz, 9501 MHz, 345.52 W, 100 %
2026/09/28 04:22:03.997, 1770 MHz, 9501 MHz, 345.20 W, 100 %
2026/09/28 04:22:04.997, 1770 MHz, 9501 MHz, 346.36 W, 100 %
2026/09/28 04:22:05.997, 1710 MHz, 9501 MHz, 347.19 W, 100 %
2026/09/28 04:22:06.997, 1680 MHz, 9501 MHz, 346.38 W, 96 %
2026/09/28 04:22:07.998, 1725 MHz, 9501 MHz, 347.21 W, 96 %
2026/09/28 04:22:08.998, 1815 MHz, 9501 MHz, 348.35 W, 96 %
2026/09/28 04:22:09.998, 1815 MHz, 9501 MHz, 348.86 W, 100 %
2026/09/28 04:22:10.998, 1815 MHz, 9501 MHz, 347.38 W, 100 %
2026/09/28 04:22:11.998, 1830 MHz, 9501 MHz, 347.50 W, 100 %
2026/09/28 04:22:12.998, 1815 MHz, 9501 MHz, 346.88 W, 100 %
2026/09/28 04:22:13.999, 1815 MHz, 9501 MHz, 346.40 W, 100 %
2026/09/28 04:22:14.999, 1830 MHz, 9501 MHz, 346.02 W, 100 %
2026/09/28 04:22:15.999, 1815 MHz, 9501 MHz, 346.45 W, 100 %
2026/09/28 04:22:16.999, 1815 MHz, 9501 MHz, 347.88 W, 100 %
2026/09/28 04:22:17.999, 1815 MHz, 9501 MHz, 346.87 W, 100 %
2026/09/28 04:22:18.999, 1785 MHz, 9501 MHz, 346.44 W, 100 %
2026/09/28 04:22:19.999, 1800 MHz, 9501 MHz, 345.71 W, 97 %
2026/09/28 04:22:21.000, 1785 MHz, 9501 MHz, 345.77 W, 96 %
2026/09/28 04:22:22.000, 1755 MHz, 9501 MHz, 345.77 W, 96 %
2026/09/28 04:22:23.000, 1740 MHz, 9501 MHz, 346.48 W, 96 %
2026/09/28 04:22:24.000, 1725 MHz, 9501 MHz, 347.02 W, 96 %
2026/09/28 04:22:25.000, 1695 MHz, 9501 MHz, 347.05 W, 96 %
2026/09/28 04:22:26.001, 1725 MHz, 9501 MHz, 348.86 W, 97 %
2026/09/28 04:22:27.001, 1815 MHz, 9501 MHz, 349.03 W, 100 %
2026/09/28 04:22:28.001, 1815 MHz, 9501 MHz, 347.81 W, 100 %
2026/09/28 04:22:29.001, 1815 MHz, 9501 MHz, 345.14 W, 100 %
2026/09/28 04:22:30.001, 1815 MHz, 9501 MHz, 345.32 W, 100 %
2026/09/28 04:22:31.001, 1830 MHz, 9501 MHz, 346.24 W, 100 %
2026/09/28 04:22:32.001, 1815 MHz, 9501 MHz, 347.55 W, 100 %
2026/09/28 04:22:33.002, 1815 MHz, 9501 MHz, 347.62 W, 100 %
2026/09/28 04:22:34.002, 1815 MHz, 9501 MHz, 346.72 W, 100 %
2026/09/28 04:22:35.002, 1800 MHz, 9501 MHz, 345.93 W, 100 %
2026/09/28 04:22:36.002, 1800 MHz, 9501 MHz, 345.01 W, 97 %
2026/09/28 04:22:37.002, 1785 MHz, 9501 MHz, 346.06 W, 96 %
2026/09/28 04:22:38.002, 1755 MHz, 9501 MHz, 346.27 W, 96 %
2026/09/28 04:22:39.002, 1755 MHz, 9501 MHz, 346.78 W, 96 %
2026/09/28 04:22:40.003, 1725 MHz, 9501 MHz, 346.62 W, 96 %
2026/09/28 04:22:41.003, 1665 MHz, 9501 MHz, 347.57 W, 96 %
2026/09/28 04:22:42.003, 1725 MHz, 9501 MHz, 348.35 W, 100 %
2026/09/28 04:22:43.003, 1815 MHz, 9501 MHz, 348.75 W, 100 %
2026/09/28 04:22:44.003, 1815 MHz, 9501 MHz, 346.71 W, 100 %
2026/09/28 04:22:45.003, 1815 MHz, 9501 MHz, 347.14 W, 100 %
2026/09/28 04:22:46.003, 1815 MHz, 9501 MHz, 347.30 W, 100 %
2026/09/28 04:22:47.004, 1830 MHz, 9501 MHz, 347.88 W, 100 %
2026/09/28 04:22:48.004, 1815 MHz, 9501 MHz, 347.73 W, 100 %
2026/09/28 04:22:49.004, 1830 MHz, 9501 MHz, 347.84 W, 100 %
2026/09/28 04:22:50.004, 1815 MHz, 9501 MHz, 347.76 W, 100 %
2026/09/28 04:22:51.004, 1830 MHz, 9501 MHz, 346.72 W, 100 %
2026/09/28 04:22:52.004, 1830 MHz, 9501 MHz, 345.53 W, 100 %
2026/09/28 04:22:53.004, 1815 MHz, 9501 MHz, 345.31 W, 100 %
2026/09/28 04:22:54.005, 1815 MHz, 9501 MHz, 345.84 W, 100 %
2026/09/28 04:22:55.005, 1815 MHz, 9501 MHz, 347.53 W, 100 %
2026/09/28 04:22:56.005, 1815 MHz, 9501 MHz, 347.63 W, 100 %
2026/09/28 04:22:57.005, 1800 MHz, 9501 MHz, 346.93 W, 100 %
2026/09/28 04:22:58.005, 1815 MHz, 9501 MHz, 346.89 W, 100 %
2026/09/28 04:22:59.005, 1815 MHz, 9501 MHz, 346.59 W, 100 %
2026/09/28 04:23:00.005, 1800 MHz, 9501 MHz, 344.83 W, 100 %
2026/09/28 04:23:01.006, 1800 MHz, 9501 MHz, 344.14 W, 97 %
2026/09/28 04:23:02.006, 1785 MHz, 9501 MHz, 343.61 W, 96 %
2026/09/28 04:23:03.006, 1800 MHz, 9501 MHz, 344.58 W, 96 %
2026/09/28 04:23:04.006, 1785 MHz, 9501 MHz, 345.12 W, 96 %
2026/09/28 04:23:05.006, 1800 MHz, 9501 MHz, 345.52 W, 96 %
2026/09/28 04:23:06.006, 1785 MHz, 9501 MHz, 348.34 W, 96 %
2026/09/28 04:23:07.006, 1785 MHz, 9501 MHz, 346.72 W, 100 %
2026/09/28 04:23:08.007, 1800 MHz, 9501 MHz, 346.89 W, 100 %
2026/09/28 04:23:09.007, 1695 MHz, 9501 MHz, 349.12 W, 100 %
2026/09/28 04:23:10.007, 1710 MHz, 9501 MHz, 348.67 W, 96 %
2026/09/28 04:23:11.007, 1725 MHz, 9501 MHz, 347.73 W, 96 %
2026/09/28 04:23:12.007, 1725 MHz, 9501 MHz, 348.11 W, 96 %
2026/09/28 04:23:13.007, 1710 MHz, 9501 MHz, 348.19 W, 96 %
2026/09/28 04:23:14.007, 1620 MHz, 9501 MHz, 347.93 W, 96 %
2026/09/28 04:23:15.007, 1605 MHz, 9501 MHz, 348.54 W, 99 %
2026/09/28 04:23:16.008, 1590 MHz, 9501 MHz, 349.00 W, 100 %
2026/09/28 04:23:17.008, 1590 MHz, 9501 MHz, 348.97 W, 100 %
2026/09/28 04:23:18.008, 1590 MHz, 9501 MHz, 349.10 W, 97 %
2026/09/28 04:23:19.008, 1590 MHz, 9501 MHz, 348.59 W, 96 %
2026/09/28 04:23:20.008, 1665 MHz, 9501 MHz, 347.22 W, 96 %
2026/09/28 04:23:21.008, 1635 MHz, 9501 MHz, 348.77 W, 97 %
2026/09/28 04:23:22.026, 1950 MHz, 9501 MHz, 276.75 W, 0 %
2026/09/28 04:23:23.026, 1965 MHz, 9501 MHz, 189.17 W, 0 %
2026/09/28 04:23:24.027, 1695 MHz, 9501 MHz, 152.32 W, 0 %
2026/09/28 04:23:25.027, 1695 MHz, 9501 MHz, 137.48 W, 0 %
2026/09/28 04:23:26.027, 1695 MHz, 9501 MHz, 122.66 W, 0 %
2026/09/28 04:23:27.027, 1695 MHz, 9501 MHz, 121.69 W, 0 %
2026/09/28 04:23:28.027, 1695 MHz, 9501 MHz, 120.86 W, 0 %
2026/09/28 04:23:29.028, 1695 MHz, 9501 MHz, 119.96 W, 0 %
2026/09/28 04:23:30.028, 1695 MHz, 9501 MHz, 119.57 W, 0 %
2026/09/28 04:23:31.028, 1770 MHz, 9501 MHz, 181.57 W, 97 %
2026/09/28 04:23:32.028, 1650 MHz, 9501 MHz, 350.04 W, 97 %
2026/09/28 04:23:33.028, 1680 MHz, 9501 MHz, 348.30 W, 97 %
2026/09/28 04:23:34.028, 1635 MHz, 9501 MHz, 348.87 W, 97 %
2026/09/28 04:23:35.028, 1665 MHz, 9501 MHz, 347.58 W, 97 %
2026/09/28 04:23:36.029, 1635 MHz, 9501 MHz, 348.61 W, 97 %
2026/09/28 04:23:37.029, 1650 MHz, 9501 MHz, 347.83 W, 97 %
2026/09/28 04:23:38.029, 1665 MHz, 9501 MHz, 348.53 W, 94 %
2026/09/28 04:23:39.029, 1650 MHz, 9501 MHz, 348.42 W, 97 %
2026/09/28 04:23:40.029, 1695 MHz, 9501 MHz, 347.81 W, 97 %
2026/09/28 04:23:41.029, 1635 MHz, 9501 MHz, 349.06 W, 97 %
2026/09/28 04:23:42.029, 1665 MHz, 9501 MHz, 347.89 W, 97 %
2026/09/28 04:23:43.030, 1665 MHz, 9501 MHz, 348.75 W, 94 %
2026/09/28 04:23:44.030, 1665 MHz, 9501 MHz, 348.04 W, 97 %
2026/09/28 04:23:45.030, 1680 MHz, 9501 MHz, 348.23 W, 97 %
2026/09/28 04:23:46.030, 1635 MHz, 9501 MHz, 349.24 W, 97 %
2026/09/28 04:23:47.030, 1665 MHz, 9501 MHz, 347.76 W, 97 %
2026/09/28 04:23:48.030, 1650 MHz, 9501 MHz, 349.13 W, 95 %
2026/09/28 04:23:49.030, 1650 MHz, 9501 MHz, 348.39 W, 97 %
2026/09/28 04:23:50.030, 1665 MHz, 9501 MHz, 348.07 W, 97 %
2026/09/28 04:23:51.031, 1635 MHz, 9501 MHz, 348.70 W, 97 %
2026/09/28 04:23:52.031, 1665 MHz, 9501 MHz, 347.95 W, 97 %
2026/09/28 04:23:53.031, 1650 MHz, 9501 MHz, 348.66 W, 97 %
2026/09/28 04:23:54.031, 1635 MHz, 9501 MHz, 348.50 W, 97 %
2026/09/28 04:23:55.031, 1680 MHz, 9501 MHz, 348.45 W, 96 %
2026/09/28 04:23:56.031, 1650 MHz, 9501 MHz, 348.31 W, 97 %
2026/09/28 04:23:57.031, 1650 MHz, 9501 MHz, 348.68 W, 97 %
2026/09/28 04:23:58.032, 1665 MHz, 9501 MHz, 349.10 W, 97 %
2026/09/28 04:23:59.032, 1635 MHz, 9501 MHz, 348.54 W, 97 %
2026/09/28 04:24:00.032, 1785 MHz, 9501 MHz, 346.24 W, 100 %
2026/09/28 04:24:01.032, 1650 MHz, 9501 MHz, 349.70 W, 97 %
2026/09/28 04:24:02.032, 1650 MHz, 9501 MHz, 348.67 W, 97 %
2026/09/28 04:24:03.032, 1680 MHz, 9501 MHz, 349.18 W, 97 %
2026/09/28 04:24:04.032, 1650 MHz, 9501 MHz, 348.54 W, 97 %
2026/09/28 04:24:05.033, 1650 MHz, 9501 MHz, 348.38 W, 95 %
2026/09/28 04:24:06.033, 1635 MHz, 9501 MHz, 348.52 W, 97 %
2026/09/28 04:24:07.033, 1650 MHz, 9501 MHz, 347.93 W, 97 %
2026/09/28 04:24:08.033, 1650 MHz, 9501 MHz, 349.07 W, 96 %
2026/09/28 04:24:09.033, 1635 MHz, 9501 MHz, 348.28 W, 97 %
2026/09/28 04:24:10.033, 1680 MHz, 9501 MHz, 349.05 W, 96 %
2026/09/28 04:24:11.033, 1635 MHz, 9501 MHz, 348.35 W, 97 %
2026/09/28 04:24:12.034, 1665 MHz, 9501 MHz, 348.06 W, 97 %
2026/09/28 04:24:13.034, 1635 MHz, 9501 MHz, 349.08 W, 97 %
2026/09/28 04:24:14.034, 1635 MHz, 9501 MHz, 348.26 W, 97 %
2026/09/28 04:24:15.034, 1680 MHz, 9501 MHz, 349.11 W, 97 %
2026/09/28 04:24:16.034, 1650 MHz, 9501 MHz, 348.22 W, 96 %
2026/09/28 04:24:17.034, 1665 MHz, 9501 MHz, 349.15 W, 96 %
2026/09/28 04:24:18.035, 1635 MHz, 9501 MHz, 348.39 W, 96 %
2026/09/28 04:24:19.035, 1665 MHz, 9501 MHz, 348.18 W, 96 %
2026/09/28 04:24:20.035, 1635 MHz, 9501 MHz, 348.19 W, 96 %
2026/09/28 04:24:21.035, 1665 MHz, 9501 MHz, 348.22 W, 97 %
2026/09/28 04:24:22.035, 1635 MHz, 9501 MHz, 349.23 W, 97 %
2026/09/28 04:24:23.036, 1635 MHz, 9501 MHz, 348.21 W, 97 %
2026/09/28 04:24:24.036, 1680 MHz, 9501 MHz, 349.28 W, 97 %
2026/09/28 04:24:25.036, 1650 MHz, 9501 MHz, 347.86 W, 97 %
2026/09/28 04:24:26.036, 1665 MHz, 9501 MHz, 349.21 W, 94 %
2026/09/28 04:24:27.036, 1635 MHz, 9501 MHz, 348.20 W, 97 %
2026/09/28 04:24:28.036, 1680 MHz, 9501 MHz, 347.95 W, 97 %
2026/09/28 04:24:29.037, 1635 MHz, 9501 MHz, 349.30 W, 97 %
2026/09/28 04:24:30.037, 1635 MHz, 9501 MHz, 348.38 W, 97 %
2026/09/28 04:24:31.037, 1665 MHz, 9501 MHz, 349.31 W, 97 %
2026/09/28 04:24:32.037, 1635 MHz, 9501 MHz, 347.84 W, 97 %
2026/09/28 04:24:33.037, 1665 MHz, 9501 MHz, 349.21 W, 96 %
2026/09/28 04:24:34.037, 1635 MHz, 9501 MHz, 348.61 W, 97 %
2026/09/28 04:24:35.038, 1665 MHz, 9501 MHz, 348.10 W, 97 %
2026/09/28 04:24:36.038, 1635 MHz, 9501 MHz, 349.18 W, 97 %
2026/09/28 04:24:37.038, 1635 MHz, 9501 MHz, 348.41 W, 97 %
2026/09/28 04:24:38.038, 1650 MHz, 9501 MHz, 349.43 W, 97 %
2026/09/28 04:24:39.038, 1785 MHz, 9501 MHz, 345.55 W, 97 %
2026/09/28 04:24:40.039, 1650 MHz, 9501 MHz, 347.36 W, 93 %
2026/09/28 04:24:41.039, 1635 MHz, 9501 MHz, 347.83 W, 96 %
2026/09/28 04:24:42.039, 1665 MHz, 9501 MHz, 348.03 W, 96 %
2026/09/28 04:24:43.039, 1635 MHz, 9501 MHz, 348.71 W, 96 %
2026/09/28 04:24:44.039, 1650 MHz, 9501 MHz, 348.04 W, 96 %
2026/09/28 04:24:45.040, 1635 MHz, 9501 MHz, 348.46 W, 97 %
2026/09/28 04:24:46.040, 1635 MHz, 9501 MHz, 348.08 W, 97 %
2026/09/28 04:24:47.040, 1680 MHz, 9501 MHz, 349.11 W, 97 %
2026/09/28 04:24:48.040, 1665 MHz, 9501 MHz, 348.56 W, 97 %
2026/09/28 04:24:49.040, 1680 MHz, 9501 MHz, 348.83 W, 94 %
2026/09/28 04:24:50.040, 1635 MHz, 9501 MHz, 348.26 W, 97 %
2026/09/28 04:24:51.041, 1665 MHz, 9501 MHz, 348.17 W, 97 %
2026/09/28 04:24:52.041, 1635 MHz, 9501 MHz, 348.84 W, 97 %
2026/09/28 04:24:53.041, 1635 MHz, 9501 MHz, 347.93 W, 97 %
2026/09/28 04:24:54.041, 1650 MHz, 9501 MHz, 349.16 W, 97 %
2026/09/28 04:24:55.041, 1650 MHz, 9501 MHz, 347.88 W, 97 %
2026/09/28 04:24:56.042, 1665 MHz, 9501 MHz, 349.29 W, 97 %
2026/09/28 04:24:57.042, 1635 MHz, 9501 MHz, 348.13 W, 97 %
2026/09/28 04:24:58.042, 1635 MHz, 9501 MHz, 349.14 W, 94 %
2026/09/28 04:24:59.042, 1635 MHz, 9501 MHz, 348.37 W, 97 %
2026/09/28 04:25:00.042, 1650 MHz, 9501 MHz, 348.15 W, 96 %
2026/09/28 04:25:01.042, 1665 MHz, 9501 MHz, 348.86 W, 97 %
2026/09/28 04:25:02.043, 1650 MHz, 9501 MHz, 347.93 W, 97 %
2026/09/28 04:25:03.043, 1665 MHz, 9501 MHz, 348.66 W, 96 %
2026/09/28 04:25:04.043, 1635 MHz, 9501 MHz, 348.09 W, 97 %
2026/09/28 04:25:05.043, 1665 MHz, 9501 MHz, 348.70 W, 97 %
2026/09/28 04:25:06.043, 1635 MHz, 9501 MHz, 347.95 W, 97 %
2026/09/28 04:25:07.044, 1770 MHz, 9501 MHz, 346.91 W, 100 %
2026/09/28 04:25:08.044, 1680 MHz, 9501 MHz, 348.75 W, 97 %
2026/09/28 04:25:09.044, 1635 MHz, 9501 MHz, 348.21 W, 97 %
2026/09/28 04:25:10.044, 1665 MHz, 9501 MHz, 349.15 W, 97 %
2026/09/28 04:25:11.044, 1635 MHz, 9501 MHz, 347.69 W, 97 %
2026/09/28 04:25:12.045, 1650 MHz, 9501 MHz, 348.86 W, 97 %
2026/09/28 04:25:13.045, 1635 MHz, 9501 MHz, 348.00 W, 97 %
2026/09/28 04:25:14.045, 1665 MHz, 9501 MHz, 349.08 W, 96 %
2026/09/28 04:25:15.045, 1635 MHz, 9501 MHz, 347.67 W, 97 %
2026/09/28 04:25:16.045, 1650 MHz, 9501 MHz, 348.10 W, 96 %
2026/09/28 04:25:17.045, 1680 MHz, 9501 MHz, 348.32 W, 97 %
2026/09/28 04:25:18.046, 1650 MHz, 9501 MHz, 348.15 W, 97 %
2026/09/28 04:25:19.046, 1665 MHz, 9501 MHz, 349.39 W, 97 %
2026/09/28 04:25:20.046, 1635 MHz, 9501 MHz, 347.97 W, 97 %
2026/09/28 04:25:21.046, 1665 MHz, 9501 MHz, 348.79 W, 97 %
2026/09/28 04:25:22.046, 1635 MHz, 9501 MHz, 348.45 W, 97 %
2026/09/28 04:25:23.046, 1665 MHz, 9501 MHz, 348.85 W, 96 %
2026/09/28 04:25:24.047, 1635 MHz, 9501 MHz, 348.08 W, 97 %
2026/09/28 04:25:25.047, 1650 MHz, 9501 MHz, 347.74 W, 97 %
2026/09/28 04:25:26.047, 1680 MHz, 9501 MHz, 348.63 W, 97 %
2026/09/28 04:25:27.047, 1635 MHz, 9501 MHz, 348.78 W, 97 %
2026/09/28 04:25:28.047, 1665 MHz, 9501 MHz, 349.30 W, 97 %
2026/09/28 04:25:29.048, 1635 MHz, 9501 MHz, 347.88 W, 97 %
2026/09/28 04:25:30.048, 1665 MHz, 9501 MHz, 349.23 W, 97 %
2026/09/28 04:25:31.048, 1635 MHz, 9501 MHz, 348.29 W, 97 %
2026/09/28 04:25:32.048, 1665 MHz, 9501 MHz, 349.25 W, 96 %
2026/09/28 04:25:33.048, 1635 MHz, 9501 MHz, 348.07 W, 97 %
2026/09/28 04:25:34.048, 1650 MHz, 9501 MHz, 347.88 W, 97 %
2026/09/28 04:25:35.049, 1680 MHz, 9501 MHz, 348.16 W, 97 %
2026/09/28 04:25:36.049, 1650 MHz, 9501 MHz, 348.18 W, 97 %
2026/09/28 04:25:37.049, 1740 MHz, 9501 MHz, 349.16 W, 97 %
2026/09/28 04:25:38.049, 1620 MHz, 9501 MHz, 346.97 W, 97 %
2026/09/28 04:25:39.049, 1665 MHz, 9501 MHz, 347.52 W, 95 %
2026/09/28 04:25:40.050, 1650 MHz, 9501 MHz, 348.20 W, 97 %
2026/09/28 04:25:41.050, 1650 MHz, 9501 MHz, 348.26 W, 97 %
2026/09/28 04:25:42.050, 1680 MHz, 9501 MHz, 349.26 W, 97 %
2026/09/28 04:25:43.050, 1635 MHz, 9501 MHz, 348.09 W, 97 %
2026/09/28 04:25:44.050, 1665 MHz, 9501 MHz, 349.06 W, 97 %
2026/09/28 04:25:45.050, 1635 MHz, 9501 MHz, 348.25 W, 97 %
2026/09/28 04:25:46.051, 1635 MHz, 9501 MHz, 349.20 W, 97 %
2026/09/28 04:25:47.051, 1635 MHz, 9501 MHz, 348.23 W, 97 %
2026/09/28 04:25:48.051, 1635 MHz, 9501 MHz, 348.87 W, 94 %
2026/09/28 04:25:49.051, 1665 MHz, 9501 MHz, 348.24 W, 97 %
2026/09/28 04:25:50.052, 1635 MHz, 9501 MHz, 347.95 W, 97 %
2026/09/28 04:25:51.052, 1650 MHz, 9501 MHz, 349.44 W, 97 %
2026/09/28 04:25:52.052, 1620 MHz, 9501 MHz, 348.27 W, 97 %
2026/09/28 04:25:53.052, 1650 MHz, 9501 MHz, 349.18 W, 97 %
2026/09/28 04:25:54.052, 1635 MHz, 9501 MHz, 348.63 W, 97 %
2026/09/28 04:25:55.053, 1635 MHz, 9501 MHz, 349.24 W, 97 %
2026/09/28 04:25:56.053, 1680 MHz, 9501 MHz, 347.80 W, 97 %
2026/09/28 04:25:57.053, 1635 MHz, 9501 MHz, 349.25 W, 95 %
2026/09/28 04:25:58.053, 1665 MHz, 9501 MHz, 348.11 W, 97 %
2026/09/28 04:25:59.053, 1635 MHz, 9501 MHz, 347.83 W, 97 %
2026/09/28 04:26:00.054, 1665 MHz, 9501 MHz, 348.99 W, 97 %
2026/09/28 04:26:01.054, 1635 MHz, 9501 MHz, 348.36 W, 97 %
2026/09/28 04:26:02.054, 1650 MHz, 9501 MHz, 349.16 W, 97 %
2026/09/28 04:26:03.054, 1635 MHz, 9501 MHz, 348.03 W, 97 %
2026/09/28 04:26:04.054, 1620 MHz, 9501 MHz, 349.07 W, 97 %
2026/09/28 04:26:05.054, 1635 MHz, 9501 MHz, 348.67 W, 97 %
2026/09/28 04:26:06.055, 1650 MHz, 9501 MHz, 348.89 W, 96 %
2026/09/28 04:26:07.055, 1665 MHz, 9501 MHz, 348.05 W, 97 %
2026/09/28 04:26:08.055, 1635 MHz, 9501 MHz, 347.94 W, 95 %
2026/09/28 04:26:09.055, 1605 MHz, 9501 MHz, 348.35 W, 97 %
2026/09/28 04:26:10.055, 1635 MHz, 9501 MHz, 349.29 W, 97 %
2026/09/28 04:26:11.056, 1665 MHz, 9501 MHz, 348.07 W, 97 %
2026/09/28 04:26:12.056, 1635 MHz, 9501 MHz, 348.74 W, 94 %
2026/09/28 04:26:13.056, 1665 MHz, 9501 MHz, 348.75 W, 97 %
2026/09/28 04:26:14.056, 1635 MHz, 9501 MHz, 348.46 W, 97 %
2026/09/28 04:26:15.056, 1650 MHz, 9501 MHz, 349.04 W, 97 %
2026/09/28 04:26:16.056, 1635 MHz, 9501 MHz, 348.65 W, 97 %
2026/09/28 04:26:17.057, 1635 MHz, 9501 MHz, 349.62 W, 97 %
2026/09/28 04:26:18.057, 1635 MHz, 9501 MHz, 348.30 W, 97 %
2026/09/28 04:26:19.057, 1635 MHz, 9501 MHz, 349.02 W, 97 %
2026/09/28 04:26:20.057, 1665 MHz, 9501 MHz, 348.23 W, 97 %
2026/09/28 04:26:21.057, 1635 MHz, 9501 MHz, 349.10 W, 96 %
2026/09/28 04:26:22.058, 1680 MHz, 9501 MHz, 348.20 W, 96 %
2026/09/28 04:26:23.058, 1650 MHz, 9501 MHz, 348.17 W, 95 %
2026/09/28 04:26:24.058, 1680 MHz, 9501 MHz, 348.76 W, 96 %
2026/09/28 04:26:25.058, 1635 MHz, 9501 MHz, 348.43 W, 96 %
2026/09/28 04:26:26.058, 1650 MHz, 9501 MHz, 349.40 W, 96 %
2026/09/28 04:26:27.058, 1620 MHz, 9501 MHz, 347.86 W, 96 %
2026/09/28 04:26:28.059, 1665 MHz, 9501 MHz, 348.99 W, 96 %
2026/09/28 04:26:29.059, 1635 MHz, 9501 MHz, 348.46 W, 96 %
2026/09/28 04:26:30.059, 1665 MHz, 9501 MHz, 349.36 W, 97 %
2026/09/28 04:26:31.059, 1635 MHz, 9501 MHz, 347.94 W, 96 %
2026/09/28 04:26:32.060, 1635 MHz, 9501 MHz, 349.28 W, 96 %
2026/09/28 04:26:33.060, 1635 MHz, 9501 MHz, 347.88 W, 96 %
2026/09/28 04:26:34.060, 1650 MHz, 9501 MHz, 348.80 W, 96 %
2026/09/28 04:26:35.060, 1680 MHz, 9501 MHz, 348.40 W, 97 %
2026/09/28 04:26:36.060, 1635 MHz, 9501 MHz, 348.29 W, 95 %
2026/09/28 04:26:37.061, 1665 MHz, 9501 MHz, 347.94 W, 96 %
2026/09/28 04:26:38.061, 1635 MHz, 9501 MHz, 348.23 W, 96 %
2026/09/28 04:26:39.061, 1755 MHz, 9501 MHz, 346.64 W, 100 %
2026/09/28 04:26:40.061, 1710 MHz, 9501 MHz, 348.29 W, 100 %
2026/09/28 04:26:41.061, 1680 MHz, 9501 MHz, 348.24 W, 96 %
2026/09/28 04:26:42.062, 1635 MHz, 9501 MHz, 349.33 W, 96 %
2026/09/28 04:26:43.062, 1665 MHz, 9501 MHz, 348.20 W, 96 %
2026/09/28 04:26:44.062, 1635 MHz, 9501 MHz, 348.14 W, 96 %
2026/09/28 04:26:45.062, 1650 MHz, 9501 MHz, 348.47 W, 96 %
2026/09/28 04:26:46.063, 1650 MHz, 9501 MHz, 347.86 W, 97 %
2026/09/28 04:26:47.063, 1650 MHz, 9501 MHz, 348.80 W, 97 %
2026/09/28 04:26:48.063, 1680 MHz, 9501 MHz, 348.19 W, 97 %
2026/09/28 04:26:49.063, 1650 MHz, 9501 MHz, 349.18 W, 97 %
2026/09/28 04:26:50.063, 1680 MHz, 9501 MHz, 348.02 W, 97 %
2026/09/28 04:26:51.064, 1635 MHz, 9501 MHz, 348.73 W, 97 %
2026/09/28 04:26:52.064, 1665 MHz, 9501 MHz, 348.14 W, 97 %
2026/09/28 04:26:53.064, 1620 MHz, 9501 MHz, 348.69 W, 93 %
2026/09/28 04:26:54.064, 1665 MHz, 9501 MHz, 347.73 W, 97 %
2026/09/28 04:26:55.065, 1635 MHz, 9501 MHz, 348.32 W, 96 %
2026/09/28 04:26:56.065, 1650 MHz, 9501 MHz, 348.94 W, 97 %
2026/09/28 04:26:57.065, 1650 MHz, 9501 MHz, 348.31 W, 96 %
2026/09/28 04:26:58.065, 1635 MHz, 9501 MHz, 349.42 W, 97 %
2026/09/28 04:26:59.065, 1725 MHz, 9501 MHz, 346.48 W, 91 %
2026/09/28 04:27:00.066, 1620 MHz, 9501 MHz, 346.95 W, 96 %
2026/09/28 04:27:01.066, 1665 MHz, 9501 MHz, 346.63 W, 96 %
2026/09/28 04:27:02.066, 1635 MHz, 9501 MHz, 348.35 W, 97 %
2026/09/28 04:27:03.066, 1635 MHz, 9501 MHz, 349.61 W, 97 %
2026/09/28 04:27:04.066, 1665 MHz, 9501 MHz, 348.13 W, 97 %
2026/09/28 04:27:05.066, 1635 MHz, 9501 MHz, 349.26 W, 96 %
2026/09/28 04:27:06.067, 1665 MHz, 9501 MHz, 347.94 W, 97 %
2026/09/28 04:27:07.067, 1635 MHz, 9501 MHz, 349.04 W, 97 %
2026/09/28 04:27:08.067, 1665 MHz, 9501 MHz, 348.13 W, 97 %
2026/09/28 04:27:09.067, 1635 MHz, 9501 MHz, 349.33 W, 96 %
2026/09/28 04:27:10.067, 1665 MHz, 9501 MHz, 348.55 W, 97 %
2026/09/28 04:27:11.067, 1635 MHz, 9501 MHz, 348.44 W, 96 %
2026/09/28 04:27:12.068, 1665 MHz, 9501 MHz, 348.23 W, 97 %
2026/09/28 04:27:13.068, 1635 MHz, 9501 MHz, 348.39 W, 97 %
2026/09/28 04:27:14.068, 1635 MHz, 9501 MHz, 349.37 W, 97 %
2026/09/28 04:27:15.068, 1680 MHz, 9501 MHz, 348.00 W, 97 %
2026/09/28 04:27:16.068, 1650 MHz, 9501 MHz, 349.11 W, 97 %
2026/09/28 04:27:17.068, 1680 MHz, 9501 MHz, 348.80 W, 97 %
2026/09/28 04:27:18.068, 1635 MHz, 9501 MHz, 348.94 W, 96 %
2026/09/28 04:27:19.069, 1665 MHz, 9501 MHz, 348.00 W, 97 %
2026/09/28 04:27:20.069, 1635 MHz, 9501 MHz, 348.15 W, 95 %
2026/09/28 04:27:21.069, 1650 MHz, 9501 MHz, 348.67 W, 97 %
2026/09/28 04:27:22.069, 1635 MHz, 9501 MHz, 348.51 W, 97 %
2026/09/28 04:27:23.069, 1650 MHz, 9501 MHz, 349.07 W, 97 %
2026/09/28 04:27:24.069, 1680 MHz, 9501 MHz, 348.13 W, 97 %
2026/09/28 04:27:25.069, 1650 MHz, 9501 MHz, 349.04 W, 97 %
2026/09/28 04:27:26.070, 1680 MHz, 9501 MHz, 348.20 W, 97 %
2026/09/28 04:27:27.070, 1635 MHz, 9501 MHz, 349.67 W, 97 %
2026/09/28 04:27:28.070, 1665 MHz, 9501 MHz, 348.58 W, 97 %
2026/09/28 04:27:29.070, 1635 MHz, 9501 MHz, 349.25 W, 94 %
2026/09/28 04:27:30.070, 1665 MHz, 9501 MHz, 348.00 W, 97 %
2026/09/28 04:27:31.070, 1635 MHz, 9501 MHz, 348.33 W, 97 %
2026/09/28 04:27:32.070, 1635 MHz, 9501 MHz, 349.04 W, 97 %
2026/09/28 04:27:33.071, 1650 MHz, 9501 MHz, 348.05 W, 97 %
2026/09/28 04:27:34.071, 1650 MHz, 9501 MHz, 349.18 W, 97 %
2026/09/28 04:27:35.071, 1665 MHz, 9501 MHz, 348.10 W, 97 %
2026/09/28 04:27:36.071, 1935 MHz, 9501 MHz, 300.90 W, 0 %
2026/09/28 04:27:37.071, 1965 MHz, 9501 MHz, 178.30 W, 0 %
2026/09/28 04:27:38.071, 1695 MHz, 9501 MHz, 152.82 W, 0 %
2026/09/28 04:27:39.071, 1695 MHz, 9501 MHz, 138.60 W, 0 %
2026/09/28 04:27:40.072, 1695 MHz, 9501 MHz, 122.92 W, 0 %
2026/09/28 04:27:41.072, 1695 MHz, 9501 MHz, 122.89 W, 0 %
2026/09/28 04:27:42.072, 1695 MHz, 9501 MHz, 121.65 W, 0 %
2026/09/28 04:27:43.072, 1695 MHz, 9501 MHz, 121.28 W, 0 %
2026/09/28 04:27:44.072, 1695 MHz, 9501 MHz, 120.83 W, 0 %
2026/09/28 04:27:45.072, 1695 MHz, 9501 MHz, 158.17 W, 96 %
2026/09/28 04:27:46.073, 1605 MHz, 9501 MHz, 348.39 W, 100 %
2026/09/28 04:27:47.073, 1605 MHz, 9501 MHz, 348.26 W, 100 %
2026/09/28 04:27:48.073, 1605 MHz, 9501 MHz, 349.02 W, 100 %
2026/09/28 04:27:49.073, 1590 MHz, 9501 MHz, 349.23 W, 100 %
2026/09/28 04:27:50.073, 1590 MHz, 9501 MHz, 349.55 W, 96 %
2026/09/28 04:27:51.073, 1590 MHz, 9501 MHz, 348.54 W, 96 %
2026/09/28 04:27:52.073, 1605 MHz, 9501 MHz, 348.34 W, 96 %
2026/09/28 04:27:53.073, 1605 MHz, 9501 MHz, 348.20 W, 96 %
2026/09/28 04:27:54.074, 1650 MHz, 9501 MHz, 348.14 W, 96 %
2026/09/28 04:27:55.074, 1620 MHz, 9501 MHz, 349.05 W, 100 %
2026/09/28 04:27:56.074, 1605 MHz, 9501 MHz, 349.22 W, 100 %
2026/09/28 04:27:57.074, 1605 MHz, 9501 MHz, 348.95 W, 100 %
2026/09/28 04:27:58.074, 1590 MHz, 9501 MHz, 349.10 W, 100 %
2026/09/28 04:27:59.074, 1590 MHz, 9501 MHz, 349.55 W, 98 %
2026/09/28 04:28:00.074, 1605 MHz, 9501 MHz, 348.45 W, 96 %
2026/09/28 04:28:01.075, 1605 MHz, 9501 MHz, 348.17 W, 97 %
2026/09/28 04:28:02.075, 1620 MHz, 9501 MHz, 348.42 W, 97 %
2026/09/28 04:28:03.075, 1605 MHz, 9501 MHz, 348.49 W, 97 %
2026/09/28 04:28:04.075, 1635 MHz, 9501 MHz, 348.06 W, 97 %
2026/09/28 04:28:05.075, 1635 MHz, 9501 MHz, 348.97 W, 97 %
2026/09/28 04:28:06.075, 1605 MHz, 9501 MHz, 349.60 W, 100 %
2026/09/28 04:28:07.075, 1590 MHz, 9501 MHz, 349.32 W, 100 %
2026/09/28 04:28:08.076, 1590 MHz, 9501 MHz, 349.26 W, 100 %
2026/09/28 04:28:09.076, 1605 MHz, 9501 MHz, 349.48 W, 100 %
2026/09/28 04:28:10.076, 1605 MHz, 9501 MHz, 349.08 W, 96 %
2026/09/28 04:28:11.076, 1605 MHz, 9501 MHz, 348.23 W, 97 %
2026/09/28 04:28:12.076, 1620 MHz, 9501 MHz, 348.37 W, 97 %
2026/09/28 04:28:13.076, 1620 MHz, 9501 MHz, 348.47 W, 97 %
2026/09/28 04:28:14.077, 1635 MHz, 9501 MHz, 348.19 W, 97 %
2026/09/28 04:28:15.077, 1620 MHz, 9501 MHz, 348.63 W, 100 %
2026/09/28 04:28:16.077, 1605 MHz, 9501 MHz, 349.46 W, 100 %
2026/09/28 04:28:17.077, 1605 MHz, 9501 MHz, 349.14 W, 100 %
2026/09/28 04:28:18.077, 1605 MHz, 9501 MHz, 349.02 W, 100 %
2026/09/28 04:28:19.077, 1605 MHz, 9501 MHz, 349.37 W, 97 %
2026/09/28 04:28:20.077, 1590 MHz, 9501 MHz, 348.88 W, 97 %
2026/09/28 04:28:21.077, 1620 MHz, 9501 MHz, 348.30 W, 97 %
2026/09/28 04:28:22.078, 1635 MHz, 9501 MHz, 348.62 W, 97 %
2026/09/28 04:28:23.078, 1605 MHz, 9501 MHz, 348.39 W, 97 %
2026/09/28 04:28:24.078, 1635 MHz, 9501 MHz, 348.07 W, 96 %
2026/09/28 04:28:25.078, 1650 MHz, 9501 MHz, 348.54 W, 100 %
2026/09/28 04:28:26.078, 1590 MHz, 9501 MHz, 349.17 W, 100 %
2026/09/28 04:28:27.078, 1590 MHz, 9501 MHz, 349.21 W, 100 %
2026/09/28 04:28:28.078, 1605 MHz, 9501 MHz, 349.63 W, 99 %
2026/09/28 04:28:29.079, 1605 MHz, 9501 MHz, 348.75 W, 96 %
2026/09/28 04:28:30.079, 1605 MHz, 9501 MHz, 348.52 W, 96 %
2026/09/28 04:28:31.079, 1620 MHz, 9501 MHz, 348.43 W, 96 %
2026/09/28 04:28:32.079, 1620 MHz, 9501 MHz, 348.51 W, 96 %
2026/09/28 04:28:33.079, 1605 MHz, 9501 MHz, 348.10 W, 96 %
2026/09/28 04:28:34.079, 1635 MHz, 9501 MHz, 348.88 W, 100 %
2026/09/28 04:28:35.080, 1590 MHz, 9501 MHz, 348.94 W, 100 %
2026/09/28 04:28:36.080, 1605 MHz, 9501 MHz, 348.90 W, 100 %
2026/09/28 04:28:37.080, 1590 MHz, 9501 MHz, 349.26 W, 97 %
2026/09/28 04:28:38.080, 1770 MHz, 9501 MHz, 345.43 W, 100 %
2026/09/28 04:28:39.080, 1605 MHz, 9501 MHz, 349.66 W, 96 %
2026/09/28 04:28:40.080, 1605 MHz, 9501 MHz, 348.15 W, 96 %
2026/09/28 04:28:41.081, 1605 MHz, 9501 MHz, 348.20 W, 96 %
2026/09/28 04:28:42.081, 1620 MHz, 9501 MHz, 348.44 W, 96 %
2026/09/28 04:28:43.081, 1605 MHz, 9501 MHz, 348.06 W, 96 %
2026/09/28 04:28:44.081, 1650 MHz, 9501 MHz, 349.14 W, 100 %
2026/09/28 04:28:45.082, 1605 MHz, 9501 MHz, 349.33 W, 100 %
2026/09/28 04:28:46.082, 1590 MHz, 9501 MHz, 349.05 W, 100 %
2026/09/28 04:28:47.082, 1605 MHz, 9501 MHz, 348.94 W, 100 %
2026/09/28 04:28:48.082, 1605 MHz, 9501 MHz, 348.68 W, 96 %
2026/09/28 04:28:49.082, 1605 MHz, 9501 MHz, 348.14 W, 96 %
2026/09/28 04:28:50.083, 1605 MHz, 9501 MHz, 348.20 W, 96 %
2026/09/28 04:28:51.083, 1620 MHz, 9501 MHz, 347.81 W, 96 %
2026/09/28 04:28:52.083, 1620 MHz, 9501 MHz, 347.78 W, 96 %
2026/09/28 04:28:53.083, 1665 MHz, 9501 MHz, 349.10 W, 100 %
2026/09/28 04:28:54.083, 1620 MHz, 9501 MHz, 349.13 W, 100 %
2026/09/28 04:28:55.083, 1575 MHz, 9501 MHz, 348.61 W, 100 %
2026/09/28 04:28:56.084, 1590 MHz, 9501 MHz, 348.92 W, 100 %
2026/09/28 04:28:57.084, 1590 MHz, 9501 MHz, 349.04 W, 97 %
2026/09/28 04:28:58.084, 1605 MHz, 9501 MHz, 348.31 W, 96 %
2026/09/28 04:28:59.084, 1590 MHz, 9501 MHz, 348.16 W, 96 %
2026/09/28 04:29:00.084, 1620 MHz, 9501 MHz, 348.17 W, 96 %
2026/09/28 04:29:01.084, 1620 MHz, 9501 MHz, 348.34 W, 96 %
2026/09/28 04:29:02.085, 1635 MHz, 9501 MHz, 349.37 W, 99 %
2026/09/28 04:29:03.085, 1620 MHz, 9501 MHz, 349.39 W, 100 %
2026/09/28 04:29:04.085, 1590 MHz, 9501 MHz, 349.52 W, 100 %
2026/09/28 04:29:05.085, 1605 MHz, 9501 MHz, 349.13 W, 100 %
2026/09/28 04:29:06.086, 1605 MHz, 9501 MHz, 349.11 W, 96 %
2026/09/28 04:29:07.086, 1605 MHz, 9501 MHz, 347.95 W, 97 %
2026/09/28 04:29:08.086, 1605 MHz, 9501 MHz, 348.34 W, 97 %
2026/09/28 04:29:09.086, 1620 MHz, 9501 MHz, 348.48 W, 97 %
2026/09/28 04:29:10.086, 1605 MHz, 9501 MHz, 348.10 W, 97 %
2026/09/28 04:29:11.087, 1650 MHz, 9501 MHz, 348.98 W, 100 %
2026/09/28 04:29:12.087, 1605 MHz, 9501 MHz, 349.38 W, 100 %
2026/09/28 04:29:13.087, 1590 MHz, 9501 MHz, 349.66 W, 100 %
2026/09/28 04:29:14.087, 1605 MHz, 9501 MHz, 349.33 W, 100 %
2026/09/28 04:29:15.087, 1605 MHz, 9501 MHz, 348.90 W, 97 %
2026/09/28 04:29:16.087, 1590 MHz, 9501 MHz, 348.39 W, 96 %
2026/09/28 04:29:17.087, 1620 MHz, 9501 MHz, 348.11 W, 97 %
2026/09/28 04:29:18.088, 1620 MHz, 9501 MHz, 348.17 W, 96 %
2026/09/28 04:29:19.088, 1605 MHz, 9501 MHz, 348.41 W, 97 %
2026/09/28 04:29:20.088, 1635 MHz, 9501 MHz, 349.32 W, 100 %
2026/09/28 04:29:21.088, 1590 MHz, 9501 MHz, 349.25 W, 100 %
2026/09/28 04:29:22.088, 1590 MHz, 9501 MHz, 349.02 W, 100 %
2026/09/28 04:29:23.088, 1590 MHz, 9501 MHz, 349.33 W, 97 %
2026/09/28 04:29:24.088, 1590 MHz, 9501 MHz, 348.52 W, 96 %
2026/09/28 04:29:25.089, 1590 MHz, 9501 MHz, 348.40 W, 97 %
2026/09/28 04:29:26.089, 1635 MHz, 9501 MHz, 347.78 W, 96 %
2026/09/28 04:29:27.089, 1575 MHz, 9501 MHz, 347.37 W, 97 %
2026/09/28 04:29:28.089, 1605 MHz, 9501 MHz, 346.64 W, 97 %
2026/09/28 04:29:29.089, 1620 MHz, 9501 MHz, 349.08 W, 100 %
2026/09/28 04:29:30.089, 1650 MHz, 9501 MHz, 349.13 W, 100 %
2026/09/28 04:29:31.089, 1605 MHz, 9501 MHz, 349.42 W, 100 %
2026/09/28 04:29:32.090, 1590 MHz, 9501 MHz, 349.25 W, 100 %
2026/09/28 04:29:33.090, 1605 MHz, 9501 MHz, 349.13 W, 97 %
2026/09/28 04:29:34.090, 1590 MHz, 9501 MHz, 348.49 W, 97 %
2026/09/28 04:29:35.090, 1605 MHz, 9501 MHz, 348.14 W, 97 %
2026/09/28 04:29:36.090, 1605 MHz, 9501 MHz, 348.35 W, 97 %
2026/09/28 04:29:37.090, 1620 MHz, 9501 MHz, 348.07 W, 96 %
2026/09/28 04:29:38.090, 1605 MHz, 9501 MHz, 349.12 W, 100 %
2026/09/28 04:29:39.091, 1635 MHz, 9501 MHz, 348.95 W, 100 %
2026/09/28 04:29:40.091, 1590 MHz, 9501 MHz, 349.38 W, 100 %
2026/09/28 04:29:41.091, 1590 MHz, 9501 MHz, 349.29 W, 97 %
2026/09/28 04:29:42.091, 1590 MHz, 9501 MHz, 348.91 W, 97 %
2026/09/28 04:29:43.091, 1590 MHz, 9501 MHz, 348.35 W, 96 %
2026/09/28 04:29:44.091, 1590 MHz, 9501 MHz, 348.36 W, 96 %
2026/09/28 04:29:45.092, 1620 MHz, 9501 MHz, 348.50 W, 97 %
2026/09/28 04:29:46.092, 1770 MHz, 9501 MHz, 344.99 W, 100 %
2026/09/28 04:29:47.092, 1605 MHz, 9501 MHz, 348.88 W, 97 %
2026/09/28 04:29:48.092, 1590 MHz, 9501 MHz, 348.51 W, 97 %
2026/09/28 04:29:49.092, 1590 MHz, 9501 MHz, 348.36 W, 96 %
2026/09/28 04:29:50.092, 1575 MHz, 9501 MHz, 348.32 W, 97 %
2026/09/28 04:29:51.092, 1605 MHz, 9501 MHz, 348.11 W, 97 %
2026/09/28 04:29:52.092, 1620 MHz, 9501 MHz, 348.71 W, 97 %
2026/09/28 04:29:53.093, 1620 MHz, 9501 MHz, 349.38 W, 100 %
2026/09/28 04:29:54.093, 1635 MHz, 9501 MHz, 349.68 W, 100 %
2026/09/28 04:29:55.093, 1590 MHz, 9501 MHz, 349.42 W, 100 %
2026/09/28 04:29:56.093, 1590 MHz, 9501 MHz, 349.67 W, 97 %
2026/09/28 04:29:57.093, 1605 MHz, 9501 MHz, 348.70 W, 96 %
2026/09/28 04:29:58.093, 1590 MHz, 9501 MHz, 348.39 W, 97 %
2026/09/28 04:29:59.094, 1590 MHz, 9501 MHz, 348.49 W, 97 %
2026/09/28 04:30:00.094, 1605 MHz, 9501 MHz, 348.29 W, 97 %
2026/09/28 04:30:01.094, 1605 MHz, 9501 MHz, 349.27 W, 100 %
2026/09/28 04:30:02.094, 1650 MHz, 9501 MHz, 349.62 W, 100 %
2026/09/28 04:30:03.094, 1605 MHz, 9501 MHz, 349.41 W, 100 %
2026/09/28 04:30:04.094, 1605 MHz, 9501 MHz, 348.89 W, 100 %
2026/09/28 04:30:05.094, 1590 MHz, 9501 MHz, 349.42 W, 97 %
2026/09/28 04:30:06.095, 1605 MHz, 9501 MHz, 348.23 W, 97 %
2026/09/28 04:30:07.095, 1605 MHz, 9501 MHz, 348.20 W, 97 %
2026/09/28 04:30:08.095, 1605 MHz, 9501 MHz, 348.46 W, 97 %
2026/09/28 04:30:09.095, 1620 MHz, 9501 MHz, 348.00 W, 97 %
2026/09/28 04:30:10.095, 1605 MHz, 9501 MHz, 348.88 W, 100 %
2026/09/28 04:30:11.095, 1635 MHz, 9501 MHz, 348.99 W, 100 %
2026/09/28 04:30:12.095, 1590 MHz, 9501 MHz, 349.17 W, 100 %
2026/09/28 04:30:13.096, 1590 MHz, 9501 MHz, 349.26 W, 97 %
2026/09/28 04:30:14.096, 1590 MHz, 9501 MHz, 348.71 W, 97 %
2026/09/28 04:30:15.096, 1590 MHz, 9501 MHz, 348.25 W, 97 %
2026/09/28 04:30:16.096, 1590 MHz, 9501 MHz, 348.66 W, 97 %
2026/09/28 04:30:17.096, 1590 MHz, 9501 MHz, 348.47 W, 97 %
2026/09/28 04:30:18.096, 1605 MHz, 9501 MHz, 349.19 W, 98 %
2026/09/28 04:30:19.096, 1620 MHz, 9501 MHz, 349.41 W, 100 %
2026/09/28 04:30:20.097, 1635 MHz, 9501 MHz, 349.37 W, 100 %
2026/09/28 04:30:21.097, 1605 MHz, 9501 MHz, 349.39 W, 100 %
2026/09/28 04:30:22.097, 1590 MHz, 9501 MHz, 349.32 W, 97 %
2026/09/28 04:30:23.097, 1605 MHz, 9501 MHz, 348.09 W, 97 %
2026/09/28 04:30:24.097, 1770 MHz, 9501 MHz, 345.81 W, 100 %
2026/09/28 04:30:25.097, 1620 MHz, 9501 MHz, 349.88 W, 100 %
2026/09/28 04:30:26.098, 1590 MHz, 9501 MHz, 348.73 W, 100 %
2026/09/28 04:30:27.098, 1635 MHz, 9501 MHz, 349.09 W, 100 %
2026/09/28 04:30:28.098, 1590 MHz, 9501 MHz, 349.28 W, 97 %
2026/09/28 04:30:29.098, 1590 MHz, 9501 MHz, 348.89 W, 97 %
2026/09/28 04:30:30.098, 1590 MHz, 9501 MHz, 348.25 W, 97 %
2026/09/28 04:30:31.098, 1590 MHz, 9501 MHz, 348.23 W, 97 %
2026/09/28 04:30:32.099, 1590 MHz, 9501 MHz, 348.37 W, 97 %
2026/09/28 04:30:33.099, 1605 MHz, 9501 MHz, 349.40 W, 100 %
2026/09/28 04:30:34.099, 1605 MHz, 9501 MHz, 349.18 W, 100 %
2026/09/28 04:30:35.099, 1635 MHz, 9501 MHz, 349.22 W, 100 %
2026/09/28 04:30:36.099, 1605 MHz, 9501 MHz, 349.13 W, 100 %
2026/09/28 04:30:37.100, 1590 MHz, 9501 MHz, 349.10 W, 97 %
2026/09/28 04:30:38.100, 1590 MHz, 9501 MHz, 348.38 W, 97 %
2026/09/28 04:30:39.100, 1605 MHz, 9501 MHz, 348.50 W, 97 %
2026/09/28 04:30:40.101, 1605 MHz, 9501 MHz, 348.14 W, 97 %
2026/09/28 04:30:41.101, 1605 MHz, 9501 MHz, 347.85 W, 97 %
2026/09/28 04:30:42.101, 1575 MHz, 9501 MHz, 348.05 W, 96 %
2026/09/28 04:30:43.101, 1620 MHz, 9501 MHz, 349.89 W, 100 %
2026/09/28 04:30:44.101, 1620 MHz, 9501 MHz, 349.43 W, 100 %
2026/09/28 04:30:45.101, 1650 MHz, 9501 MHz, 349.54 W, 100 %
2026/09/28 04:30:46.102, 1605 MHz, 9501 MHz, 349.27 W, 100 %
2026/09/28 04:30:47.102, 1605 MHz, 9501 MHz, 349.52 W, 97 %
2026/09/28 04:30:48.102, 1605 MHz, 9501 MHz, 348.15 W, 97 %
2026/09/28 04:30:49.102, 1605 MHz, 9501 MHz, 348.40 W, 97 %
2026/09/28 04:30:50.102, 1605 MHz, 9501 MHz, 348.36 W, 97 %
2026/09/28 04:30:51.102, 1605 MHz, 9501 MHz, 349.24 W, 97 %
2026/09/28 04:30:52.102, 1605 MHz, 9501 MHz, 348.97 W, 100 %
2026/09/28 04:30:53.102, 1605 MHz, 9501 MHz, 348.32 W, 100 %
2026/09/28 04:30:54.103, 1635 MHz, 9501 MHz, 348.17 W, 100 %
2026/09/28 04:30:55.103, 1590 MHz, 9501 MHz, 348.31 W, 97 %
2026/09/28 04:30:56.103, 1590 MHz, 9501 MHz, 348.28 W, 97 %
2026/09/28 04:30:57.103, 1590 MHz, 9501 MHz, 349.21 W, 97 %
2026/09/28 04:30:58.103, 1590 MHz, 9501 MHz, 349.21 W, 97 %
2026/09/28 04:30:59.103, 1590 MHz, 9501 MHz, 349.47 W, 100 %
2026/09/28 04:31:00.103, 1650 MHz, 9501 MHz, 348.62 W, 97 %
2026/09/28 04:31:01.104, 1635 MHz, 9501 MHz, 347.97 W, 97 %
2026/09/28 04:31:02.104, 1650 MHz, 9501 MHz, 348.79 W, 97 %
2026/09/28 04:31:03.104, 1635 MHz, 9501 MHz, 347.74 W, 97 %
2026/09/28 04:31:04.104, 1650 MHz, 9501 MHz, 348.99 W, 97 %
2026/09/28 04:31:05.104, 1635 MHz, 9501 MHz, 348.14 W, 97 %
2026/09/28 04:31:06.104, 1635 MHz, 9501 MHz, 349.13 W, 96 %
2026/09/28 04:31:07.105, 1665 MHz, 9501 MHz, 348.21 W, 97 %
2026/09/28 04:31:08.105, 1635 MHz, 9501 MHz, 348.18 W, 97 %
2026/09/28 04:31:09.105, 1650 MHz, 9501 MHz, 348.64 W, 97 %
2026/09/28 04:31:10.106, 1650 MHz, 9501 MHz, 348.12 W, 97 %
2026/09/28 04:31:11.107, 1650 MHz, 9501 MHz, 349.16 W, 97 %
2026/09/28 04:31:12.107, 1665 MHz, 9501 MHz, 347.72 W, 97 %
2026/09/28 04:31:13.107, 1650 MHz, 9501 MHz, 349.03 W, 97 %
2026/09/28 04:31:14.107, 1665 MHz, 9501 MHz, 348.40 W, 97 %
2026/09/28 04:31:15.108, 1635 MHz, 9501 MHz, 349.04 W, 96 %
2026/09/28 04:31:16.108, 1665 MHz, 9501 MHz, 347.91 W, 97 %
2026/09/28 04:31:17.108, 1635 MHz, 9501 MHz, 348.01 W, 97 %
2026/09/28 04:31:18.108, 1635 MHz, 9501 MHz, 348.83 W, 97 %
2026/09/28 04:31:19.108, 1650 MHz, 9501 MHz, 347.87 W, 97 %
2026/09/28 04:31:20.108, 1650 MHz, 9501 MHz, 349.05 W, 97 %
2026/09/28 04:31:21.109, 1665 MHz, 9501 MHz, 348.03 W, 97 %
2026/09/28 04:31:22.109, 1620 MHz, 9501 MHz, 349.14 W, 97 %
2026/09/28 04:31:23.109, 1650 MHz, 9501 MHz, 348.02 W, 97 %
2026/09/28 04:31:24.109, 1635 MHz, 9501 MHz, 348.74 W, 94 %
2026/09/28 04:31:25.109, 1650 MHz, 9501 MHz, 348.22 W, 97 %
2026/09/28 04:31:26.110, 1950 MHz, 9501 MHz, 212.71 W, 0 %
2026/09/28 04:31:27.110, 1950 MHz, 9501 MHz, 177.37 W, 0 %
2026/09/28 04:31:28.110, 1695 MHz, 9501 MHz, 151.62 W, 0 %
2026/09/28 04:31:29.110, 1695 MHz, 9501 MHz, 123.09 W, 0 %
2026/09/28 04:31:30.110, 1695 MHz, 9501 MHz, 122.47 W, 0 %
2026/09/28 04:31:31.110, 1695 MHz, 9501 MHz, 121.31 W, 0 %
2026/09/28 04:31:32.111, 1695 MHz, 9501 MHz, 120.80 W, 0 %
2026/09/28 04:31:33.111, 1695 MHz, 9501 MHz, 120.09 W, 0 %
2026/09/28 04:31:34.111, 1695 MHz, 9501 MHz, 119.66 W, 0 %
2026/09/28 04:31:35.111, 1785 MHz, 9501 MHz, 216.96 W, 100 %
2026/09/28 04:31:36.111, 1785 MHz, 9501 MHz, 346.10 W, 100 %
2026/09/28 04:31:37.111, 1710 MHz, 9501 MHz, 349.08 W, 100 %
2026/09/28 04:31:38.112, 1710 MHz, 9501 MHz, 348.72 W, 100 %
2026/09/28 04:31:39.112, 1725 MHz, 9501 MHz, 348.93 W, 100 %
2026/09/28 04:31:40.112, 1710 MHz, 9501 MHz, 349.09 W, 100 %
2026/09/28 04:31:41.112, 1695 MHz, 9501 MHz, 349.42 W, 99 %
2026/09/28 04:31:42.112, 1680 MHz, 9501 MHz, 347.94 W, 97 %
2026/09/28 04:31:43.112, 1680 MHz, 9501 MHz, 348.09 W, 97 %
2026/09/28 04:31:44.113, 1680 MHz, 9501 MHz, 348.21 W, 96 %
2026/09/28 04:31:45.113, 1710 MHz, 9501 MHz, 348.30 W, 97 %
2026/09/28 04:31:46.113, 1710 MHz, 9501 MHz, 348.30 W, 97 %
2026/09/28 04:31:47.113, 1710 MHz, 9501 MHz, 348.11 W, 96 %
2026/09/28 04:31:48.113, 1710 MHz, 9501 MHz, 348.43 W, 96 %
2026/09/28 04:31:49.114, 1710 MHz, 9501 MHz, 348.79 W, 96 %
2026/09/28 04:31:50.114, 1710 MHz, 9501 MHz, 348.94 W, 97 %
2026/09/28 04:31:51.114, 1710 MHz, 9501 MHz, 348.82 W, 96 %
2026/09/28 04:31:52.114, 1710 MHz, 9501 MHz, 348.68 W, 96 %
2026/09/28 04:31:53.114, 1710 MHz, 9501 MHz, 349.05 W, 96 %
2026/09/28 04:31:54.115, 1695 MHz, 9501 MHz, 348.93 W, 97 %
2026/09/28 04:31:55.115, 1710 MHz, 9501 MHz, 348.51 W, 98 %
2026/09/28 04:31:56.115, 1695 MHz, 9501 MHz, 348.88 W, 100 %
2026/09/28 04:31:57.115, 1695 MHz, 9501 MHz, 349.41 W, 100 %
2026/09/28 04:31:58.115, 1695 MHz, 9501 MHz, 349.64 W, 100 %
2026/09/28 04:31:59.115, 1695 MHz, 9501 MHz, 349.32 W, 100 %
2026/09/28 04:32:00.116, 1665 MHz, 9501 MHz, 349.53 W, 100 %
2026/09/28 04:32:01.116, 1680 MHz, 9501 MHz, 349.25 W, 100 %
2026/09/28 04:32:02.116, 1695 MHz, 9501 MHz, 349.61 W, 100 %
2026/09/28 04:32:03.116, 1665 MHz, 9501 MHz, 349.65 W, 100 %
2026/09/28 04:32:04.116, 1695 MHz, 9501 MHz, 349.11 W, 100 %
2026/09/28 04:32:05.116, 1680 MHz, 9501 MHz, 348.97 W, 100 %
2026/09/28 04:32:06.117, 1680 MHz, 9501 MHz, 349.16 W, 100 %
2026/09/28 04:32:07.117, 1680 MHz, 9501 MHz, 348.98 W, 100 %
2026/09/28 04:32:08.117, 1680 MHz, 9501 MHz, 348.94 W, 100 %
2026/09/28 04:32:09.117, 1695 MHz, 9501 MHz, 348.79 W, 100 %
2026/09/28 04:32:10.117, 1710 MHz, 9501 MHz, 348.62 W, 100 %
2026/09/28 04:32:11.117, 1695 MHz, 9501 MHz, 348.62 W, 100 %
2026/09/28 04:32:12.118, 1710 MHz, 9501 MHz, 348.18 W, 100 %
2026/09/28 04:32:13.118, 1710 MHz, 9501 MHz, 348.40 W, 100 %
2026/09/28 04:32:14.118, 1695 MHz, 9501 MHz, 348.51 W, 100 %
2026/09/28 04:32:15.118, 1695 MHz, 9501 MHz, 348.42 W, 100 %
2026/09/28 04:32:16.118, 1680 MHz, 9501 MHz, 348.37 W, 100 %
2026/09/28 04:32:17.118, 1665 MHz, 9501 MHz, 348.66 W, 100 %
2026/09/28 04:32:18.118, 1665 MHz, 9501 MHz, 348.80 W, 100 %
2026/09/28 04:32:19.119, 1680 MHz, 9501 MHz, 348.52 W, 100 %
2026/09/28 04:32:20.119, 1710 MHz, 9501 MHz, 348.58 W, 96 %
2026/09/28 04:32:21.119, 1725 MHz, 9501 MHz, 348.07 W, 97 %
2026/09/28 04:32:22.119, 1710 MHz, 9501 MHz, 347.87 W, 96 %
2026/09/28 04:32:23.119, 1725 MHz, 9501 MHz, 348.29 W, 96 %
2026/09/28 04:32:24.119, 1725 MHz, 9501 MHz, 347.95 W, 96 %
2026/09/28 04:32:25.120, 1710 MHz, 9501 MHz, 348.47 W, 96 %
2026/09/28 04:32:26.120, 1710 MHz, 9501 MHz, 348.37 W, 96 %
2026/09/28 04:32:27.120, 1710 MHz, 9501 MHz, 348.45 W, 96 %
2026/09/28 04:32:28.120, 1710 MHz, 9501 MHz, 348.40 W, 96 %
2026/09/28 04:32:29.120, 1710 MHz, 9501 MHz, 348.75 W, 96 %
2026/09/28 04:32:30.121, 1710 MHz, 9501 MHz, 348.79 W, 96 %
2026/09/28 04:32:31.121, 1710 MHz, 9501 MHz, 349.09 W, 96 %
2026/09/28 04:32:32.121, 1710 MHz, 9501 MHz, 348.59 W, 96 %
2026/09/28 04:32:33.121, 1710 MHz, 9501 MHz, 348.78 W, 96 %
2026/09/28 04:32:34.121, 1710 MHz, 9501 MHz, 348.60 W, 96 %
2026/09/28 04:32:35.122, 1710 MHz, 9501 MHz, 348.41 W, 96 %
2026/09/28 04:32:36.122, 1710 MHz, 9501 MHz, 348.65 W, 96 %
2026/09/28 04:32:37.122, 1695 MHz, 9501 MHz, 348.96 W, 96 %
2026/09/28 04:32:38.123, 1680 MHz, 9501 MHz, 348.90 W, 96 %
2026/09/28 04:32:39.123, 1680 MHz, 9501 MHz, 348.45 W, 96 %
2026/09/28 04:32:40.123, 1695 MHz, 9501 MHz, 348.51 W, 97 %
2026/09/28 04:32:41.123, 1695 MHz, 9501 MHz, 348.94 W, 99 %
2026/09/28 04:32:42.123, 1695 MHz, 9501 MHz, 348.59 W, 100 %
2026/09/28 04:32:43.124, 1695 MHz, 9501 MHz, 349.62 W, 100 %
2026/09/28 04:32:44.124, 1680 MHz, 9501 MHz, 349.52 W, 100 %
2026/09/28 04:32:45.124, 1680 MHz, 9501 MHz, 349.40 W, 100 %
2026/09/28 04:32:46.124, 1680 MHz, 9501 MHz, 349.40 W, 100 %
2026/09/28 04:32:47.124, 1665 MHz, 9501 MHz, 349.24 W, 100 %
2026/09/28 04:32:48.124, 1665 MHz, 9501 MHz, 349.28 W, 100 %
2026/09/28 04:32:49.125, 1665 MHz, 9501 MHz, 349.17 W, 100 %
2026/09/28 04:32:50.125, 1650 MHz, 9501 MHz, 348.75 W, 100 %
2026/09/28 04:32:51.125, 1665 MHz, 9501 MHz, 348.49 W, 100 %
2026/09/28 04:32:52.125, 1740 MHz, 9501 MHz, 343.19 W, 94 %
2026/09/28 04:32:53.125, 1680 MHz, 9501 MHz, 347.91 W, 100 %
2026/09/28 04:32:54.126, 1680 MHz, 9501 MHz, 348.03 W, 100 %
2026/09/28 04:32:55.126, 1710 MHz, 9501 MHz, 348.37 W, 100 %
2026/09/28 04:32:56.126, 1725 MHz, 9501 MHz, 348.93 W, 100 %
2026/09/28 04:32:57.126, 1710 MHz, 9501 MHz, 348.86 W, 100 %
2026/09/28 04:32:58.126, 1725 MHz, 9501 MHz, 348.74 W, 100 %
2026/09/28 04:32:59.127, 1710 MHz, 9501 MHz, 348.63 W, 99 %
2026/09/28 04:33:00.127, 1710 MHz, 9501 MHz, 348.61 W, 96 %
2026/09/28 04:33:01.127, 1710 MHz, 9501 MHz, 347.82 W, 96 %
2026/09/28 04:33:02.127, 1695 MHz, 9501 MHz, 347.94 W, 96 %
2026/09/28 04:33:03.127, 1710 MHz, 9501 MHz, 348.36 W, 96 %
2026/09/28 04:33:04.128, 1710 MHz, 9501 MHz, 348.17 W, 97 %
2026/09/28 04:33:05.128, 1695 MHz, 9501 MHz, 348.26 W, 96 %
2026/09/28 04:33:06.128, 1695 MHz, 9501 MHz, 348.32 W, 96 %
2026/09/28 04:33:07.128, 1695 MHz, 9501 MHz, 348.22 W, 96 %
2026/09/28 04:33:08.128, 1695 MHz, 9501 MHz, 348.13 W, 96 %
2026/09/28 04:33:09.128, 1695 MHz, 9501 MHz, 348.67 W, 96 %
2026/09/28 04:33:10.129, 1710 MHz, 9501 MHz, 348.53 W, 96 %
2026/09/28 04:33:11.129, 1695 MHz, 9501 MHz, 348.34 W, 97 %
2026/09/28 04:33:12.129, 1695 MHz, 9501 MHz, 348.85 W, 96 %
2026/09/28 04:33:13.129, 1695 MHz, 9501 MHz, 348.48 W, 96 %
2026/09/28 04:33:14.129, 1770 MHz, 9501 MHz, 347.29 W, 94 %
2026/09/28 04:33:15.130, 1770 MHz, 9501 MHz, 344.83 W, 100 %
2026/09/28 04:33:16.130, 1695 MHz, 9501 MHz, 347.44 W, 96 %
2026/09/28 04:33:17.130, 1680 MHz, 9501 MHz, 349.25 W, 96 %
2026/09/28 04:33:18.130, 1680 MHz, 9501 MHz, 348.85 W, 96 %
2026/09/28 04:33:19.130, 1680 MHz, 9501 MHz, 348.35 W, 96 %
2026/09/28 04:33:20.130, 1680 MHz, 9501 MHz, 348.30 W, 97 %
2026/09/28 04:33:21.131, 1680 MHz, 9501 MHz, 348.80 W, 100 %
2026/09/28 04:33:22.131, 1680 MHz, 9501 MHz, 348.82 W, 100 %
2026/09/28 04:33:23.131, 1680 MHz, 9501 MHz, 349.17 W, 100 %
2026/09/28 04:33:24.131, 1665 MHz, 9501 MHz, 349.43 W, 100 %
2026/09/28 04:33:25.131, 1665 MHz, 9501 MHz, 349.62 W, 100 %
2026/09/28 04:33:26.131, 1665 MHz, 9501 MHz, 349.13 W, 100 %
2026/09/28 04:33:27.132, 1665 MHz, 9501 MHz, 349.24 W, 100 %
2026/09/28 04:33:28.132, 1680 MHz, 9501 MHz, 349.46 W, 100 %
2026/09/28 04:33:29.132, 1680 MHz, 9501 MHz, 349.56 W, 100 %
2026/09/28 04:33:30.132, 1680 MHz, 9501 MHz, 348.79 W, 100 %
2026/09/28 04:33:31.132, 1680 MHz, 9501 MHz, 349.35 W, 100 %
2026/09/28 04:33:32.132, 1680 MHz, 9501 MHz, 349.46 W, 100 %
2026/09/28 04:33:33.132, 1680 MHz, 9501 MHz, 349.34 W, 100 %
2026/09/28 04:33:34.133, 1695 MHz, 9501 MHz, 348.79 W, 100 %
2026/09/28 04:33:35.133, 1695 MHz, 9501 MHz, 349.61 W, 100 %
2026/09/28 04:33:36.133, 1695 MHz, 9501 MHz, 349.12 W, 100 %
2026/09/28 04:33:37.133, 1695 MHz, 9501 MHz, 349.29 W, 100 %
2026/09/28 04:33:38.133, 1695 MHz, 9501 MHz, 349.03 W, 100 %
2026/09/28 04:33:39.133, 1710 MHz, 9501 MHz, 348.83 W, 100 %
2026/09/28 04:33:40.133, 1710 MHz, 9501 MHz, 349.14 W, 100 %
2026/09/28 04:33:41.134, 1695 MHz, 9501 MHz, 349.02 W, 100 %
2026/09/28 04:33:42.134, 1665 MHz, 9501 MHz, 348.90 W, 100 %
2026/09/28 04:33:43.134, 1680 MHz, 9501 MHz, 348.61 W, 100 %
2026/09/28 04:33:44.134, 1695 MHz, 9501 MHz, 347.92 W, 100 %
2026/09/28 04:33:45.134, 1680 MHz, 9501 MHz, 348.69 W, 100 %
2026/09/28 04:33:46.134, 1710 MHz, 9501 MHz, 348.90 W, 100 %
2026/09/28 04:33:47.134, 1710 MHz, 9501 MHz, 348.70 W, 100 %
2026/09/28 04:33:48.135, 1710 MHz, 9501 MHz, 348.61 W, 100 %
2026/09/28 04:33:49.135, 1710 MHz, 9501 MHz, 348.74 W, 100 %
2026/09/28 04:33:50.135, 1710 MHz, 9501 MHz, 348.79 W, 100 %
2026/09/28 04:33:51.135, 1710 MHz, 9501 MHz, 348.33 W, 100 %
2026/09/28 04:33:52.135, 1710 MHz, 9501 MHz, 348.37 W, 100 %
2026/09/28 04:33:53.135, 1710 MHz, 9501 MHz, 348.27 W, 99 %
2026/09/28 04:33:54.135, 1695 MHz, 9501 MHz, 348.32 W, 96 %
2026/09/28 04:33:55.136, 1695 MHz, 9501 MHz, 347.97 W, 96 %
2026/09/28 04:33:56.136, 1695 MHz, 9501 MHz, 347.94 W, 96 %
2026/09/28 04:33:57.136, 1710 MHz, 9501 MHz, 348.03 W, 96 %
2026/09/28 04:33:58.136, 1695 MHz, 9501 MHz, 347.90 W, 96 %
2026/09/28 04:33:59.136, 1695 MHz, 9501 MHz, 348.34 W, 96 %
2026/09/28 04:34:00.136, 1695 MHz, 9501 MHz, 348.75 W, 96 %
2026/09/28 04:34:01.136, 1695 MHz, 9501 MHz, 348.45 W, 96 %
2026/09/28 04:34:02.137, 1695 MHz, 9501 MHz, 348.25 W, 96 %
2026/09/28 04:34:03.137, 1695 MHz, 9501 MHz, 348.35 W, 97 %
2026/09/28 04:34:04.137, 1695 MHz, 9501 MHz, 347.95 W, 96 %
2026/09/28 04:34:05.137, 1710 MHz, 9501 MHz, 348.00 W, 96 %
2026/09/28 04:34:06.137, 1695 MHz, 9501 MHz, 348.81 W, 96 %
2026/09/28 04:34:07.137, 1695 MHz, 9501 MHz, 348.99 W, 96 %
2026/09/28 04:34:08.137, 1680 MHz, 9501 MHz, 348.98 W, 97 %
2026/09/28 04:34:09.138, 1665 MHz, 9501 MHz, 348.93 W, 97 %
2026/09/28 04:34:10.138, 1605 MHz, 9501 MHz, 348.27 W, 97 %
2026/09/28 04:34:11.138, 1590 MHz, 9501 MHz, 349.19 W, 100 %
2026/09/28 04:34:12.138, 1635 MHz, 9501 MHz, 349.21 W, 100 %
2026/09/28 04:34:13.138, 1590 MHz, 9501 MHz, 349.43 W, 100 %
2026/09/28 04:34:14.138, 1575 MHz, 9501 MHz, 349.16 W, 100 %
2026/09/28 04:34:15.139, 1635 MHz, 9501 MHz, 348.36 W, 97 %
2026/09/28 04:34:16.139, 1665 MHz, 9501 MHz, 349.17 W, 97 %
2026/09/28 04:34:17.139, 1635 MHz, 9501 MHz, 347.81 W, 97 %
2026/09/28 04:34:18.139, 1665 MHz, 9501 MHz, 348.95 W, 97 %
2026/09/28 04:34:19.139, 1635 MHz, 9501 MHz, 348.46 W, 97 %
2026/09/28 04:34:20.139, 1635 MHz, 9501 MHz, 349.36 W, 95 %
2026/09/28 04:34:21.140, 1635 MHz, 9501 MHz, 348.75 W, 97 %
2026/09/28 04:34:22.140, 1635 MHz, 9501 MHz, 348.49 W, 97 %
2026/09/28 04:34:23.140, 1665 MHz, 9501 MHz, 349.16 W, 97 %
2026/09/28 04:34:24.140, 1635 MHz, 9501 MHz, 348.37 W, 97 %
2026/09/28 04:34:25.140, 1665 MHz, 9501 MHz, 349.17 W, 97 %
2026/09/28 04:34:26.140, 1935 MHz, 9501 MHz, 325.81 W, 0 %
2026/09/28 04:34:27.141, 1950 MHz, 9501 MHz, 186.51 W, 0 %
2026/09/28 04:34:28.141, 1695 MHz, 9501 MHz, 146.97 W, 0 %
2026/09/28 04:34:29.141, 1695 MHz, 9501 MHz, 138.38 W, 0 %
2026/09/28 04:34:30.141, 1695 MHz, 9501 MHz, 122.25 W, 0 %
2026/09/28 04:34:31.141, 1695 MHz, 9501 MHz, 121.57 W, 0 %
2026/09/28 04:34:32.141, 1695 MHz, 9501 MHz, 120.66 W, 0 %
2026/09/28 04:34:33.142, 1695 MHz, 9501 MHz, 120.26 W, 0 %
2026/09/28 04:34:34.142, 1695 MHz, 9501 MHz, 119.89 W, 0 %
2026/09/28 04:34:35.142, 1695 MHz, 9501 MHz, 136.12 W, 100 %
2026/09/28 04:34:36.142, 1815 MHz, 9501 MHz, 336.22 W, 100 %
2026/09/28 04:34:37.142, 1740 MHz, 9501 MHz, 345.58 W, 100 %
2026/09/28 04:34:38.142, 1725 MHz, 9501 MHz, 346.58 W, 100 %
2026/09/28 04:34:39.142, 1830 MHz, 9501 MHz, 342.09 W, 100 %
2026/09/28 04:34:40.143, 1830 MHz, 9501 MHz, 345.47 W, 100 %
2026/09/28 04:34:41.143, 1830 MHz, 9501 MHz, 346.71 W, 100 %
2026/09/28 04:34:42.143, 1830 MHz, 9501 MHz, 346.18 W, 100 %
2026/09/28 04:34:43.143, 1830 MHz, 9501 MHz, 346.23 W, 100 %
2026/09/28 04:34:44.143, 1830 MHz, 9501 MHz, 346.15 W, 100 %
2026/09/28 04:34:45.143, 1830 MHz, 9501 MHz, 345.74 W, 100 %
2026/09/28 04:34:46.143, 1830 MHz, 9501 MHz, 346.06 W, 100 %
2026/09/28 04:34:47.144, 1830 MHz, 9501 MHz, 344.98 W, 100 %
2026/09/28 04:34:48.144, 1830 MHz, 9501 MHz, 345.17 W, 99 %
2026/09/28 04:34:49.144, 1830 MHz, 9501 MHz, 344.62 W, 97 %
2026/09/28 04:34:50.144, 1830 MHz, 9501 MHz, 344.31 W, 96 %
2026/09/28 04:34:51.144, 1815 MHz, 9501 MHz, 344.69 W, 96 %
2026/09/28 04:34:52.144, 1815 MHz, 9501 MHz, 346.25 W, 96 %
2026/09/28 04:34:53.145, 1815 MHz, 9501 MHz, 346.48 W, 96 %
2026/09/28 04:34:54.145, 1800 MHz, 9501 MHz, 346.01 W, 96 %
2026/09/28 04:34:55.145, 1800 MHz, 9501 MHz, 346.89 W, 96 %
2026/09/28 04:34:56.145, 1800 MHz, 9501 MHz, 347.09 W, 96 %
2026/09/28 04:34:57.145, 1785 MHz, 9501 MHz, 347.68 W, 96 %
2026/09/28 04:34:58.145, 1800 MHz, 9501 MHz, 346.64 W, 96 %
2026/09/28 04:34:59.146, 1770 MHz, 9501 MHz, 347.36 W, 96 %
2026/09/28 04:35:00.146, 1785 MHz, 9501 MHz, 348.06 W, 96 %
2026/09/28 04:35:01.146, 1770 MHz, 9501 MHz, 348.85 W, 100 %
2026/09/28 04:35:02.146, 1755 MHz, 9501 MHz, 348.06 W, 100 %
2026/09/28 04:35:03.146, 1740 MHz, 9501 MHz, 347.08 W, 100 %
2026/09/28 04:35:04.147, 1740 MHz, 9501 MHz, 345.44 W, 100 %
2026/09/28 04:35:05.147, 1740 MHz, 9501 MHz, 345.72 W, 100 %
2026/09/28 04:35:06.147, 1710 MHz, 9501 MHz, 346.91 W, 100 %
2026/09/28 04:35:07.147, 1650 MHz, 9501 MHz, 346.97 W, 100 %
2026/09/28 04:35:08.147, 1635 MHz, 9501 MHz, 347.19 W, 100 %
2026/09/28 04:35:09.147, 1755 MHz, 9501 MHz, 346.69 W, 100 %
2026/09/28 04:35:10.147, 1815 MHz, 9501 MHz, 346.18 W, 100 %
2026/09/28 04:35:11.147, 1815 MHz, 9501 MHz, 345.88 W, 100 %
2026/09/28 04:35:12.148, 1815 MHz, 9501 MHz, 348.58 W, 100 %
2026/09/28 04:35:13.148, 1815 MHz, 9501 MHz, 347.04 W, 100 %
2026/09/28 04:35:14.148, 1830 MHz, 9501 MHz, 346.91 W, 100 %
2026/09/28 04:35:15.148, 1830 MHz, 9501 MHz, 346.59 W, 100 %
2026/09/28 04:35:16.148, 1830 MHz, 9501 MHz, 346.96 W, 98 %
2026/09/28 04:35:17.148, 1830 MHz, 9501 MHz, 347.15 W, 97 %
2026/09/28 04:35:18.148, 1815 MHz, 9501 MHz, 346.85 W, 96 %
2026/09/28 04:35:19.149, 1815 MHz, 9501 MHz, 345.40 W, 100 %
2026/09/28 04:35:20.149, 1800 MHz, 9501 MHz, 345.80 W, 100 %
2026/09/28 04:35:21.149, 1800 MHz, 9501 MHz, 346.84 W, 100 %
2026/09/28 04:35:22.149, 1800 MHz, 9501 MHz, 346.46 W, 100 %
2026/09/28 04:35:23.149, 1785 MHz, 9501 MHz, 345.98 W, 100 %
2026/09/28 04:35:24.149, 1770 MHz, 9501 MHz, 345.79 W, 100 %
2026/09/28 04:35:25.150, 1770 MHz, 9501 MHz, 344.86 W, 100 %
2026/09/28 04:35:26.150, 1755 MHz, 9501 MHz, 345.17 W, 97 %
2026/09/28 04:35:27.150, 1770 MHz, 9501 MHz, 344.88 W, 96 %
2026/09/28 04:35:28.150, 1770 MHz, 9501 MHz, 344.61 W, 96 %
2026/09/28 04:35:29.150, 1770 MHz, 9501 MHz, 345.39 W, 96 %
2026/09/28 04:35:30.150, 1740 MHz, 9501 MHz, 346.65 W, 95 %
2026/09/28 04:35:31.151, 1740 MHz, 9501 MHz, 346.94 W, 96 %
2026/09/28 04:35:32.151, 1680 MHz, 9501 MHz, 348.16 W, 96 %
2026/09/28 04:35:33.151, 1635 MHz, 9501 MHz, 347.17 W, 96 %
2026/09/28 04:35:34.151, 1650 MHz, 9501 MHz, 347.21 W, 96 %
2026/09/28 04:35:35.151, 1785 MHz, 9501 MHz, 347.93 W, 100 %
2026/09/28 04:35:36.152, 1815 MHz, 9501 MHz, 346.44 W, 100 %
2026/09/28 04:35:37.152, 1815 MHz, 9501 MHz, 347.31 W, 100 %
2026/09/28 04:35:38.152, 1815 MHz, 9501 MHz, 347.26 W, 100 %
2026/09/28 04:35:39.152, 1830 MHz, 9501 MHz, 348.00 W, 100 %
2026/09/28 04:35:40.153, 1815 MHz, 9501 MHz, 348.00 W, 100 %
2026/09/28 04:35:41.153, 1815 MHz, 9501 MHz, 347.28 W, 100 %
2026/09/28 04:35:42.153, 1815 MHz, 9501 MHz, 348.16 W, 100 %
2026/09/28 04:35:43.153, 1815 MHz, 9501 MHz, 347.91 W, 100 %
2026/09/28 04:35:44.153, 1830 MHz, 9501 MHz, 347.01 W, 100 %
2026/09/28 04:35:45.154, 1830 MHz, 9501 MHz, 347.65 W, 100 %
2026/09/28 04:35:46.154, 1830 MHz, 9501 MHz, 347.87 W, 100 %
2026/09/28 04:35:47.154, 1815 MHz, 9501 MHz, 347.40 W, 100 %
2026/09/28 04:35:48.154, 1815 MHz, 9501 MHz, 347.72 W, 100 %
2026/09/28 04:35:49.155, 1815 MHz, 9501 MHz, 347.70 W, 100 %
2026/09/28 04:35:50.155, 1830 MHz, 9501 MHz, 346.07 W, 100 %
2026/09/28 04:35:51.155, 1815 MHz, 9501 MHz, 346.76 W, 100 %
2026/09/28 04:35:52.155, 1815 MHz, 9501 MHz, 347.23 W, 100 %
2026/09/28 04:35:53.155, 1785 MHz, 9501 MHz, 349.84 W, 100 %
2026/09/28 04:35:54.156, 1740 MHz, 9501 MHz, 348.23 W, 96 %
2026/09/28 04:35:55.156, 1800 MHz, 9501 MHz, 346.61 W, 100 %
2026/09/28 04:35:56.156, 1695 MHz, 9501 MHz, 348.43 W, 100 %
2026/09/28 04:35:57.156, 1695 MHz, 9501 MHz, 349.15 W, 100 %
2026/09/28 04:35:58.157, 1680 MHz, 9501 MHz, 348.97 W, 100 %
2026/09/28 04:35:59.157, 1665 MHz, 9501 MHz, 348.99 W, 100 %
2026/09/28 04:36:00.157, 1665 MHz, 9501 MHz, 348.90 W, 100 %
2026/09/28 04:36:01.157, 1665 MHz, 9501 MHz, 348.65 W, 100 %
2026/09/28 04:36:02.157, 1680 MHz, 9501 MHz, 349.06 W, 100 %
2026/09/28 04:36:03.158, 1680 MHz, 9501 MHz, 348.64 W, 100 %
2026/09/28 04:36:04.158, 1590 MHz, 9501 MHz, 348.96 W, 100 %
2026/09/28 04:36:05.158, 1590 MHz, 9501 MHz, 349.54 W, 97 %
2026/09/28 04:36:06.158, 1605 MHz, 9501 MHz, 348.64 W, 96 %
2026/09/28 04:36:07.159, 1605 MHz, 9501 MHz, 348.01 W, 96 %
2026/09/28 04:36:08.159, 1650 MHz, 9501 MHz, 348.39 W, 96 %
2026/09/28 04:36:09.159, 1650 MHz, 9501 MHz, 347.76 W, 97 %
2026/09/28 04:36:10.159, 1935 MHz, 9501 MHz, 307.09 W, 0 %
