type	rows	K	n	variant	median_us	min_us	GBps
Q4_K	17408	5120	16	mmq	107.6	107.5	466
Q4_K	17408	5120	16	k3[1]	75.9	75.7	660
Q4_K	17408	5120	32	mmq	119.9	116.0	418
Q4_K	17408	5120	32	k3[1]	99.2	94.4	505
Q4_K	17408	5120	64	mmq	175.7	172.4	285
Q4_K	17408	5120	64	k3[1]	167.8	165.2	299
Q4_K	5120	17408	16	mmq	106.6	105.0	470
Q4_K	5120	17408	16	k3[1]	89.0	87.3	563
Q4_K	5120	17408	32	mmq	121.3	115.5	413
Q4_K	5120	17408	32	k3[1]	109.0	106.7	460
Q4_K	5120	17408	64	mmq	179.3	171.2	280
Q4_K	5120	17408	64	k3[1]	155.6	152.1	322
Q4_K	10240	5120	16	mmq	64.3	63.1	459
Q4_K	10240	5120	16	k3[1]	49.2	48.9	599
Q4_K	10240	5120	32	mmq	71.6	67.2	412
Q4_K	10240	5120	32	k3[1]	60.1	55.4	491
Q4_K	10240	5120	64	mmq	102.1	100.6	289
Q4_K	10240	5120	64	k3[1]	100.4	97.7	294
IQ4_XS	17408	5120	16	mmq	95.3	89.0	497
IQ4_XS	17408	5120	16	k3[1]	83.3	78.0	569
IQ4_XS	17408	5120	32	mmq	122.7	119.4	386
IQ4_XS	17408	5120	32	k3[1]	103.1	99.9	459
IQ4_XS	17408	5120	64	mmq	158.1	158.0	299
IQ4_XS	17408	5120	64	k3[1]	167.2	167.1	283
IQ4_XS	5120	17408	16	mmq	97.8	91.9	484
IQ4_XS	5120	17408	16	k3[1]	84.9	83.1	558
IQ4_XS	5120	17408	32	mmq	124.9	119.9	379
IQ4_XS	5120	17408	32	k3[1]	98.3	94.5	482
IQ4_XS	5120	17408	64	mmq	161.6	157.4	293
IQ4_XS	5120	17408	64	k3[1]	154.1	151.5	307
IQ4_XS	10240	5120	16	mmq	58.5	55.4	476
IQ4_XS	10240	5120	16	k3[1]	50.5	49.3	552
IQ4_XS	10240	5120	32	mmq	73.8	70.3	378
IQ4_XS	10240	5120	32	k3[1]	60.1	58.1	463
IQ4_XS	10240	5120	64	mmq	90.8	89.5	307
IQ4_XS	10240	5120	64	k3[1]	98.4	96.5	283
IQ2_S	17408	5120	16	mmq	120.5	113.8	237
IQ2_S	17408	5120	16	k3[1]	97.4	94.0	293
IQ2_S	17408	5120	32	mmq	153.7	150.4	186
IQ2_S	17408	5120	32	k3[1]	129.1	126.0	221
IQ2_S	17408	5120	64	mmq	210.4	209.4	136
IQ2_S	17408	5120	64	k3[1]	213.8	212.2	134
IQ2_S	5120	17408	16	mmq	123.6	114.2	231
IQ2_S	5120	17408	16	k3[1]	90.0	85.5	317
IQ2_S	5120	17408	32	mmq	157.6	152.0	181
IQ2_S	5120	17408	32	k3[1]	118.4	116.0	241
IQ2_S	5120	17408	64	mmq	210.2	209.7	136
IQ2_S	5120	17408	64	k3[1]	193.7	192.1	147
IQ2_S	10240	5120	16	mmq	72.7	69.6	231
IQ2_S	10240	5120	16	k3[1]	55.7	53.1	302
IQ2_S	10240	5120	32	mmq	90.9	88.5	185
IQ2_S	10240	5120	32	k3[1]	73.1	70.5	230
IQ2_S	10240	5120	64	mmq	123.8	123.0	136
IQ2_S	10240	5120	64	k3[1]	123.3	121.6	136
