2026/09/30 01:37:31.250, 210 MHz, 405 MHz, 30.06 W, 0 %
2026/09/30 01:37:32.260, 210 MHz, 405 MHz, 31.48 W, 0 %
2026/09/30 01:37:33.260, 210 MHz, 405 MHz, 37.53 W, 0 %
2026/09/30 01:37:34.260, 210 MHz, 405 MHz, 31.23 W, 0 %
2026/09/30 01:37:35.261, 210 MHz, 405 MHz, 30.24 W, 0 %
2026/09/30 01:37:36.261, 210 MHz, 405 MHz, 29.86 W, 0 %
2026/09/30 01:37:37.261, 210 MHz, 405 MHz, 29.86 W, 0 %
2026/09/30 01:37:38.261, 210 MHz, 405 MHz, 29.96 W, 0 %
2026/09/30 01:37:39.262, 210 MHz, 405 MHz, 30.30 W, 0 %
2026/09/30 01:37:40.262, 1695 MHz, 9501 MHz, 54.50 W, 1 %
2026/09/30 01:37:41.262, 1695 MHz, 9501 MHz, 130.54 W, 2 %
2026/09/30 01:37:42.262, 1965 MHz, 9501 MHz, 246.10 W, 0 %
2026/09/30 01:37:43.262, 1725 MHz, 9501 MHz, 267.67 W, 89 %
2026/09/30 01:37:44.263, 1755 MHz, 9501 MHz, 336.29 W, 91 %
2026/09/30 01:37:45.263, 1740 MHz, 9501 MHz, 334.43 W, 92 %
2026/09/30 01:37:46.263, 1755 MHz, 9501 MHz, 334.49 W, 92 %
2026/09/30 01:37:47.263, 1770 MHz, 9501 MHz, 337.81 W, 92 %
2026/09/30 01:37:48.263, 1785 MHz, 9501 MHz, 343.01 W, 89 %
2026/09/30 01:37:49.263, 1695 MHz, 9501 MHz, 346.98 W, 93 %
2026/09/30 01:37:50.264, 1755 MHz, 9501 MHz, 343.22 W, 92 %
2026/09/30 01:37:51.264, 1695 MHz, 9501 MHz, 338.28 W, 92 %
2026/09/30 01:37:52.264, 1710 MHz, 9501 MHz, 341.31 W, 91 %
2026/09/30 01:37:53.264, 1740 MHz, 9501 MHz, 337.90 W, 91 %
2026/09/30 01:37:54.264, 1770 MHz, 9501 MHz, 339.37 W, 88 %
2026/09/30 01:37:55.264, 1740 MHz, 9501 MHz, 340.57 W, 87 %
2026/09/30 01:37:56.264, 1725 MHz, 9501 MHz, 342.95 W, 87 %
2026/09/30 01:37:57.265, 1785 MHz, 9501 MHz, 342.20 W, 87 %
2026/09/30 01:37:58.265, 1785 MHz, 9501 MHz, 342.68 W, 88 %
2026/09/30 01:37:59.265, 1710 MHz, 9501 MHz, 328.10 W, 88 %
2026/09/30 01:38:00.265, 1965 MHz, 9501 MHz, 204.10 W, 0 %
2026/09/30 01:38:01.265, 1980 MHz, 9501 MHz, 149.30 W, 0 %
2026/09/30 01:38:02.265, 1695 MHz, 9501 MHz, 141.67 W, 0 %
2026/09/30 01:38:03.265, 1695 MHz, 9501 MHz, 116.65 W, 0 %
2026/09/30 01:38:04.266, 1695 MHz, 9501 MHz, 116.15 W, 0 %
2026/09/30 01:38:05.266, 1695 MHz, 9501 MHz, 115.59 W, 0 %
2026/09/30 01:38:06.266, 1695 MHz, 9501 MHz, 115.31 W, 0 %
2026/09/30 01:38:07.266, 1695 MHz, 9501 MHz, 115.10 W, 0 %
2026/09/30 01:38:08.266, 1695 MHz, 9501 MHz, 115.18 W, 0 %
2026/09/30 01:38:09.267, 1800 MHz, 9501 MHz, 252.75 W, 83 %
2026/09/30 01:38:10.267, 1800 MHz, 9501 MHz, 342.19 W, 83 %
2026/09/30 01:38:11.267, 1725 MHz, 9501 MHz, 343.68 W, 87 %
2026/09/30 01:38:12.267, 1770 MHz, 9501 MHz, 344.28 W, 88 %
2026/09/30 01:38:13.267, 1785 MHz, 9501 MHz, 341.65 W, 85 %
2026/09/30 01:38:14.267, 1785 MHz, 9501 MHz, 341.53 W, 84 %
2026/09/30 01:38:15.268, 1710 MHz, 9501 MHz, 343.62 W, 87 %
2026/09/30 01:38:16.268, 1755 MHz, 9501 MHz, 342.59 W, 88 %
2026/09/30 01:38:17.268, 1845 MHz, 9501 MHz, 341.44 W, 78 %
2026/09/30 01:38:18.268, 1785 MHz, 9501 MHz, 342.45 W, 84 %
2026/09/30 01:38:19.268, 1740 MHz, 9501 MHz, 342.92 W, 85 %
2026/09/30 01:38:20.268, 1710 MHz, 9501 MHz, 343.36 W, 88 %
2026/09/30 01:38:21.268, 1755 MHz, 9501 MHz, 343.29 W, 88 %
2026/09/30 01:38:22.269, 1785 MHz, 9501 MHz, 343.04 W, 85 %
2026/09/30 01:38:23.269, 1770 MHz, 9501 MHz, 342.66 W, 84 %
2026/09/30 01:38:24.269, 1725 MHz, 9501 MHz, 343.54 W, 86 %
2026/09/30 01:38:25.269, 1755 MHz, 9501 MHz, 342.09 W, 88 %
2026/09/30 01:38:26.269, 1755 MHz, 9501 MHz, 344.08 W, 87 %
2026/09/30 01:38:27.270, 1770 MHz, 9501 MHz, 342.81 W, 83 %
2026/09/30 01:38:28.270, 1710 MHz, 9501 MHz, 343.13 W, 87 %
2026/09/30 01:38:29.270, 1725 MHz, 9501 MHz, 343.72 W, 88 %
2026/09/30 01:38:30.270, 1770 MHz, 9501 MHz, 343.54 W, 86 %
2026/09/30 01:38:31.271, 1770 MHz, 9501 MHz, 343.57 W, 83 %
2026/09/30 01:38:32.271, 1710 MHz, 9501 MHz, 343.47 W, 87 %
2026/09/30 01:38:33.271, 1740 MHz, 9501 MHz, 343.11 W, 88 %
2026/09/30 01:38:34.271, 1785 MHz, 9501 MHz, 342.05 W, 84 %
2026/09/30 01:38:35.271, 1695 MHz, 9501 MHz, 342.05 W, 87 %
2026/09/30 01:38:36.271, 1740 MHz, 9501 MHz, 343.13 W, 83 %
2026/09/30 01:38:37.272, 1695 MHz, 9501 MHz, 343.10 W, 87 %
2026/09/30 01:38:38.272, 1770 MHz, 9501 MHz, 342.72 W, 86 %
2026/09/30 01:38:39.272, 1725 MHz, 9501 MHz, 341.14 W, 84 %
2026/09/30 01:38:40.272, 1755 MHz, 9501 MHz, 342.73 W, 85 %
2026/09/30 01:38:41.272, 1770 MHz, 9501 MHz, 341.89 W, 88 %
2026/09/30 01:38:42.272, 1755 MHz, 9501 MHz, 342.73 W, 87 %
2026/09/30 01:38:43.273, 1710 MHz, 9501 MHz, 342.20 W, 84 %
2026/09/30 01:38:44.273, 1740 MHz, 9501 MHz, 342.57 W, 87 %
2026/09/30 01:38:45.273, 1755 MHz, 9501 MHz, 342.58 W, 88 %
2026/09/30 01:38:46.273, 1740 MHz, 9501 MHz, 341.60 W, 84 %
2026/09/30 01:38:47.273, 1755 MHz, 9501 MHz, 341.50 W, 85 %
2026/09/30 01:38:48.273, 1770 MHz, 9501 MHz, 342.13 W, 87 %
2026/09/30 01:38:49.274, 1725 MHz, 9501 MHz, 341.83 W, 83 %
2026/09/30 01:38:50.274, 1755 MHz, 9501 MHz, 342.20 W, 87 %
2026/09/30 01:38:51.274, 1695 MHz, 9501 MHz, 341.39 W, 83 %
2026/09/30 01:38:52.274, 1785 MHz, 9501 MHz, 342.49 W, 88 %
2026/09/30 01:38:53.274, 1710 MHz, 9501 MHz, 341.48 W, 83 %
2026/09/30 01:38:54.275, 1770 MHz, 9501 MHz, 341.80 W, 87 %
2026/09/30 01:38:55.275, 1755 MHz, 9501 MHz, 341.55 W, 84 %
2026/09/30 01:38:56.275, 1740 MHz, 9501 MHz, 342.83 W, 87 %
2026/09/30 01:38:57.275, 1725 MHz, 9501 MHz, 342.84 W, 88 %
2026/09/30 01:38:58.275, 1755 MHz, 9501 MHz, 342.44 W, 88 %
2026/09/30 01:38:59.276, 1755 MHz, 9501 MHz, 340.96 W, 84 %
2026/09/30 01:39:00.276, 1740 MHz, 9501 MHz, 341.36 W, 86 %
2026/09/30 01:39:01.276, 1755 MHz, 9501 MHz, 341.33 W, 88 %
2026/09/30 01:39:02.276, 1695 MHz, 9501 MHz, 341.54 W, 83 %
2026/09/30 01:39:03.276, 1770 MHz, 9501 MHz, 341.54 W, 88 %
2026/09/30 01:39:04.277, 1740 MHz, 9501 MHz, 341.50 W, 84 %
2026/09/30 01:39:05.277, 1740 MHz, 9501 MHz, 341.92 W, 87 %
2026/09/30 01:39:06.277, 1755 MHz, 9501 MHz, 341.67 W, 87 %
2026/09/30 01:39:07.278, 1755 MHz, 9501 MHz, 342.23 W, 88 %
2026/09/30 01:39:08.278, 1710 MHz, 9501 MHz, 342.21 W, 83 %
2026/09/30 01:39:09.278, 1725 MHz, 9501 MHz, 341.46 W, 88 %
2026/09/30 01:39:10.278, 1785 MHz, 9501 MHz, 341.64 W, 85 %
2026/09/30 01:39:11.279, 1740 MHz, 9501 MHz, 342.05 W, 87 %
2026/09/30 01:39:12.279, 1755 MHz, 9501 MHz, 341.54 W, 87 %
2026/09/30 01:39:13.279, 1680 MHz, 9501 MHz, 341.64 W, 84 %
2026/09/30 01:39:14.279, 1725 MHz, 9501 MHz, 342.20 W, 88 %
2026/09/30 01:39:15.279, 1785 MHz, 9501 MHz, 342.33 W, 86 %
2026/09/30 01:39:16.280, 1725 MHz, 9501 MHz, 342.00 W, 84 %
2026/09/30 01:39:17.280, 1755 MHz, 9501 MHz, 342.74 W, 88 %
2026/09/30 01:39:18.280, 1755 MHz, 9501 MHz, 342.12 W, 84 %
2026/09/30 01:39:19.280, 1740 MHz, 9501 MHz, 341.77 W, 86 %
2026/09/30 01:39:20.280, 1755 MHz, 9501 MHz, 340.98 W, 88 %
2026/09/30 01:39:21.281, 1680 MHz, 9501 MHz, 341.88 W, 84 %
2026/09/30 01:39:22.281, 1755 MHz, 9501 MHz, 341.82 W, 88 %
2026/09/30 01:39:23.281, 1950 MHz, 9501 MHz, 321.64 W, 0 %
2026/09/30 01:39:24.281, 1950 MHz, 9501 MHz, 186.65 W, 0 %
2026/09/30 01:39:25.281, 1695 MHz, 9501 MHz, 152.18 W, 0 %
2026/09/30 01:39:26.281, 1695 MHz, 9501 MHz, 138.09 W, 0 %
2026/09/30 01:39:27.281, 1695 MHz, 9501 MHz, 123.27 W, 0 %
2026/09/30 01:39:28.282, 1695 MHz, 9501 MHz, 123.10 W, 0 %
2026/09/30 01:39:29.326, 1695 MHz, 9501 MHz, 121.92 W, 0 %
2026/09/30 01:39:30.326, 1695 MHz, 9501 MHz, 121.50 W, 0 %
2026/09/30 01:39:31.326, 1695 MHz, 9501 MHz, 120.96 W, 0 %
2026/09/30 01:39:32.327, 1695 MHz, 9501 MHz, 119.72 W, 0 %
2026/09/30 01:39:33.327, 1800 MHz, 9501 MHz, 251.17 W, 85 %
2026/09/30 01:39:34.327, 1785 MHz, 9501 MHz, 341.45 W, 88 %
2026/09/30 01:39:35.327, 1740 MHz, 9501 MHz, 341.17 W, 88 %
2026/09/30 01:39:36.328, 1725 MHz, 9501 MHz, 342.09 W, 88 %
2026/09/30 01:39:37.328, 1770 MHz, 9501 MHz, 341.04 W, 88 %
2026/09/30 01:39:38.328, 1785 MHz, 9501 MHz, 342.87 W, 86 %
2026/09/30 01:39:39.328, 1740 MHz, 9501 MHz, 341.23 W, 88 %
2026/09/30 01:39:40.329, 1725 MHz, 9501 MHz, 342.43 W, 88 %
2026/09/30 01:39:41.329, 1755 MHz, 9501 MHz, 342.14 W, 88 %
2026/09/30 01:39:42.329, 1785 MHz, 9501 MHz, 343.41 W, 87 %
2026/09/30 01:39:43.329, 1725 MHz, 9501 MHz, 342.14 W, 88 %
2026/09/30 01:39:44.330, 1755 MHz, 9501 MHz, 343.61 W, 88 %
2026/09/30 01:39:45.330, 1695 MHz, 9501 MHz, 342.62 W, 83 %
2026/09/30 01:39:46.330, 1710 MHz, 9501 MHz, 342.33 W, 88 %
2026/09/30 01:39:47.330, 1755 MHz, 9501 MHz, 342.55 W, 88 %
2026/09/30 01:39:48.330, 1770 MHz, 9501 MHz, 342.92 W, 86 %
2026/09/30 01:39:49.331, 1710 MHz, 9501 MHz, 341.65 W, 88 %
2026/09/30 01:39:50.331, 1755 MHz, 9501 MHz, 341.60 W, 88 %
2026/09/30 01:39:51.331, 1770 MHz, 9501 MHz, 341.90 W, 86 %
2026/09/30 01:39:52.331, 1680 MHz, 9501 MHz, 340.46 W, 85 %
2026/09/30 01:39:53.332, 1740 MHz, 9501 MHz, 341.55 W, 88 %
2026/09/30 01:39:54.332, 1770 MHz, 9501 MHz, 341.77 W, 88 %
2026/09/30 01:39:55.332, 1725 MHz, 9501 MHz, 340.75 W, 88 %
2026/09/30 01:39:56.332, 1755 MHz, 9501 MHz, 342.05 W, 87 %
2026/09/30 01:39:57.333, 1770 MHz, 9501 MHz, 343.17 W, 86 %
2026/09/30 01:39:58.333, 1710 MHz, 9501 MHz, 341.91 W, 88 %
2026/09/30 01:39:59.333, 1755 MHz, 9501 MHz, 341.55 W, 88 %
2026/09/30 01:40:00.333, 1770 MHz, 9501 MHz, 342.10 W, 86 %
2026/09/30 01:40:01.334, 1725 MHz, 9501 MHz, 342.12 W, 88 %
2026/09/30 01:40:02.334, 1740 MHz, 9501 MHz, 341.88 W, 88 %
2026/09/30 01:40:03.334, 1770 MHz, 9501 MHz, 342.70 W, 87 %
2026/09/30 01:40:04.334, 1725 MHz, 9501 MHz, 341.51 W, 93 %
2026/09/30 01:40:05.334, 1770 MHz, 9501 MHz, 340.61 W, 87 %
2026/09/30 01:40:06.335, 1710 MHz, 9501 MHz, 340.83 W, 88 %
2026/09/30 01:40:07.335, 1755 MHz, 9501 MHz, 340.99 W, 87 %
2026/09/30 01:40:08.335, 1710 MHz, 9501 MHz, 342.11 W, 88 %
2026/09/30 01:40:09.335, 1755 MHz, 9501 MHz, 339.92 W, 88 %
2026/09/30 01:40:10.335, 1770 MHz, 9501 MHz, 342.36 W, 88 %
2026/09/30 01:40:11.336, 1740 MHz, 9501 MHz, 341.62 W, 88 %
2026/09/30 01:40:12.336, 1770 MHz, 9501 MHz, 341.25 W, 86 %
2026/09/30 01:40:13.336, 1725 MHz, 9501 MHz, 340.17 W, 84 %
2026/09/30 01:40:14.337, 1740 MHz, 9501 MHz, 341.00 W, 88 %
2026/09/30 01:40:15.337, 1740 MHz, 9501 MHz, 341.14 W, 84 %
2026/09/30 01:40:16.337, 1740 MHz, 9501 MHz, 340.87 W, 88 %
2026/09/30 01:40:17.337, 1725 MHz, 9501 MHz, 340.30 W, 84 %
2026/09/30 01:40:18.337, 1740 MHz, 9501 MHz, 340.18 W, 88 %
2026/09/30 01:40:19.337, 1905 MHz, 9501 MHz, 341.66 W, 79 %
2026/09/30 01:40:20.338, 1950 MHz, 9501 MHz, 190.65 W, 0 %
2026/09/30 01:40:21.338, 1695 MHz, 9501 MHz, 149.88 W, 0 %
2026/09/30 01:40:22.338, 1695 MHz, 9501 MHz, 137.12 W, 0 %
2026/09/30 01:40:23.339, 1695 MHz, 9501 MHz, 124.05 W, 0 %
2026/09/30 01:40:24.339, 1695 MHz, 9501 MHz, 122.44 W, 0 %
2026/09/30 01:40:25.339, 1695 MHz, 9501 MHz, 122.30 W, 0 %
2026/09/30 01:40:26.339, 1695 MHz, 9501 MHz, 121.49 W, 0 %
2026/09/30 01:40:27.339, 1695 MHz, 9501 MHz, 121.18 W, 0 %
2026/09/30 01:40:28.340, 1695 MHz, 9501 MHz, 120.83 W, 0 %
2026/09/30 01:40:29.340, 1800 MHz, 9501 MHz, 245.74 W, 88 %
2026/09/30 01:40:30.340, 1740 MHz, 9501 MHz, 339.87 W, 87 %
2026/09/30 01:40:31.340, 1785 MHz, 9501 MHz, 341.31 W, 88 %
2026/09/30 01:40:32.341, 1725 MHz, 9501 MHz, 340.32 W, 88 %
2026/09/30 01:40:33.341, 1770 MHz, 9501 MHz, 341.27 W, 92 %
2026/09/30 01:40:34.341, 1725 MHz, 9501 MHz, 341.57 W, 88 %
2026/09/30 01:40:35.341, 1785 MHz, 9501 MHz, 341.68 W, 89 %
2026/09/30 01:40:36.341, 1755 MHz, 9501 MHz, 341.39 W, 88 %
2026/09/30 01:40:37.341, 1740 MHz, 9501 MHz, 340.53 W, 88 %
2026/09/30 01:40:38.342, 1785 MHz, 9501 MHz, 341.76 W, 88 %
2026/09/30 01:40:39.342, 1755 MHz, 9501 MHz, 340.94 W, 89 %
2026/09/30 01:40:40.342, 1710 MHz, 9501 MHz, 344.53 W, 93 %
2026/09/30 01:40:41.342, 1770 MHz, 9501 MHz, 342.97 W, 91 %
2026/09/30 01:40:42.342, 1740 MHz, 9501 MHz, 343.86 W, 92 %
2026/09/30 01:40:43.343, 1725 MHz, 9501 MHz, 339.24 W, 88 %
2026/09/30 01:40:44.343, 1740 MHz, 9501 MHz, 342.69 W, 86 %
2026/09/30 01:40:45.343, 1770 MHz, 9501 MHz, 342.59 W, 88 %
2026/09/30 01:40:46.343, 1740 MHz, 9501 MHz, 342.23 W, 88 %
2026/09/30 01:40:47.343, 1755 MHz, 9501 MHz, 341.71 W, 88 %
2026/09/30 01:40:48.343, 1770 MHz, 9501 MHz, 341.62 W, 88 %
2026/09/30 01:40:49.343, 1770 MHz, 9501 MHz, 342.42 W, 90 %
2026/09/30 01:40:50.344, 1710 MHz, 9501 MHz, 342.09 W, 88 %
2026/09/30 01:40:51.344, 1785 MHz, 9501 MHz, 343.86 W, 91 %
2026/09/30 01:40:52.344, 1770 MHz, 9501 MHz, 344.22 W, 89 %
2026/09/30 01:40:53.344, 1740 MHz, 9501 MHz, 341.95 W, 88 %
2026/09/30 01:40:54.344, 1755 MHz, 9501 MHz, 340.74 W, 84 %
2026/09/30 01:40:55.344, 1740 MHz, 9501 MHz, 341.03 W, 88 %
2026/09/30 01:40:56.345, 1740 MHz, 9501 MHz, 341.29 W, 84 %
2026/09/30 01:40:57.345, 1710 MHz, 9501 MHz, 340.59 W, 88 %
2026/09/30 01:40:58.345, 1950 MHz, 9501 MHz, 194.34 W, 0 %
2026/09/30 01:40:59.346, 1950 MHz, 9501 MHz, 177.28 W, 0 %
2026/09/30 01:41:00.346, 1695 MHz, 9501 MHz, 136.96 W, 0 %
2026/09/30 01:41:01.346, 1695 MHz, 9501 MHz, 124.99 W, 0 %
2026/09/30 01:41:02.346, 1695 MHz, 9501 MHz, 123.64 W, 0 %
2026/09/30 01:41:03.346, 1695 MHz, 9501 MHz, 123.19 W, 0 %
2026/09/30 01:41:04.347, 1695 MHz, 9501 MHz, 122.49 W, 0 %
2026/09/30 01:41:05.347, 1695 MHz, 9501 MHz, 121.89 W, 0 %
2026/09/30 01:41:06.347, 1695 MHz, 9501 MHz, 121.34 W, 0 %
2026/09/30 01:41:07.347, 1665 MHz, 9501 MHz, 256.89 W, 94 %
2026/09/30 01:41:08.347, 1740 MHz, 9501 MHz, 338.55 W, 90 %
2026/09/30 01:41:09.348, 1725 MHz, 9501 MHz, 338.77 W, 92 %
2026/09/30 01:41:10.348, 1725 MHz, 9501 MHz, 339.71 W, 91 %
2026/09/30 01:41:11.348, 1740 MHz, 9501 MHz, 338.42 W, 92 %
2026/09/30 01:41:12.348, 1665 MHz, 9501 MHz, 340.24 W, 92 %
2026/09/30 01:41:13.348, 1725 MHz, 9501 MHz, 339.01 W, 89 %
2026/09/30 01:41:14.348, 1725 MHz, 9501 MHz, 339.22 W, 92 %
2026/09/30 01:41:15.348, 1725 MHz, 9501 MHz, 339.91 W, 92 %
2026/09/30 01:41:16.349, 1710 MHz, 9501 MHz, 339.86 W, 88 %
2026/09/30 01:41:17.349, 1725 MHz, 9501 MHz, 339.49 W, 92 %
2026/09/30 01:41:18.349, 1680 MHz, 9501 MHz, 338.99 W, 92 %
2026/09/30 01:41:19.349, 1725 MHz, 9501 MHz, 340.59 W, 92 %
2026/09/30 01:41:20.349, 1680 MHz, 9501 MHz, 340.44 W, 92 %
2026/09/30 01:41:21.349, 1725 MHz, 9501 MHz, 340.22 W, 92 %
2026/09/30 01:41:22.350, 1755 MHz, 9501 MHz, 340.36 W, 91 %
2026/09/30 01:41:23.350, 1770 MHz, 9501 MHz, 342.27 W, 88 %
2026/09/30 01:41:24.350, 1710 MHz, 9501 MHz, 340.41 W, 88 %
2026/09/30 01:41:25.350, 1950 MHz, 9501 MHz, 253.66 W, 0 %
2026/09/30 01:41:26.350, 1950 MHz, 9501 MHz, 186.48 W, 0 %
2026/09/30 01:41:27.351, 1695 MHz, 9501 MHz, 148.68 W, 0 %
2026/09/30 01:41:28.351, 1695 MHz, 9501 MHz, 136.46 W, 0 %
2026/09/30 01:41:29.351, 1695 MHz, 9501 MHz, 123.18 W, 0 %
2026/09/30 01:41:30.351, 1695 MHz, 9501 MHz, 123.14 W, 0 %
2026/09/30 01:41:31.351, 1695 MHz, 9501 MHz, 121.86 W, 0 %
2026/09/30 01:41:32.351, 1695 MHz, 9501 MHz, 121.54 W, 0 %
2026/09/30 01:41:33.351, 1695 MHz, 9501 MHz, 121.15 W, 0 %
2026/09/30 01:41:34.352, 1830 MHz, 9501 MHz, 150.34 W, 46 %
2026/09/30 01:41:35.352, 1740 MHz, 9501 MHz, 335.59 W, 85 %
2026/09/30 01:41:36.352, 1740 MHz, 9501 MHz, 345.05 W, 86 %
2026/09/30 01:41:37.352, 1695 MHz, 9501 MHz, 343.38 W, 88 %
2026/09/30 01:41:38.352, 1710 MHz, 9501 MHz, 342.17 W, 89 %
2026/09/30 01:41:39.352, 1755 MHz, 9501 MHz, 343.75 W, 89 %
2026/09/30 01:41:40.353, 1755 MHz, 9501 MHz, 343.65 W, 89 %
2026/09/30 01:41:41.353, 1755 MHz, 9501 MHz, 343.45 W, 89 %
2026/09/30 01:41:42.353, 1755 MHz, 9501 MHz, 344.24 W, 87 %
2026/09/30 01:41:43.353, 1755 MHz, 9501 MHz, 344.79 W, 87 %
2026/09/30 01:41:44.353, 1740 MHz, 9501 MHz, 343.83 W, 86 %
2026/09/30 01:41:45.353, 1740 MHz, 9501 MHz, 343.91 W, 85 %
2026/09/30 01:41:46.353, 1740 MHz, 9501 MHz, 343.30 W, 85 %
2026/09/30 01:41:47.353, 1755 MHz, 9501 MHz, 343.06 W, 85 %
2026/09/30 01:41:48.353, 1725 MHz, 9501 MHz, 343.33 W, 85 %
2026/09/30 01:41:49.353, 1725 MHz, 9501 MHz, 344.55 W, 85 %
2026/09/30 01:41:50.354, 1725 MHz, 9501 MHz, 344.97 W, 85 %
2026/09/30 01:41:51.354, 1725 MHz, 9501 MHz, 344.97 W, 85 %
2026/09/30 01:41:52.354, 1725 MHz, 9501 MHz, 345.36 W, 85 %
2026/09/30 01:41:53.354, 1680 MHz, 9501 MHz, 345.68 W, 89 %
2026/09/30 01:41:54.354, 1740 MHz, 9501 MHz, 344.08 W, 85 %
2026/09/30 01:41:55.354, 1740 MHz, 9501 MHz, 345.53 W, 85 %
2026/09/30 01:41:56.354, 1740 MHz, 9501 MHz, 345.08 W, 85 %
2026/09/30 01:41:57.355, 1740 MHz, 9501 MHz, 344.62 W, 85 %
2026/09/30 01:41:58.355, 1740 MHz, 9501 MHz, 345.65 W, 85 %
2026/09/30 01:41:59.355, 1740 MHz, 9501 MHz, 345.07 W, 85 %
2026/09/30 01:42:00.355, 1740 MHz, 9501 MHz, 345.34 W, 85 %
2026/09/30 01:42:01.355, 1725 MHz, 9501 MHz, 345.23 W, 85 %
2026/09/30 01:42:02.355, 1740 MHz, 9501 MHz, 344.38 W, 89 %
2026/09/30 01:42:03.355, 1755 MHz, 9501 MHz, 346.14 W, 89 %
2026/09/30 01:42:04.355, 1755 MHz, 9501 MHz, 346.97 W, 88 %
2026/09/30 01:42:05.356, 1740 MHz, 9501 MHz, 345.92 W, 87 %
2026/09/30 01:42:06.356, 1725 MHz, 9501 MHz, 345.81 W, 86 %
2026/09/30 01:42:07.356, 1725 MHz, 9501 MHz, 345.87 W, 86 %
2026/09/30 01:42:08.356, 1725 MHz, 9501 MHz, 345.32 W, 86 %
2026/09/30 01:42:09.356, 1725 MHz, 9501 MHz, 345.83 W, 87 %
2026/09/30 01:42:10.356, 1740 MHz, 9501 MHz, 345.76 W, 87 %
2026/09/30 01:42:11.356, 1725 MHz, 9501 MHz, 345.48 W, 89 %
2026/09/30 01:42:12.357, 1680 MHz, 9501 MHz, 344.95 W, 89 %
2026/09/30 01:42:13.357, 1725 MHz, 9501 MHz, 345.29 W, 89 %
2026/09/30 01:42:14.357, 1710 MHz, 9501 MHz, 343.83 W, 88 %
2026/09/30 01:42:15.357, 1725 MHz, 9501 MHz, 344.54 W, 88 %
2026/09/30 01:42:16.357, 1710 MHz, 9501 MHz, 344.78 W, 87 %
2026/09/30 01:42:17.357, 1740 MHz, 9501 MHz, 344.45 W, 86 %
2026/09/30 01:42:18.357, 1725 MHz, 9501 MHz, 345.11 W, 85 %
2026/09/30 01:42:19.357, 1740 MHz, 9501 MHz, 344.20 W, 85 %
2026/09/30 01:42:20.358, 1680 MHz, 9501 MHz, 345.63 W, 96 %
2026/09/30 01:42:21.358, 1725 MHz, 9501 MHz, 345.89 W, 88 %
2026/09/30 01:42:22.358, 1710 MHz, 9501 MHz, 344.45 W, 87 %
2026/09/30 01:42:23.358, 1725 MHz, 9501 MHz, 344.01 W, 86 %
2026/09/30 01:42:24.358, 1740 MHz, 9501 MHz, 345.12 W, 86 %
2026/09/30 01:42:25.358, 1725 MHz, 9501 MHz, 344.90 W, 85 %
2026/09/30 01:42:26.358, 1725 MHz, 9501 MHz, 344.28 W, 85 %
2026/09/30 01:42:27.358, 1755 MHz, 9501 MHz, 343.86 W, 85 %
2026/09/30 01:42:28.358, 1725 MHz, 9501 MHz, 344.81 W, 85 %
2026/09/30 01:42:29.359, 1680 MHz, 9501 MHz, 346.19 W, 87 %
2026/09/30 01:42:30.359, 1740 MHz, 9501 MHz, 344.62 W, 85 %
2026/09/30 01:42:31.359, 1740 MHz, 9501 MHz, 344.88 W, 85 %
2026/09/30 01:42:32.359, 1740 MHz, 9501 MHz, 345.19 W, 85 %
2026/09/30 01:42:33.359, 1710 MHz, 9501 MHz, 345.40 W, 85 %
2026/09/30 01:42:34.359, 1680 MHz, 9501 MHz, 345.86 W, 87 %
2026/09/30 01:42:35.359, 1680 MHz, 9501 MHz, 344.59 W, 89 %
2026/09/30 01:42:36.360, 1710 MHz, 9501 MHz, 344.61 W, 89 %
2026/09/30 01:42:37.360, 1710 MHz, 9501 MHz, 345.24 W, 88 %
2026/09/30 01:42:38.360, 1725 MHz, 9501 MHz, 344.15 W, 88 %
2026/09/30 01:42:39.360, 1710 MHz, 9501 MHz, 344.85 W, 88 %
2026/09/30 01:42:40.360, 1710 MHz, 9501 MHz, 344.09 W, 88 %
2026/09/30 01:42:41.360, 1710 MHz, 9501 MHz, 344.30 W, 87 %
2026/09/30 01:42:42.361, 1725 MHz, 9501 MHz, 344.12 W, 86 %
2026/09/30 01:42:43.361, 1740 MHz, 9501 MHz, 344.58 W, 86 %
2026/09/30 01:42:44.361, 1725 MHz, 9501 MHz, 344.25 W, 85 %
2026/09/30 01:42:45.361, 1725 MHz, 9501 MHz, 344.01 W, 85 %
2026/09/30 01:42:46.361, 1740 MHz, 9501 MHz, 345.12 W, 85 %
2026/09/30 01:42:47.361, 1710 MHz, 9501 MHz, 343.87 W, 86 %
2026/09/30 01:42:48.362, 1950 MHz, 9501 MHz, 208.65 W, 0 %
2026/09/30 01:42:49.362, 1950 MHz, 9501 MHz, 190.99 W, 0 %
2026/09/30 01:42:50.362, 1695 MHz, 9501 MHz, 153.56 W, 0 %
2026/09/30 01:42:51.362, 1695 MHz, 9501 MHz, 139.82 W, 0 %
2026/09/30 01:42:52.363, 1695 MHz, 9501 MHz, 125.62 W, 0 %
2026/09/30 01:42:53.363, 1695 MHz, 9501 MHz, 124.45 W, 0 %
2026/09/30 01:42:54.363, 1695 MHz, 9501 MHz, 123.58 W, 0 %
2026/09/30 01:42:55.363, 1695 MHz, 9501 MHz, 122.94 W, 0 %
2026/09/30 01:42:56.363, 1695 MHz, 9501 MHz, 122.94 W, 0 %
2026/09/30 01:42:57.363, 1755 MHz, 9501 MHz, 194.39 W, 89 %
2026/09/30 01:42:58.364, 1755 MHz, 9501 MHz, 343.27 W, 89 %
2026/09/30 01:42:59.364, 1770 MHz, 9501 MHz, 344.22 W, 89 %
2026/09/30 01:43:00.364, 1770 MHz, 9501 MHz, 344.52 W, 87 %
2026/09/30 01:43:01.365, 1770 MHz, 9501 MHz, 344.51 W, 85 %
2026/09/30 01:43:02.365, 1710 MHz, 9501 MHz, 345.65 W, 88 %
2026/09/30 01:43:03.365, 1710 MHz, 9501 MHz, 344.68 W, 89 %
2026/09/30 01:43:04.365, 1740 MHz, 9501 MHz, 343.84 W, 89 %
2026/09/30 01:43:05.365, 1710 MHz, 9501 MHz, 343.83 W, 89 %
2026/09/30 01:43:06.366, 1680 MHz, 9501 MHz, 344.20 W, 85 %
2026/09/30 01:43:07.366, 1695 MHz, 9501 MHz, 343.41 W, 88 %
2026/09/30 01:43:08.366, 1740 MHz, 9501 MHz, 344.17 W, 87 %
2026/09/30 01:43:09.366, 1755 MHz, 9501 MHz, 343.66 W, 89 %
2026/09/30 01:43:10.366, 1740 MHz, 9501 MHz, 344.72 W, 86 %
2026/09/30 01:43:11.366, 1740 MHz, 9501 MHz, 343.33 W, 89 %
2026/09/30 01:43:12.366, 1755 MHz, 9501 MHz, 344.58 W, 89 %
2026/09/30 01:43:13.367, 1740 MHz, 9501 MHz, 345.31 W, 89 %
2026/09/30 01:43:14.367, 1710 MHz, 9501 MHz, 345.66 W, 88 %
2026/09/30 01:43:15.367, 1740 MHz, 9501 MHz, 345.94 W, 86 %
2026/09/30 01:43:16.367, 1755 MHz, 9501 MHz, 344.38 W, 89 %
2026/09/30 01:43:17.367, 1710 MHz, 9501 MHz, 343.79 W, 89 %
2026/09/30 01:43:18.367, 1740 MHz, 9501 MHz, 345.68 W, 85 %
2026/09/30 01:43:19.367, 1740 MHz, 9501 MHz, 344.34 W, 89 %
2026/09/30 01:43:20.367, 1755 MHz, 9501 MHz, 344.87 W, 89 %
2026/09/30 01:43:21.368, 1695 MHz, 9501 MHz, 345.44 W, 89 %
2026/09/30 01:43:22.368, 1710 MHz, 9501 MHz, 344.08 W, 86 %
2026/09/30 01:43:23.368, 1740 MHz, 9501 MHz, 345.70 W, 88 %
2026/09/30 01:43:24.368, 1755 MHz, 9501 MHz, 344.03 W, 89 %
2026/09/30 01:43:25.368, 1755 MHz, 9501 MHz, 345.20 W, 89 %
2026/09/30 01:43:26.368, 1710 MHz, 9501 MHz, 344.80 W, 87 %
2026/09/30 01:43:27.368, 1755 MHz, 9501 MHz, 343.05 W, 89 %
2026/09/30 01:43:28.368, 1710 MHz, 9501 MHz, 344.86 W, 89 %
2026/09/30 01:43:29.369, 1725 MHz, 9501 MHz, 345.45 W, 87 %
2026/09/30 01:43:30.369, 1740 MHz, 9501 MHz, 346.25 W, 89 %
2026/09/30 01:43:31.369, 1755 MHz, 9501 MHz, 345.04 W, 89 %
2026/09/30 01:43:32.369, 1725 MHz, 9501 MHz, 345.86 W, 88 %
2026/09/30 01:43:33.369, 1755 MHz, 9501 MHz, 344.77 W, 89 %
2026/09/30 01:43:34.369, 1710 MHz, 9501 MHz, 345.07 W, 86 %
2026/09/30 01:43:35.369, 1725 MHz, 9501 MHz, 344.76 W, 88 %
2026/09/30 01:43:36.370, 1740 MHz, 9501 MHz, 344.43 W, 89 %
2026/09/30 01:43:37.370, 1740 MHz, 9501 MHz, 345.92 W, 89 %
2026/09/30 01:43:38.370, 1725 MHz, 9501 MHz, 345.03 W, 88 %
2026/09/30 01:43:39.370, 1725 MHz, 9501 MHz, 344.52 W, 87 %
2026/09/30 01:43:40.370, 1740 MHz, 9501 MHz, 343.20 W, 86 %
2026/09/30 01:43:41.370, 1725 MHz, 9501 MHz, 343.62 W, 85 %
2026/09/30 01:43:42.370, 1695 MHz, 9501 MHz, 344.24 W, 85 %
2026/09/30 01:43:43.370, 1950 MHz, 9501 MHz, 206.93 W, 0 %
2026/09/30 01:43:44.370, 1950 MHz, 9501 MHz, 190.23 W, 0 %
2026/09/30 01:43:45.371, 1695 MHz, 9501 MHz, 140.83 W, 0 %
2026/09/30 01:43:46.371, 1695 MHz, 9501 MHz, 126.58 W, 0 %
2026/09/30 01:43:47.371, 1695 MHz, 9501 MHz, 124.92 W, 0 %
2026/09/30 01:43:48.371, 1695 MHz, 9501 MHz, 124.44 W, 0 %
2026/09/30 01:43:49.371, 1695 MHz, 9501 MHz, 123.72 W, 0 %
2026/09/30 01:43:50.371, 1695 MHz, 9501 MHz, 123.08 W, 0 %
2026/09/30 01:43:51.371, 1695 MHz, 9501 MHz, 122.47 W, 0 %
2026/09/30 01:43:52.371, 1725 MHz, 9501 MHz, 203.75 W, 96 %
2026/09/30 01:43:53.372, 1770 MHz, 9501 MHz, 340.21 W, 89 %
2026/09/30 01:43:54.372, 1725 MHz, 9501 MHz, 340.33 W, 89 %
2026/09/30 01:43:55.372, 1755 MHz, 9501 MHz, 341.66 W, 89 %
2026/09/30 01:43:56.372, 1770 MHz, 9501 MHz, 340.14 W, 89 %
2026/09/30 01:43:57.372, 1740 MHz, 9501 MHz, 339.60 W, 89 %
2026/09/30 01:43:58.372, 1770 MHz, 9501 MHz, 340.79 W, 89 %
2026/09/30 01:43:59.372, 1785 MHz, 9501 MHz, 341.58 W, 90 %
2026/09/30 01:44:00.372, 1770 MHz, 9501 MHz, 341.71 W, 89 %
2026/09/30 01:44:01.373, 1725 MHz, 9501 MHz, 341.45 W, 89 %
2026/09/30 01:44:02.373, 1785 MHz, 9501 MHz, 340.53 W, 89 %
2026/09/30 01:44:03.373, 1755 MHz, 9501 MHz, 340.63 W, 88 %
2026/09/30 01:44:04.373, 1755 MHz, 9501 MHz, 342.46 W, 98 %
2026/09/30 01:44:05.373, 1740 MHz, 9501 MHz, 340.22 W, 88 %
2026/09/30 01:44:06.374, 1710 MHz, 9501 MHz, 341.11 W, 89 %
2026/09/30 01:44:07.374, 1740 MHz, 9501 MHz, 341.01 W, 93 %
2026/09/30 01:44:08.374, 1710 MHz, 9501 MHz, 340.23 W, 89 %
2026/09/30 01:44:09.374, 1755 MHz, 9501 MHz, 341.21 W, 89 %
2026/09/30 01:44:10.375, 1755 MHz, 9501 MHz, 341.42 W, 89 %
2026/09/30 01:44:11.375, 1710 MHz, 9501 MHz, 341.89 W, 89 %
2026/09/30 01:44:12.375, 1770 MHz, 9501 MHz, 340.94 W, 89 %
2026/09/30 01:44:13.375, 1770 MHz, 9501 MHz, 341.47 W, 89 %
2026/09/30 01:44:14.375, 1785 MHz, 9501 MHz, 342.42 W, 89 %
2026/09/30 01:44:15.375, 1710 MHz, 9501 MHz, 342.56 W, 85 %
2026/09/30 01:44:16.375, 1725 MHz, 9501 MHz, 341.36 W, 88 %
2026/09/30 01:44:17.375, 1755 MHz, 9501 MHz, 340.54 W, 89 %
2026/09/30 01:44:18.376, 1695 MHz, 9501 MHz, 340.77 W, 88 %
2026/09/30 01:44:19.376, 1695 MHz, 9501 MHz, 340.79 W, 85 %
2026/09/30 01:44:20.376, 1935 MHz, 9501 MHz, 188.79 W, 0 %
2026/09/30 01:44:21.377, 1695 MHz, 9501 MHz, 152.22 W, 0 %
2026/09/30 01:44:22.377, 1695 MHz, 9501 MHz, 146.10 W, 0 %
2026/09/30 01:44:23.377, 1695 MHz, 9501 MHz, 126.06 W, 0 %
2026/09/30 01:44:24.377, 1695 MHz, 9501 MHz, 125.38 W, 0 %
2026/09/30 01:44:25.377, 1695 MHz, 9501 MHz, 124.35 W, 0 %
2026/09/30 01:44:26.378, 1695 MHz, 9501 MHz, 123.67 W, 0 %
2026/09/30 01:44:27.378, 1695 MHz, 9501 MHz, 123.14 W, 0 %
2026/09/30 01:44:28.378, 1695 MHz, 9501 MHz, 122.28 W, 0 %
2026/09/30 01:44:29.379, 1665 MHz, 9501 MHz, 271.67 W, 95 %
2026/09/30 01:44:30.379, 1710 MHz, 9501 MHz, 339.50 W, 92 %
2026/09/30 01:44:31.379, 1725 MHz, 9501 MHz, 339.63 W, 89 %
2026/09/30 01:44:32.379, 1710 MHz, 9501 MHz, 338.66 W, 92 %
2026/09/30 01:44:33.379, 1710 MHz, 9501 MHz, 339.09 W, 92 %
2026/09/30 01:44:34.379, 1665 MHz, 9501 MHz, 339.20 W, 90 %
2026/09/30 01:44:35.379, 1725 MHz, 9501 MHz, 338.40 W, 89 %
2026/09/30 01:44:36.380, 1725 MHz, 9501 MHz, 337.78 W, 92 %
2026/09/30 01:44:37.380, 1710 MHz, 9501 MHz, 339.03 W, 92 %
2026/09/30 01:44:38.380, 1710 MHz, 9501 MHz, 339.42 W, 92 %
2026/09/30 01:44:39.380, 1710 MHz, 9501 MHz, 339.04 W, 92 %
2026/09/30 01:44:40.380, 1710 MHz, 9501 MHz, 339.39 W, 92 %
2026/09/30 01:44:41.381, 1725 MHz, 9501 MHz, 339.84 W, 92 %
2026/09/30 01:44:42.381, 1680 MHz, 9501 MHz, 340.34 W, 92 %
2026/09/30 01:44:43.381, 1740 MHz, 9501 MHz, 341.33 W, 89 %
2026/09/30 01:44:44.381, 1755 MHz, 9501 MHz, 338.85 W, 89 %
2026/09/30 01:44:45.381, 1740 MHz, 9501 MHz, 340.90 W, 89 %
2026/09/30 01:44:46.382, 1755 MHz, 9501 MHz, 342.34 W, 86 %
