t,server_alive,health,gpu_mib,rss_kib,rss_anon_kib,shmem_kib,running,waiting,kv_usage,preemptions,cpu_tier_perc,fs_tier_bytes,start_time,restarts
1791135597,1,200,0,35091132,6761736,27262056,0.0,0.0,0.0,0.0,,,1791135561.59,0
1791135657,1,200,0,35644752,7286148,27270248,3.0,0.0,0.10833333333333328,0.0,0.0,0.0,1791135561.59,0
1791135717,1,200,0,35647040,7288372,27270248,4.0,0.0,0.1444444444444445,0.0,0.0,0.0,1791135561.59,0
1791135777,1,200,0,35647044,7288376,27270248,4.0,0.0,0.1444444444444445,0.0,0.0,0.0,1791135561.59,0
1791135837,1,200,0,35647048,7288380,27270248,4.0,0.0,0.1444444444444445,0.0,0.0,0.0,1791135561.59,0
1791135897,1,200,0,35648128,7289460,27270248,4.0,0.0,0.14722222222222225,0.0,0.0,0.0,1791135561.59,0
1791135957,1,200,0,35685876,7291464,27270248,4.0,0.0,0.14722222222222225,0.0,0.0,0.0,1791135561.59,0
1791136017,1,200,0,35685920,7291508,27270248,3.0,0.0,0.10833333333333328,0.0,0.0,0.0,1791135561.59,0
1791136077,1,200,0,35686200,7291788,27270248,4.0,0.0,0.1444444444444445,0.0,0.0,0.0,1791135561.59,0
1791136137,1,200,0,35686324,7291788,27270248,4.0,0.0,0.14722222222222225,0.0,0.0,0.0,1791135561.59,0
1791136197,1,200,0,35686452,7291916,27270248,3.0,0.0,0.10833333333333328,0.0,0.0,0.0,1791135561.59,0
1791136257,1,200,0,35686508,7291972,27270248,4.0,0.0,0.15000000000000002,0.0,0.0,0.0,1791135561.59,0
1791136317,1,200,0,35686576,7292040,27270248,4.0,0.0,0.14722222222222225,0.0,0.0,0.0,1791135561.59,0
1791136378,1,200,0,35686584,7292048,27270248,4.0,0.0,0.1444444444444445,0.0,0.0,0.0,1791135561.59,0
1791136438,1,200,0,35686584,7292048,27270248,4.0,0.0,0.1444444444444445,0.0,0.0,0.0,1791135561.59,0
1791136498,1,200,0,35691144,7296288,27270248,6.0,0.0,0.3305555555555556,0.0,0.0,0.0,1791135561.59,0
1791136558,1,200,0,35693868,7298964,27270248,6.0,0.0,0.4916666666666667,0.0,0.0,0.0,1791135561.59,0
1791136618,1,200,0,35694260,7299356,27270248,6.0,0.0,0.49722222222222223,0.0,0.0,0.0,1791135561.59,0
1791136678,1,200,0,35696784,7301880,27270248,6.0,0.0,0.3916666666666667,0.0,0.0,0.0,1791135561.59,0
1791136738,1,200,0,35696816,7301912,27270248,6.0,0.0,0.4111111111111111,0.0,0.0,0.0,1791135561.59,0
1791136798,1,200,0,35696836,7301932,27270248,6.0,0.0,0.38888888888888884,0.0,0.0,0.0,1791135561.59,0
1791136858,1,200,0,35696840,7301936,27270248,5.0,0.0,0.4916666666666667,0.0,0.0,0.0,1791135561.59,0
1791136918,1,200,0,35696808,7301904,27270248,6.0,0.0,0.5611111111111111,0.0,0.0,0.0,1791135561.59,0
1791136978,1,200,0,35696816,7301912,27270248,5.0,0.0,0.4,0.0,0.0,0.0,1791135561.59,0
1791137038,1,200,0,35696904,7302000,27270248,4.0,0.0,0.47777777777777775,0.0,0.0,0.0,1791135561.59,0
1791137098,1,200,0,35697704,7302800,27270248,6.0,0.0,0.35,0.0,0.008316008316008316,0.0,1791135561.59,0
1791137158,1,200,0,35697712,7302808,27270248,6.0,0.0,0.32499999999999996,0.0,0.0,7936933888.0,1791135561.59,0
1791137218,1,200,0,35697716,7302812,27270248,6.0,0.0,0.47777777777777775,0.0,0.0,7994867712.0,1791135561.59,0
1791137278,1,200,0,35697716,7302812,27270248,6.0,0.0,0.6166666666666667,0.0,0.0,7994867712.0,1791135561.59,0
1791137338,1,200,0,35697716,7302812,27270248,5.0,0.0,0.44166666666666665,0.0,0.0,7994867712.0,1791135561.59,0
1791137398,1,200,0,35697720,7302816,27270248,6.0,0.0,0.5527777777777778,0.0,0.0,7994867712.0,1791135561.59,0
1791137458,1,200,0,35697952,7303048,27270248,6.0,0.0,0.5861111111111111,0.0,0.0,7994867712.0,1791135561.59,0
1791137518,1,200,0,35697908,7303004,27270248,1.0,0.0,0.036111111111111094,0.0,0.0,7994867712.0,1791135561.59,0
1791137578,1,200,0,35699200,7304296,27270248,3.0,0.0,0.11111111111111116,0.0,0.0,7994867712.0,1791135561.59,0
1791137638,1,200,0,35699156,7304252,27270248,2.0,0.0,0.21666666666666667,0.0,0.0,7994867712.0,1791135561.59,0
1791137698,1,200,0,35699200,7304296,27270248,3.0,0.0,0.3666666666666667,0.0,0.0,7994867712.0,1791135561.59,0
1791137758,1,200,0,35699156,7304252,27270248,2.0,0.0,0.07222222222222219,0.0,0.0,7994867712.0,1791135561.59,0
1791137818,1,200,0,35699156,7304252,27270248,2.0,0.0,0.07222222222222219,0.0,0.0,7994867712.0,1791135561.59,0
1791137878,1,200,0,35699156,7304252,27270248,1.0,0.0,0.036111111111111094,0.0,0.0,7994867712.0,1791135561.59,0
1791137938,1,200,0,35699156,7304252,27270248,2.0,0.0,0.07222222222222219,0.0,0.0,7994867712.0,1791135561.59,0
1791137998,1,200,0,35699160,7304256,27270248,1.0,0.0,0.036111111111111094,0.0,0.0,7994867712.0,1791135561.59,0
1791138058,1,200,0,35699160,7304256,27270248,2.0,0.0,0.07222222222222219,0.0,0.0,7994867712.0,1791135561.59,0
1791138118,1,200,0,35699204,7304300,27270248,2.0,0.0,0.07222222222222219,0.0,0.0,7994867712.0,1791135561.59,0
1791138178,1,200,0,35699160,7304256,27270248,2.0,0.0,0.07499999999999996,0.0,0.0,7994867712.0,1791135561.59,0
1791138238,1,200,0,35699160,7304256,27270248,2.0,0.0,0.07499999999999996,0.0,0.0,7994867712.0,1791135561.59,0
1791138298,1,200,0,35707608,7312704,27270248,1.0,0.0,0.1444444444444445,0.0,0.004158004158004158,7994867712.0,1791135561.59,0
1791138358,1,200,0,35707612,7312708,27270248,1.0,0.0,0.30000000000000004,0.0,0.004158004158004158,7994867712.0,1791135561.59,0
1791138418,1,200,0,35707568,7312664,27270248,1.0,0.0,0.4222222222222223,0.0,0.004158004158004158,7994867712.0,1791135561.59,0
1791138478,1,200,0,35707568,7312664,27270248,1.0,0.0,0.5277777777777778,0.0,0.004158004158004158,7994867712.0,1791135561.59,0
1791138538,1,200,0,35707612,7312708,27270248,1.0,0.0,0.6222222222222222,0.0,0.004158004158004158,7994867712.0,1791135561.59,0
1791138598,1,200,0,35707588,7312684,27270248,0.0,0.0,0.0,0.0,0.0,7994867712.0,1791135561.59,0
1791138658,1,200,0,35707588,7312684,27270248,0.0,0.0,0.0,0.0,0.0,7994867712.0,1791135561.59,0
1791138718,1,200,0,35707588,7312684,27270248,0.0,0.0,0.0,0.0,0.0,7994867712.0,1791135561.59,0
1791138779,1,200,0,35707588,7312684,27270248,0.0,0.0,0.0,0.0,0.0,7994867712.0,1791135561.59,0
1791138839,1,200,0,35707588,7312684,27270248,0.0,0.0,0.0,0.0,0.0,7994867712.0,1791135561.59,0
1791138899,1,200,0,35714980,7318860,27270248,1.0,0.0,0.036111111111111094,0.0,0.0,7994867712.0,1791135561.59,0
1791138959,1,200,0,35716160,7320040,27270248,2.0,0.0,0.07222222222222219,0.0,0.0,7994867712.0,1791135561.59,0
1791139019,1,200,0,35716628,7320508,27270248,2.0,0.0,0.11111111111111116,0.0,0.002079002079002079,7994867712.0,1791135561.59,0
1791139079,1,200,0,35718800,7322068,27270248,4.0,0.0,0.15000000000000002,0.0,0.0,7994867712.0,1791135561.59,0
1791139139,1,200,0,35730624,7331080,27272296,8.0,0.0,0.3222222222222222,0.0,0.0,7994867712.0,1791135561.59,0
1791139199,1,200,0,35730972,7331420,27272296,7.0,0.0,0.3222222222222222,0.0,0.0,7994867712.0,1791135561.59,0
1791139259,1,200,0,35734488,7332888,27274344,13.0,0.0,0.5888888888888889,0.0,0.0,7994867712.0,1791135561.59,0
1791139319,1,200,0,35735284,7333684,27274344,11.0,0.0,0.5083333333333333,0.0,0.0,7994867712.0,1791135561.59,0
1791139379,1,200,0,35735240,7333640,27274344,12.0,0.0,0.5805555555555555,0.0,0.0,7965900800.0,1791135561.59,0
1791139439,1,200,0,35735240,7333640,27274344,12.0,0.0,0.49444444444444446,0.0,0.0,7994867712.0,1791135561.59,0
1791139499,1,200,0,35735240,7333640,27274344,12.0,0.0,0.5277777777777778,0.0,0.0,7994867712.0,1791135561.59,0
1791139559,1,200,0,35735284,7333684,27274344,12.0,0.0,0.5472222222222223,0.0,0.0,7994867712.0,1791135561.59,0
1791139619,1,200,0,35735240,7333640,27274344,8.0,0.0,0.35277777777777775,0.0,0.0,7994867712.0,1791135561.59,0
1791139679,1,200,0,35735240,7333640,27274344,7.0,0.0,0.275,0.0,0.0,7994867712.0,1791135561.59,0
1791139739,1,200,0,35735240,7333640,27274344,4.0,0.0,0.14722222222222225,0.0,0.0,7994867712.0,1791135561.59,0
1791139799,1,200,0,35735240,7333640,27274344,2.0,0.0,0.07777777777777772,0.0,0.0,7994867712.0,1791135561.59,0
1791139859,1,200,0,35735240,7333640,27274344,1.0,0.0,0.04166666666666663,0.0,0.0,7994867712.0,1791135561.59,0
1791139919,1,200,0,35735280,7333680,27274344,1.0,0.0,0.036111111111111094,0.0,0.0,7994867712.0,1791135561.59,0
1791139979,1,200,0,35735284,7333684,27274344,12.0,0.0,0.5194444444444444,0.0,0.0,7994867712.0,1791135561.59,0
1791140039,1,200,0,35739652,7338052,27274344,11.0,0.0,0.5305555555555556,0.0,0.0,7994867712.0,1791135561.59,0
1791140099,1,200,0,35739708,7338108,27274344,11.0,0.0,0.6833333333333333,0.0,0.0,7994867712.0,1791135561.59,0
1791140159,1,200,0,35739736,7338136,27274344,11.0,0.0,0.6472222222222221,0.0,0.0,7994867712.0,1791135561.59,0
1791140219,1,200,0,35739736,7338136,27274344,12.0,0.0,0.7944444444444445,0.0,0.0,7994867712.0,1791135561.59,0
1791140279,1,200,0,35743812,7338116,27278440,11.0,0.0,0.6666666666666667,0.0,0.002079002079002079,7994867712.0,1791135561.59,0
1791140339,1,200,0,35745904,7338160,27280488,12.0,0.0,0.6111111111111112,0.0,0.0,7994867712.0,1791135561.59,0
1791140399,1,200,0,35746952,7339208,27280488,11.0,0.0,0.6444444444444444,0.0,0.002079002079002079,7994867712.0,1791135561.59,0
1791140459,1,200,0,35746952,7339208,27280488,12.0,0.0,0.7083333333333333,0.0,0.002079002079002079,7994867712.0,1791135561.59,0
1791140519,1,200,0,35746908,7339164,27280488,12.0,0.0,0.8361111111111111,0.0,0.0,7994867712.0,1791135561.59,0
1791140579,1,200,0,35746952,7339208,27280488,12.0,0.0,0.6583333333333333,0.0,0.0,7907966976.0,1791135561.59,0
1791140639,1,200,0,35746952,7339208,27280488,12.0,0.0,0.7361111111111112,0.0,0.002079002079002079,7994867712.0,1791135561.59,0
1791140699,1,200,0,35746952,7339208,27280488,12.0,0.0,0.8,0.0,0.002079002079002079,7994867712.0,1791135561.59,0
1791140759,1,200,0,35746956,7339212,27280488,12.0,0.0,0.7527777777777778,0.0,0.0,7965900800.0,1791135561.59,0
1791140819,1,200,0,35746940,7339196,27280488,9.0,0.0,0.6138888888888889,0.0,0.002079002079002079,7994867712.0,1791135561.59,0
1791140879,1,200,0,35747524,7339780,27280488,3.0,0.0,0.3055555555555556,0.0,0.002079002079002079,7994867712.0,1791135561.59,0
1791140939,1,200,0,35747524,7339780,27280488,4.0,0.0,0.1444444444444445,0.0,0.0,7994867712.0,1791135561.59,0
1791140999,1,200,0,35747524,7339780,27280488,3.0,0.0,0.10833333333333328,0.0,0.0,7994867712.0,1791135561.59,0
1791141059,1,200,0,35747524,7339780,27280488,4.0,0.0,0.1444444444444445,0.0,0.0,7994867712.0,1791135561.59,0
1791141119,1,200,0,35747568,7339824,27280488,3.0,0.0,0.10833333333333328,0.0,0.0,7994867712.0,1791135561.59,0
1791141180,1,200,0,35747524,7339780,27280488,4.0,0.0,0.1444444444444445,0.0,0.0,7994867712.0,1791135561.59,0
1791141240,1,200,0,35747568,7339824,27280488,6.0,0.0,0.21666666666666667,0.0,0.0,7994867712.0,1791135561.59,0
1791141300,1,200,0,35747524,7339780,27280488,5.0,0.0,0.18055555555555558,0.0,0.0,7994867712.0,1791135561.59,0
1791141360,1,200,0,35747568,7339824,27280488,4.0,0.0,0.1444444444444445,0.0,0.0,7994867712.0,1791135561.59,0
1791141420,1,200,0,35747564,7339820,27280488,4.0,0.0,0.1444444444444445,0.0,0.0,7994867712.0,1791135561.59,0
1791141480,1,200,0,35747568,7339824,27280488,4.0,0.0,0.1444444444444445,0.0,0.0,7994867712.0,1791135561.59,0
1791141540,1,200,0,35747524,7339780,27280488,6.0,0.0,0.21666666666666667,0.0,0.0,7994867712.0,1791135561.59,0
1791141600,1,200,0,35747524,7339780,27280488,5.0,0.0,0.18055555555555558,0.0,0.0,7994867712.0,1791135561.59,0
1791141660,1,200,0,35747524,7339780,27280488,4.0,0.0,0.1444444444444445,0.0,0.0,7994867712.0,1791135561.59,0
1791141720,1,200,0,35747524,7339780,27280488,4.0,0.0,0.1444444444444445,0.0,0.0,7994867712.0,1791135561.59,0
1791141780,1,200,0,35747524,7339780,27280488,4.0,0.0,0.1444444444444445,0.0,0.0,7994867712.0,1791135561.59,0
1791141840,1,200,0,35747568,7339824,27280488,4.0,0.0,0.1444444444444445,0.0,0.0,7994867712.0,1791135561.59,0
1791141900,1,200,0,35747564,7339820,27280488,5.0,0.0,0.18055555555555558,0.0,0.0,7994867712.0,1791135561.59,0
1791141960,1,200,0,35747568,7339824,27280488,5.0,0.0,0.18055555555555558,0.0,0.0,7994867712.0,1791135561.59,0
1791142020,1,200,0,35747564,7339820,27280488,4.0,0.0,0.1444444444444445,0.0,0.0,7994867712.0,1791135561.59,0
1791142080,1,200,0,35747524,7339780,27280488,0.0,0.0,0.0,0.0,0.0,7994867712.0,1791135561.59,0
1791142140,1,200,0,35747524,7339780,27280488,0.0,0.0,0.0,0.0,0.0,7994867712.0,1791135561.59,0
1791142200,1,200,0,35747524,7339780,27280488,0.0,0.0,0.0,0.0,0.0,7994867712.0,1791135561.59,0
1791142260,1,200,0,35747524,7339780,27280488,1.0,0.0,0.03888888888888886,0.0,0.0,7994867712.0,1791135561.59,0
1791142320,1,200,0,35747568,7339824,27280488,12.0,0.0,0.4472222222222222,0.0,0.0,7994867712.0,1791135561.59,0
1791142380,1,200,0,35747524,7339780,27280488,1.0,0.0,0.07222222222222219,0.0,0.0,7994867712.0,1791135561.59,0
1791142440,1,200,0,35747564,7339820,27280488,1.0,0.0,0.06944444444444442,0.0,0.0,7994867712.0,1791135561.59,0
1791142500,1,200,0,35747524,7339780,27280488,1.0,0.0,0.050000000000000044,0.0,0.0,7994867712.0,1791135561.59,0
1791142560,1,200,0,35747524,7339780,27280488,1.0,0.0,0.06666666666666665,0.0,0.0,7994867712.0,1791135561.59,0
1791142620,1,200,0,35747568,7339824,27280488,11.0,0.0,0.40555555555555556,0.0,0.0,7994867712.0,1791135561.59,0
1791142680,1,200,0,35747528,7339784,27280488,9.0,0.0,0.3277777777777777,0.0,0.0,7994867712.0,1791135561.59,0
1791142740,1,200,0,35747572,7339828,27280488,10.0,0.0,0.36111111111111116,0.0,0.0,7936933888.0,1791135561.59,0
1791142800,1,200,0,35747532,7339788,27280488,1.0,0.0,0.04166666666666663,0.0,0.0,7994867712.0,1791135561.59,0
1791142860,1,200,0,35747576,7339832,27280488,12.0,0.0,0.4361111111111111,0.0,0.0,7994867712.0,1791135561.59,0
1791142920,1,200,0,35747576,7339832,27280488,0.0,0.0,0.0,0.0,0.0,7994867712.0,1791135561.59,0
1791142980,1,200,0,35747576,7339832,27280488,0.0,0.0,0.0,0.0,0.0,7994867712.0,1791135561.59,0
1791143040,1,200,0,35747532,7339788,27280488,1.0,0.0,0.036111111111111094,0.0,0.0,7994867712.0,1791135561.59,0
1791143100,1,200,0,35747572,7339828,27280488,1.0,0.0,0.03888888888888886,0.0,0.0,7994867712.0,1791135561.59,0
1791143160,1,200,0,35747532,7339788,27280488,1.0,0.0,0.036111111111111094,0.0,0.0,7994867712.0,1791135561.59,0
1791143220,1,200,0,35747532,7339788,27280488,1.0,0.0,0.036111111111111094,0.0,0.0,7994867712.0,1791135561.59,0
1791143280,1,200,0,35747532,7339788,27280488,1.0,0.0,0.036111111111111094,0.0,0.0,7994867712.0,1791135561.59,0
1791143340,1,200,0,35747532,7339788,27280488,1.0,0.0,0.036111111111111094,0.0,0.0,7994867712.0,1791135561.59,0
1791143400,1,200,0,35747532,7339788,27280488,1.0,0.0,0.036111111111111094,0.0,0.0,7994867712.0,1791135561.59,0
1791143460,1,200,0,35747532,7339788,27280488,1.0,0.0,0.036111111111111094,0.0,0.0,7994867712.0,1791135561.59,0
1791143521,1,200,0,35747572,7339828,27280488,3.0,0.0,0.10833333333333328,0.0,0.0,7994867712.0,1791135561.59,0
1791143581,1,200,0,35747576,7339832,27280488,2.0,0.0,0.07499999999999996,0.0,0.0,7994867712.0,1791135561.59,0
1791143641,1,200,0,35747532,7339788,27280488,3.0,0.0,0.11111111111111116,0.0,0.0,7994867712.0,1791135561.59,0
1791143701,1,200,0,35747572,7339828,27280488,3.0,0.0,0.10833333333333328,0.0,0.0,7994867712.0,1791135561.59,0
1791143761,1,200,0,35747532,7339788,27280488,3.0,0.0,0.11111111111111116,0.0,0.0,7994867712.0,1791135561.59,0
1791143821,1,200,0,35747572,7339828,27280488,3.0,0.0,0.10833333333333328,0.0,0.0,7994867712.0,1791135561.59,0
1791143881,1,200,0,35747532,7339788,27280488,3.0,0.0,0.10833333333333328,0.0,0.0,7994867712.0,1791135561.59,0
1791143941,1,200,0,35747532,7339788,27280488,3.0,0.0,0.10833333333333328,0.0,0.0,7994867712.0,1791135561.59,0
1791144001,1,200,0,35747532,7339788,27280488,3.0,0.0,0.10833333333333328,0.0,0.0,7994867712.0,1791135561.59,0
1791144061,1,200,0,35747532,7339788,27280488,3.0,0.0,0.11388888888888893,0.0,0.0,7994867712.0,1791135561.59,0
1791144121,1,200,0,35747576,7339832,27280488,8.0,0.0,0.30000000000000004,0.0,0.0,7994867712.0,1791135561.59,0
1791144181,1,200,0,35747532,7339788,27280488,8.0,0.0,0.3277777777777777,0.0,0.0,7994867712.0,1791135561.59,0
1791144241,1,200,0,35747576,7339832,27280488,8.0,0.0,0.3666666666666667,0.0,0.002079002079002079,7994867712.0,1791135561.59,0
1791144301,1,200,0,35747532,7339788,27280488,8.0,0.0,0.34444444444444444,0.0,0.0,7907966976.0,1791135561.59,0
1791144361,1,200,0,35749624,7339832,27282536,7.0,0.0,0.30833333333333335,0.0,0.0,7994867712.0,1791135561.59,0
1791144421,1,200,0,35749580,7339788,27282536,8.0,0.0,0.29166666666666663,0.0,0.0,7936933888.0,1791135561.59,0
1791144481,1,200,0,35749624,7339832,27282536,8.0,0.0,0.3388888888888889,0.0,0.0,7994867712.0,1791135561.59,0
1791144541,1,200,0,35749624,7339832,27282536,8.0,0.0,0.3305555555555556,0.0,0.0,7994867712.0,1791135561.59,0
1791144601,1,200,0,35749624,7339832,27282536,7.0,0.0,0.32499999999999996,0.0,0.0,7994867712.0,1791135561.59,0
1791144661,1,200,0,35749624,7339832,27282536,9.0,0.0,0.4111111111111111,0.0,0.0,7994867712.0,1791135561.59,0
1791144721,1,200,0,35749624,7339832,27282536,8.0,0.0,0.3833333333333333,0.0,0.0,7965900800.0,1791135561.59,0
1791144781,1,200,0,35749624,7339832,27282536,8.0,0.0,0.4444444444444444,0.0,0.002079002079002079,7965900800.0,1791135561.59,0
1791144841,1,200,0,35749624,7339832,27282536,7.0,0.0,0.29166666666666663,0.0,0.0,7994867712.0,1791135561.59,0
1791144901,1,200,0,35749624,7339832,27282536,6.0,0.0,0.23611111111111116,0.0,0.0,7994867712.0,1791135561.59,0
1791144961,1,200,0,35749624,7339832,27282536,8.0,0.0,0.36111111111111116,0.0,0.0,7907966976.0,1791135561.59,0
1791145021,1,200,0,35749580,7339788,27282536,8.0,0.0,0.28888888888888886,0.0,0.0,7994867712.0,1791135561.59,0
1791145081,1,200,0,35749624,7339832,27282536,8.0,0.0,0.3111111111111111,0.0,0.0,7994867712.0,1791135561.59,0
1791145141,1,200,0,35749580,7339788,27282536,0.0,0.0,0.0,0.0,0.0,7994867712.0,1791135561.59,0
1791145201,1,200,0,35749580,7339788,27282536,0.0,0.0,0.0,0.0,0.0,7994867712.0,1791135561.59,0
1791145261,1,200,0,35749580,7339788,27282536,0.0,0.0,0.0,0.0,0.0,7994867712.0,1791135561.59,0
1791145321,1,200,0,35749580,7339788,27282536,4.0,0.0,0.1444444444444445,0.0,0.0,7994867712.0,1791135561.59,0
1791145381,1,200,0,35749580,7339788,27282536,3.0,0.0,0.10833333333333328,0.0,0.0,7994867712.0,1791135561.59,0
1791145441,1,200,0,35749624,7339832,27282536,4.0,0.0,0.1444444444444445,0.0,0.0,7994867712.0,1791135561.59,0
1791145501,1,200,0,35749624,7339832,27282536,4.0,0.0,0.1444444444444445,0.0,0.0,7994867712.0,1791135561.59,0
1791145561,1,200,0,35749624,7339832,27282536,4.0,0.0,0.1444444444444445,0.0,0.0,7994867712.0,1791135561.59,0
1791145621,1,200,0,35749580,7339788,27282536,4.0,0.0,0.1444444444444445,0.0,0.0,7994867712.0,1791135561.59,0
1791145681,1,200,0,35749580,7339788,27282536,4.0,0.0,0.1444444444444445,0.0,0.0,7994867712.0,1791135561.59,0
1791145741,1,200,0,35749624,7339832,27282536,3.0,0.0,0.10833333333333328,0.0,0.0,7994867712.0,1791135561.59,0
1791145801,1,200,0,35749580,7339788,27282536,4.0,0.0,0.1444444444444445,0.0,0.0,7994867712.0,1791135561.59,0
1791145862,1,200,0,35749580,7339788,27282536,4.0,0.0,0.1444444444444445,0.0,0.0,7994867712.0,1791135561.59,0
1791145922,1,200,0,35749624,7339832,27282536,4.0,0.0,0.1444444444444445,0.0,0.0,7994867712.0,1791135561.59,0
1791145982,1,200,0,35749624,7339832,27282536,3.0,0.0,0.10833333333333328,0.0,0.0,7994867712.0,1791135561.59,0
1791146042,1,200,0,35749580,7339788,27282536,4.0,0.0,0.1444444444444445,0.0,0.0,7994867712.0,1791135561.59,0
1791146102,1,200,0,35749624,7339832,27282536,3.0,0.0,0.10833333333333328,0.0,0.0,7994867712.0,1791135561.59,0
1791146162,1,200,0,35749580,7339788,27282536,4.0,0.0,0.1444444444444445,0.0,0.0,7994867712.0,1791135561.59,0
1791146222,1,200,0,35749624,7339832,27282536,4.0,0.0,0.1444444444444445,0.0,0.0,7994867712.0,1791135561.59,0
1791146282,1,200,0,35749580,7339788,27282536,4.0,0.0,0.1444444444444445,0.0,0.0,7994867712.0,1791135561.59,0
1791146342,1,200,0,35749624,7339832,27282536,3.0,0.0,0.10833333333333328,0.0,0.0,7994867712.0,1791135561.59,0
1791146402,1,200,0,35749580,7339788,27282536,3.0,0.0,0.10833333333333328,0.0,0.0,7994867712.0,1791135561.59,0
1791146462,1,200,0,35749624,7339832,27282536,4.0,0.0,0.1444444444444445,0.0,0.0,7994867712.0,1791135561.59,0
1791146522,1,200,0,35749624,7339832,27282536,8.0,0.0,0.3666666666666667,0.0,0.0,7994867712.0,1791135561.59,0
1791146582,1,200,0,35749580,7339788,27282536,7.0,0.0,0.2861111111111111,0.0,0.0,7994867712.0,1791135561.59,0
1791146642,1,200,0,35749624,7339832,27282536,8.0,0.0,0.32499999999999996,0.0,0.0,7994867712.0,1791135561.59,0
1791146702,1,200,0,35749624,7339832,27282536,8.0,0.0,0.3111111111111111,0.0,0.0,7994867712.0,1791135561.59,0
1791146762,1,200,0,35749624,7339832,27282536,8.0,0.0,0.3222222222222222,0.0,0.0,7994867712.0,1791135561.59,0
1791146822,1,200,0,35749624,7339832,27282536,8.0,0.0,0.3222222222222222,0.0,0.0,7994867712.0,1791135561.59,0
1791146882,1,200,0,35749624,7339832,27282536,7.0,0.0,0.275,0.0,0.0,7994867712.0,1791135561.59,0
1791146942,1,200,0,35749624,7339832,27282536,7.0,0.0,0.275,0.0,0.0,7994867712.0,1791135561.59,0
1791147002,1,200,0,35749588,7339796,27282536,7.0,0.0,0.28055555555555556,0.0,0.0,7994867712.0,1791135561.59,0
1791147062,1,200,0,35749632,7339840,27282536,8.0,0.0,0.3111111111111111,0.0,0.0,7994867712.0,1791135561.59,0
1791147122,1,200,0,35749588,7339796,27282536,4.0,0.0,0.1444444444444445,0.0,0.0,7994867712.0,1791135561.59,0
1791147182,1,200,0,35749632,7339840,27282536,4.0,0.0,0.1444444444444445,0.0,0.0,7994867712.0,1791135561.59,0
1791147242,1,200,0,35749632,7339840,27282536,4.0,0.0,0.1444444444444445,0.0,0.0,7994867712.0,1791135561.59,0
1791147302,1,200,0,35749632,7339840,27282536,4.0,0.0,0.1444444444444445,0.0,0.0,7994867712.0,1791135561.59,0
1791147362,1,200,0,35749632,7339840,27282536,3.0,0.0,0.10833333333333328,0.0,0.0,7994867712.0,1791135561.59,0
1791147422,1,200,0,35749588,7339796,27282536,4.0,0.0,0.1444444444444445,0.0,0.0,7994867712.0,1791135561.59,0
1791147482,1,200,0,35749632,7339840,27282536,4.0,0.0,0.1444444444444445,0.0,0.0,7994867712.0,1791135561.59,0
1791147542,1,200,0,35749632,7339840,27282536,3.0,0.0,0.10833333333333328,0.0,0.0,7994867712.0,1791135561.59,0
1791147602,1,200,0,35749636,7339844,27282536,4.0,0.0,0.1444444444444445,0.0,0.0,7994867712.0,1791135561.59,0
1791147662,1,200,0,35749636,7339844,27282536,4.0,0.0,0.1444444444444445,0.0,0.0,7994867712.0,1791135561.59,0
1791147722,1,200,0,35749636,7339844,27282536,3.0,0.0,0.10833333333333328,0.0,0.0,7994867712.0,1791135561.59,0
1791147782,1,200,0,35749636,7339844,27282536,4.0,0.0,0.1444444444444445,0.0,0.0,7994867712.0,1791135561.59,0
1791147842,1,200,0,35749592,7339800,27282536,4.0,0.0,0.1444444444444445,0.0,0.0,7994867712.0,1791135561.59,0
1791147902,1,200,0,35749640,7339848,27282536,4.0,0.0,0.1444444444444445,0.0,0.0,7994867712.0,1791135561.59,0
1791147962,1,200,0,35749640,7339848,27282536,4.0,0.0,0.1444444444444445,0.0,0.0,7994867712.0,1791135561.59,0
1791148022,1,200,0,35749596,7339804,27282536,3.0,0.0,0.10833333333333328,0.0,0.0,7994867712.0,1791135561.59,0
1791148082,1,200,0,35749640,7339848,27282536,3.0,0.0,0.10833333333333328,0.0,0.0,7994867712.0,1791135561.59,0
1791148142,1,200,0,35749596,7339804,27282536,3.0,0.0,0.10833333333333328,0.0,0.0,7994867712.0,1791135561.59,0
1791148202,1,200,0,35749596,7339804,27282536,8.0,0.0,0.36111111111111116,0.0,0.0,7994867712.0,1791135561.59,0
1791148262,1,200,0,35749596,7339804,27282536,8.0,0.0,0.35,0.0,0.0,7994867712.0,1791135561.59,0
1791148322,1,200,0,35749596,7339804,27282536,8.0,0.0,0.3583333333333333,0.0,0.0,7994867712.0,1791135561.59,0
1791148383,1,200,0,35749636,7339844,27282536,8.0,0.0,0.35277777777777775,0.0,0.0,7994867712.0,1791135561.59,0
1791148443,1,200,0,35749636,7339844,27282536,8.0,0.0,0.3583333333333333,0.0,0.0,7994867712.0,1791135561.59,0
1791148503,1,200,0,35749596,7339804,27282536,8.0,0.0,0.3666666666666667,0.0,0.0,7994867712.0,1791135561.59,0
1791148563,1,200,0,35749596,7339804,27282536,8.0,0.0,0.35,0.0,0.0,7994867712.0,1791135561.59,0
1791148623,1,200,0,35749596,7339804,27282536,8.0,0.0,0.34444444444444444,0.0,0.0,7994867712.0,1791135561.59,0
1791148683,1,200,0,35749640,7339848,27282536,8.0,0.0,0.3277777777777777,0.0,0.0,7994867712.0,1791135561.59,0
1791148743,1,200,0,35749596,7339804,27282536,8.0,0.0,0.34444444444444444,0.0,0.0,7994867712.0,1791135561.59,0
1791148803,1,200,0,35749596,7339804,27282536,8.0,0.0,0.33611111111111114,0.0,0.0,7994867712.0,1791135561.59,0
1791148863,1,200,0,35749596,7339804,27282536,8.0,0.0,0.32499999999999996,0.0,0.0,7994867712.0,1791135561.59,0
1791148923,1,200,0,35749636,7339844,27282536,8.0,0.0,0.35,0.0,0.0,7994867712.0,1791135561.59,0
1791148983,1,200,0,35749596,7339804,27282536,8.0,0.0,0.3388888888888889,0.0,0.0,7994867712.0,1791135561.59,0
1791149043,1,200,0,35749596,7339804,27282536,8.0,0.0,0.3277777777777777,0.0,0.0,7994867712.0,1791135561.59,0
1791149103,1,200,0,35749596,7339804,27282536,8.0,0.0,0.35,0.0,0.0,7994867712.0,1791135561.59,0
1791149163,1,200,0,35749596,7339804,27282536,8.0,0.0,0.34444444444444444,0.0,0.0,7994867712.0,1791135561.59,0
1791149223,1,200,0,35749596,7339804,27282536,8.0,0.0,0.35,0.0,0.0,7994867712.0,1791135561.59,0
1791149283,1,200,0,35749596,7339804,27282536,3.0,0.0,0.13888888888888884,0.0,0.0,7994867712.0,1791135561.59,0
1791149343,1,200,0,35749596,7339804,27282536,4.0,0.0,0.1444444444444445,0.0,0.0,7994867712.0,1791135561.59,0
1791149403,1,200,0,35749596,7339804,27282536,2.0,0.0,0.07222222222222219,0.0,0.0,7994867712.0,1791135561.59,0
1791149463,1,200,0,35749596,7339804,27282536,4.0,0.0,0.15000000000000002,0.0,0.0,7994867712.0,1791135561.59,0
1791149523,1,200,0,35749596,7339804,27282536,3.0,0.0,0.10833333333333328,0.0,0.0,7994867712.0,1791135561.59,0
1791149583,1,200,0,35749640,7339848,27282536,4.0,0.0,0.1444444444444445,0.0,0.0,7994867712.0,1791135561.59,0
1791149643,1,200,0,35749640,7339848,27282536,3.0,0.0,0.11111111111111116,0.0,0.0,7994867712.0,1791135561.59,0
1791149703,1,200,0,35749648,7339856,27282536,4.0,0.0,0.1444444444444445,0.0,0.0,7994867712.0,1791135561.59,0
1791149763,1,200,0,35749648,7339856,27282536,3.0,0.0,0.10833333333333328,0.0,0.0,7994867712.0,1791135561.59,0
1791149823,1,200,0,35749648,7339856,27282536,3.0,0.0,0.10833333333333328,0.0,0.0,7994867712.0,1791135561.59,0
1791149883,1,200,0,35749648,7339856,27282536,4.0,0.0,0.1444444444444445,0.0,0.0,7994867712.0,1791135561.59,0
1791149943,1,200,0,35749644,7339852,27282536,4.0,0.0,0.1444444444444445,0.0,0.0,7994867712.0,1791135561.59,0
1791150003,1,200,0,35749604,7339812,27282536,4.0,0.0,0.1444444444444445,0.0,0.0,7994867712.0,1791135561.59,0
1791150063,1,200,0,35749604,7339812,27282536,2.0,0.0,0.07499999999999996,0.0,0.0,7994867712.0,1791135561.59,0
1791150123,1,200,0,35749604,7339812,27282536,4.0,0.0,0.1444444444444445,0.0,0.0,7994867712.0,1791135561.59,0
1791150183,1,200,0,35749648,7339856,27282536,3.0,0.0,0.11111111111111116,0.0,0.0,7994867712.0,1791135561.59,0
1791150243,1,200,0,35749604,7339812,27282536,4.0,0.0,0.14722222222222225,0.0,0.0,7994867712.0,1791135561.59,0
1791150303,1,200,0,35749604,7339812,27282536,3.0,0.0,0.11111111111111116,0.0,0.0,7994867712.0,1791135561.59,0
1791150363,1,200,0,35749604,7339812,27282536,4.0,0.0,0.1444444444444445,0.0,0.0,7994867712.0,1791135561.59,0
1791150423,1,200,0,35749604,7339812,27282536,0.0,0.0,0.0,0.0,0.0,7994867712.0,1791135561.59,0
1791150483,1,200,0,35749604,7339812,27282536,0.0,0.0,0.0,0.0,0.0,7994867712.0,1791135561.59,0
1791150543,1,200,0,35749604,7339812,27282536,0.0,0.0,0.0,0.0,0.0,7994867712.0,1791135561.59,0
1791150603,1,200,0,35749612,7339820,27282536,0.0,0.0,0.0,0.0,0.0,7994867712.0,1791135561.59,0
1791150664,1,200,0,35749612,7339820,27282536,0.0,0.0,0.0,0.0,0.0,7994867712.0,1791135561.59,0
1791150724,1,200,0,35749612,7339820,27282536,1.0,0.0,0.036111111111111094,0.0,0.0,7994867712.0,1791135561.59,0
1791150784,1,200,0,35749612,7339820,27282536,1.0,0.0,0.036111111111111094,0.0,0.0,7994867712.0,1791135561.59,0
1791150844,1,200,0,35749612,7339820,27282536,1.0,0.0,0.036111111111111094,0.0,0.0,7994867712.0,1791135561.59,0
1791150904,1,200,0,35749652,7339860,27282536,1.0,0.0,0.036111111111111094,0.0,0.0,7994867712.0,1791135561.59,0
1791150964,1,200,0,35749652,7339860,27282536,1.0,0.0,0.036111111111111094,0.0,0.0,7994867712.0,1791135561.59,0
1791151024,1,200,0,35749652,7339860,27282536,1.0,0.0,0.036111111111111094,0.0,0.0,7994867712.0,1791135561.59,0
1791151084,1,200,0,35749652,7339860,27282536,1.0,0.0,0.036111111111111094,0.0,0.0,7994867712.0,1791135561.59,0
1791151144,1,200,0,35749652,7339860,27282536,1.0,0.0,0.036111111111111094,0.0,0.0,7994867712.0,1791135561.59,0
1791151204,1,200,0,35749612,7339820,27282536,1.0,0.0,0.03888888888888886,0.0,0.0,7994867712.0,1791135561.59,0
1791151264,1,200,0,35749652,7339860,27282536,3.0,0.0,0.11388888888888893,0.0,0.0,7994867712.0,1791135561.59,0
1791151324,1,200,0,35749612,7339820,27282536,3.0,0.0,0.11388888888888893,0.0,0.0,7994867712.0,1791135561.59,0
1791151384,1,200,0,35749656,7339864,27282536,2.0,0.0,0.07499999999999996,0.0,0.0,7994867712.0,1791135561.59,0
1791151444,1,200,0,35749612,7339820,27282536,3.0,0.0,0.11388888888888893,0.0,0.0,7994867712.0,1791135561.59,0
1791151504,1,200,0,35749612,7339820,27282536,3.0,0.0,0.10833333333333328,0.0,0.0,7994867712.0,1791135561.59,0
1791151564,1,200,0,35749656,7339864,27282536,2.0,0.0,0.07222222222222219,0.0,0.0,7994867712.0,1791135561.59,0
1791151624,1,200,0,35749612,7339820,27282536,3.0,0.0,0.11111111111111116,0.0,0.0,7994867712.0,1791135561.59,0
1791151684,1,200,0,35749612,7339820,27282536,3.0,0.0,0.10833333333333328,0.0,0.0,7994867712.0,1791135561.59,0
1791151744,1,200,0,35749652,7339860,27282536,3.0,0.0,0.11111111111111116,0.0,0.0,7994867712.0,1791135561.59,0
1791151804,1,200,0,35749656,7339864,27282536,3.0,0.0,0.10833333333333328,0.0,0.0,7994867712.0,1791135561.59,0
1791151864,1,200,0,35749616,7339824,27282536,3.0,0.0,0.20833333333333337,0.0,0.0,7936933888.0,1791135561.59,0
1791151924,1,200,0,35749616,7339824,27282536,2.0,0.0,0.07499999999999996,0.0,0.0,7936933888.0,1791135561.59,0
1791151984,1,200,0,35749616,7339824,27282536,2.0,0.0,0.07222222222222219,0.0,0.0,7936933888.0,1791135561.59,0
1791152044,1,200,0,35749616,7339824,27282536,2.0,0.0,0.07499999999999996,0.0,0.0,7936933888.0,1791135561.59,0
1791152104,1,200,0,35749656,7339864,27282536,2.0,0.0,0.07222222222222219,0.0,0.0,7936933888.0,1791135561.59,0
1791152164,1,200,0,35749616,7339824,27282536,2.0,0.0,0.07222222222222219,0.0,0.0,7936933888.0,1791135561.59,0
1791152224,1,200,0,35749616,7339824,27282536,2.0,0.0,0.07222222222222219,0.0,0.0,7936933888.0,1791135561.59,0
1791152284,1,200,0,35749656,7339864,27282536,2.0,0.0,0.07499999999999996,0.0,0.0,7936933888.0,1791135561.59,0
1791152344,1,200,0,35749656,7339864,27282536,2.0,0.0,0.07222222222222219,0.0,0.0,7936933888.0,1791135561.59,0
1791152404,1,200,0,35749620,7339828,27282536,2.0,0.0,0.07222222222222219,0.0,0.0,7936933888.0,1791135561.59,0
1791152464,1,200,0,35749620,7339828,27282536,2.0,0.0,0.07222222222222219,0.0,0.0,7936933888.0,1791135561.59,0
1791152524,1,200,0,35749660,7339868,27282536,2.0,0.0,0.07222222222222219,0.0,0.0,7936933888.0,1791135561.59,0
1791152584,1,200,0,35749664,7339872,27282536,1.0,0.0,0.036111111111111094,0.0,0.0,7936933888.0,1791135561.59,0
1791152644,1,200,0,35749620,7339828,27282536,2.0,0.0,0.07777777777777772,0.0,0.0,7936933888.0,1791135561.59,0
1791152704,1,200,0,35749620,7339828,27282536,2.0,0.0,0.07499999999999996,0.0,0.0,7936933888.0,1791135561.59,0
1791152764,1,200,0,35749620,7339828,27282536,2.0,0.0,0.07499999999999996,0.0,0.0,7936933888.0,1791135561.59,0
1791152824,1,200,0,35749620,7339828,27282536,1.0,0.0,0.036111111111111094,0.0,0.0,7936933888.0,1791135561.59,0
1791152884,1,200,0,35749660,7339868,27282536,2.0,0.0,0.07222222222222219,0.0,0.0,7936933888.0,1791135561.59,0
1791152944,1,200,0,35757624,7347832,27282536,1.0,0.0,0.18888888888888888,0.0,0.02079002079002079,7763132416.0,1791135561.59,0
1791153004,1,200,0,35757624,7347832,27282536,1.0,0.0,0.33333333333333337,0.0,0.004158004158004158,7994867712.0,1791135561.59,0
1791153065,1,200,0,35757580,7347788,27282536,1.0,0.0,0.44999999999999996,0.0,0.004158004158004158,7994867712.0,1791135561.59,0
1791153125,1,200,0,35757624,7347832,27282536,1.0,0.0,0.5555555555555556,0.0,0.006237006237006237,7965900800.0,1791135561.59,0
1791153185,1,200,0,35757624,7347832,27282536,1.0,0.0,0.6444444444444444,0.0,0.004158004158004158,7994867712.0,1791135561.59,0
1791153245,1,200,0,35757584,7347792,27282536,7.0,0.0,0.27222222222222225,0.0,0.0,7994867712.0,1791135561.59,0
1791153305,1,200,0,35757584,7347792,27282536,1.0,0.0,0.04166666666666663,0.0,0.0,7994867712.0,1791135561.59,0
1791153365,1,200,0,35757624,7347832,27282536,1.0,0.0,0.07222222222222219,0.0,0.0,7994867712.0,1791135561.59,0
1791153425,1,200,0,35757584,7347792,27282536,3.0,0.0,0.1166666666666667,0.0,0.0,7994867712.0,1791135561.59,0
1791153485,1,200,0,35757628,7347836,27282536,10.0,0.0,0.38888888888888884,0.0,0.0,7907966976.0,1791135561.59,0
1791153545,1,200,0,35757628,7347836,27282536,6.0,0.0,0.25,0.0,0.0,7994867712.0,1791135561.59,0
1791153605,1,200,0,35757584,7347792,27282536,6.0,0.0,0.29166666666666663,0.0,0.0,7994867712.0,1791135561.59,0
1791153665,1,200,0,35757588,7347796,27282536,12.0,0.0,0.4555555555555556,0.0,0.004158004158004158,7965900800.0,1791135561.59,0
1791153725,1,200,0,35757632,7347840,27282536,11.0,0.0,0.42500000000000004,0.0,0.0,7994867712.0,1791135561.59,0
1791153785,1,200,0,35757588,7347796,27282536,3.0,0.0,0.14166666666666672,0.0,0.0,7994867712.0,1791135561.59,0
1791153845,1,200,0,35757588,7347796,27282536,2.0,0.0,0.12222222222222223,0.0,0.0,7994867712.0,1791135561.59,0
1791153905,1,200,0,35757588,7347796,27282536,1.0,0.0,0.04166666666666663,0.0,0.0,7994867712.0,1791135561.59,0
1791153965,1,200,0,35757588,7347796,27282536,0.0,0.0,0.0,0.0,0.0,7994867712.0,1791135561.59,0
1791154025,1,200,0,35757588,7347796,27282536,0.0,0.0,0.0,0.0,0.0,7994867712.0,1791135561.59,0
1791154085,1,200,0,35757588,7347796,27282536,0.0,0.0,0.0,0.0,0.0,7994867712.0,1791135561.59,0
1791154145,1,200,0,35757648,7347856,27282536,6.0,0.0,0.31666666666666665,0.0,0.002079002079002079,7994867712.0,1791135561.59,0
1791154205,1,200,0,35757648,7347856,27282536,5.0,0.0,0.42500000000000004,0.0,0.002079002079002079,7994867712.0,1791135561.59,0
1791154265,1,200,0,35757604,7347812,27282536,5.0,0.0,0.5777777777777777,0.0,0.002079002079002079,7965900800.0,1791135561.59,0
1791154325,1,200,0,35757648,7347856,27282536,6.0,0.0,0.4527777777777777,0.0,0.0,7994867712.0,1791135561.59,0
1791154385,1,200,0,35757648,7347856,27282536,6.0,0.0,0.5416666666666667,0.0,0.0,7936933888.0,1791135561.59,0
1791154445,1,200,0,35757604,7347812,27282536,6.0,0.0,0.46944444444444444,0.0,0.0,7994867712.0,1791135561.59,0
1791154505,1,200,0,35757604,7347812,27282536,6.0,0.0,0.35,0.0,0.0,7994867712.0,1791135561.59,0
1791154565,1,200,0,35757648,7347856,27282536,5.0,0.0,0.37222222222222223,0.0,0.0,7994867712.0,1791135561.59,0
1791154625,1,200,0,35757648,7347856,27282536,6.0,0.0,0.4222222222222223,0.0,0.002079002079002079,7994867712.0,1791135561.59,0
1791154685,1,200,0,35757648,7347856,27282536,5.0,0.0,0.5333333333333333,0.0,0.0,7994867712.0,1791135561.59,0
1791154745,1,200,0,35757604,7347812,27282536,6.0,0.0,0.5166666666666666,0.0,0.004158004158004158,7936933888.0,1791135561.59,0
1791154805,1,200,0,35757608,7347816,27282536,6.0,0.0,0.4916666666666667,0.0,0.0,7994867712.0,1791135561.59,0
1791154865,1,200,0,35757652,7347860,27282536,6.0,0.0,0.4305555555555556,0.0,0.0,7994867712.0,1791135561.59,0
1791154925,1,200,0,35757652,7347860,27282536,5.0,0.0,0.3472222222222222,0.0,0.0,7936933888.0,1791135561.59,0
1791154985,1,200,0,35758072,7348280,27282536,6.0,0.0,0.38611111111111107,0.0,0.002079002079002079,7994867712.0,1791135561.59,0
1791155045,1,200,0,35758028,7348236,27282536,6.0,0.0,0.5361111111111111,0.0,0.0,7994867712.0,1791135561.59,0
1791155105,1,200,0,35758032,7348240,27282536,6.0,0.0,0.5055555555555555,0.0,0.002079002079002079,7994867712.0,1791135561.59,0
1791155165,1,200,0,35758032,7348240,27282536,5.0,0.0,0.37777777777777777,0.0,0.002079002079002079,7965900800.0,1791135561.59,0
1791155225,1,200,0,35758076,7348284,27282536,3.0,0.0,0.10833333333333328,0.0,0.0,7994867712.0,1791135561.59,0
1791155285,1,200,0,35758032,7348240,27282536,3.0,0.0,0.10833333333333328,0.0,0.0,7994867712.0,1791135561.59,0
1791155345,1,200,0,35758032,7348240,27282536,6.0,0.0,0.21666666666666667,0.0,0.0,7994867712.0,1791135561.59,0
1791155406,1,200,0,35758032,7348240,27282536,5.0,0.0,0.18055555555555558,0.0,0.0,7994867712.0,1791135561.59,0
1791155466,1,200,0,35758076,7348284,27282536,3.0,0.0,0.10833333333333328,0.0,0.0,7994867712.0,1791135561.59,0
1791155526,1,200,0,35758076,7348284,27282536,3.0,0.0,0.10833333333333328,0.0,0.0,7994867712.0,1791135561.59,0
1791155586,1,200,0,35758076,7348284,27282536,3.0,0.0,0.10833333333333328,0.0,0.0,7994867712.0,1791135561.59,0
1791155646,1,200,0,35758076,7348284,27282536,4.0,0.0,0.1444444444444445,0.0,0.0,7994867712.0,1791135561.59,0
1791155706,1,200,0,35758072,7348280,27282536,5.0,0.0,0.18055555555555558,0.0,0.0,7994867712.0,1791135561.59,0
1791155766,1,200,0,35758032,7348240,27282536,3.0,0.0,0.10833333333333328,0.0,0.0,7994867712.0,1791135561.59,0
1791155826,1,200,0,35758076,7348284,27282536,4.0,0.0,0.1444444444444445,0.0,0.0,7994867712.0,1791135561.59,0
1791155886,1,200,0,35758072,7348280,27282536,4.0,0.0,0.1444444444444445,0.0,0.0,7994867712.0,1791135561.59,0
1791155946,1,200,0,35758032,7348240,27282536,5.0,0.0,0.18055555555555558,0.0,0.0,7994867712.0,1791135561.59,0
1791156006,1,200,0,35758032,7348240,27282536,4.0,0.0,0.1444444444444445,0.0,0.0,7994867712.0,1791135561.59,0
1791156066,1,200,0,35758032,7348240,27282536,2.0,0.0,0.07222222222222219,0.0,0.0,7994867712.0,1791135561.59,0
1791156126,1,200,0,35758032,7348240,27282536,5.0,0.0,0.18055555555555558,0.0,0.0,7994867712.0,1791135561.59,0
1791156186,1,200,0,35758076,7348284,27282536,4.0,0.0,0.1444444444444445,0.0,0.0,7994867712.0,1791135561.59,0
1791156246,1,200,0,35758076,7348284,27282536,4.0,0.0,0.1444444444444445,0.0,0.0,7994867712.0,1791135561.59,0
1791156306,1,200,0,35758076,7348284,27282536,3.0,0.0,0.10833333333333328,0.0,0.0,7994867712.0,1791135561.59,0
1791156366,1,200,0,35758076,7348284,27282536,8.0,0.0,0.3388888888888889,0.0,0.0,7994867712.0,1791135561.59,0
1791156426,1,200,0,35758032,7348240,27282536,8.0,0.0,0.37222222222222223,0.0,0.0,7994867712.0,1791135561.59,0
1791156486,1,200,0,35758076,7348284,27282536,8.0,0.0,0.3555555555555555,0.0,0.0,7994867712.0,1791135561.59,0
1791156546,1,200,0,35758032,7348240,27282536,7.0,0.0,0.3055555555555556,0.0,0.0,7994867712.0,1791135561.59,0
1791156606,1,200,0,35758032,7348240,27282536,8.0,0.0,0.36388888888888893,0.0,0.0,7994867712.0,1791135561.59,0
1791156666,1,200,0,35758032,7348240,27282536,8.0,0.0,0.3194444444444444,0.0,0.0,7994867712.0,1791135561.59,0
1791156726,1,200,0,35758032,7348240,27282536,6.0,0.0,0.2666666666666667,0.0,0.0,7994867712.0,1791135561.59,0
1791156786,1,200,0,35758076,7348284,27282536,8.0,0.0,0.3305555555555556,0.0,0.002079002079002079,7994867712.0,1791135561.59,0
1791156846,1,200,0,35758076,7348284,27282536,7.0,0.0,0.3305555555555556,0.0,0.0,7994867712.0,1791135561.59,0
1791156906,1,200,0,35758076,7348284,27282536,9.0,0.0,0.3583333333333333,0.0,0.0,7994867712.0,1791135561.59,0
1791156966,1,200,0,35758032,7348240,27282536,8.0,0.0,0.33333333333333337,0.0,0.0,7994867712.0,1791135561.59,0
1791157026,1,200,0,35758076,7348284,27282536,7.0,0.0,0.3027777777777778,0.0,0.0,7994867712.0,1791135561.59,0
1791157086,1,200,0,35758032,7348240,27282536,1.0,0.0,0.036111111111111094,0.0,0.0,7936933888.0,1791135561.59,0
1791157146,1,200,0,35758032,7348240,27282536,0.0,0.0,0.0,0.0,0.0,7936933888.0,1791135561.59,0
1791157206,1,200,0,35758036,7348244,27282536,0.0,0.0,0.0,0.0,0.0,7936933888.0,1791135561.59,0
1791157266,1,200,0,35758036,7348244,27282536,0.0,0.0,0.0,0.0,0.0,7936933888.0,1791135561.59,0
1791157326,1,200,0,35758036,7348244,27282536,12.0,0.0,0.5111111111111111,0.0,0.002079002079002079,7879000064.0,1791135561.59,0
1791157386,1,200,0,35758036,7348244,27282536,12.0,0.0,0.5888888888888889,0.0,0.0,7994867712.0,1791135561.59,0
1791157446,1,200,0,35758080,7348288,27282536,11.0,0.0,0.5916666666666667,0.0,0.002079002079002079,7965900800.0,1791135561.59,0
1791157506,1,200,0,35758080,7348288,27282536,12.0,0.0,0.6138888888888889,0.0,0.002079002079002079,7994867712.0,1791135561.59,0
1791157566,1,200,0,35758080,7348288,27282536,10.0,0.0,0.4222222222222223,0.0,0.0,7965900800.0,1791135561.59,0
1791157626,1,200,0,35758080,7348288,27282536,10.0,0.0,0.46944444444444444,0.0,0.0,7907966976.0,1791135561.59,0
1791157686,1,200,0,35758080,7348288,27282536,12.0,0.0,0.5444444444444445,0.0,0.0,7965900800.0,1791135561.59,0
1791157747,1,200,0,35758080,7348288,27282536,12.0,0.0,0.6527777777777778,0.0,0.0,7994867712.0,1791135561.59,0
1791157807,1,200,0,35758080,7348288,27282536,12.0,0.0,0.5416666666666667,0.0,0.0,7994867712.0,1791135561.59,0
1791157867,1,200,0,35758036,7348244,27282536,12.0,0.0,0.6916666666666667,0.0,0.0,7994867712.0,1791135561.59,0
1791157927,1,200,0,35758036,7348244,27282536,13.0,0.0,0.7861111111111111,0.0,0.002079002079002079,7994867712.0,1791135561.59,0
1791157987,1,200,0,35758076,7348284,27282536,12.0,0.0,0.8555555555555556,0.0,0.0,7907966976.0,1791135561.59,0
1791158047,1,200,0,35758088,7348296,27282536,12.0,0.0,0.6027777777777779,0.0,0.002079002079002079,7994867712.0,1791135561.59,0
1791158107,1,200,0,35758088,7348296,27282536,12.0,0.0,0.7333333333333334,0.0,0.0,7965900800.0,1791135561.59,0
1791158167,1,200,0,35758088,7348296,27282536,12.0,0.0,0.6611111111111111,0.0,0.002079002079002079,7965900800.0,1791135561.59,0
1791158227,1,200,0,35758092,7348300,27282536,12.0,0.0,0.7638888888888888,0.0,0.0,7994867712.0,1791135561.59,0
1791158287,1,200,0,35758092,7348300,27282536,8.0,0.0,0.625,0.0,0.0,7994867712.0,1791135561.59,0
1791158347,1,200,0,35758088,7348296,27282536,3.0,0.0,0.3472222222222222,0.0,0.0,7994867712.0,1791135561.59,0
1791158407,1,200,0,35758092,7348300,27282536,1.0,0.0,0.06388888888888888,0.0,0.0,7994867712.0,1791135561.59,0
1791158467,1,200,0,35758052,7348260,27282536,2.0,0.0,0.09999999999999998,0.0,0.0,7994867712.0,1791135561.59,0
1791158527,1,200,0,35758096,7348304,27282536,4.0,0.0,0.1611111111111111,0.0,0.0,7994867712.0,1791135561.59,0
1791158587,1,200,0,35758096,7348304,27282536,3.0,0.0,0.16388888888888886,0.0,0.0,7994867712.0,1791135561.59,0
1791158647,1,200,0,35758096,7348304,27282536,8.0,0.0,0.3277777777777777,0.0,0.0,7994867712.0,1791135561.59,0
1791158707,1,200,0,35758096,7348304,27282536,12.0,0.0,0.5277777777777778,0.0,0.0,7994867712.0,1791135561.59,0
1791158767,1,200,0,35758096,7348304,27282536,12.0,0.0,0.5611111111111111,0.0,0.002079002079002079,7994867712.0,1791135561.59,0
1791158827,1,200,0,35758092,7348300,27282536,13.0,0.0,0.5888888888888889,0.0,0.0,7994867712.0,1791135561.59,0
1791158887,1,200,0,35758096,7348304,27282536,12.0,0.0,0.5138888888888888,0.0,0.0,7994867712.0,1791135561.59,0
1791158947,1,200,0,35758096,7348304,27282536,13.0,0.0,0.5805555555555555,0.0,0.0,7994867712.0,1791135561.59,0
1791159007,1,200,0,35758056,7348264,27282536,8.0,0.0,0.3138888888888889,0.0,0.0,7994867712.0,1791135561.59,0
1791159067,1,200,0,35758056,7348264,27282536,4.0,0.0,0.17500000000000004,0.0,0.0,7994867712.0,1791135561.59,0
1791159127,1,200,0,35758100,7348308,27282536,2.0,0.0,0.10277777777777775,0.0,0.0,7994867712.0,1791135561.59,0
1791159187,1,200,0,35758056,7348264,27282536,1.0,0.0,0.036111111111111094,0.0,0.0,7994867712.0,1791135561.59,0
1791159247,1,200,0,35758100,7348308,27282536,0.0,0.0,0.0,0.0,0.0,7994867712.0,1791135561.59,0
1791159307,1,200,0,35758056,7348264,27282536,1.0,0.0,0.036111111111111094,0.0,0.0,7994867712.0,1791135561.59,0
1791159367,1,200,0,35758056,7348264,27282536,1.0,0.0,0.036111111111111094,0.0,0.0,7994867712.0,1791135561.59,0
1791159427,1,200,0,35758056,7348264,27282536,1.0,0.0,0.03888888888888886,0.0,0.0,7994867712.0,1791135561.59,0
1791159487,1,200,0,35758056,7348264,27282536,1.0,0.0,0.036111111111111094,0.0,0.0,7994867712.0,1791135561.59,0
1791159547,1,200,0,35758056,7348264,27282536,1.0,0.0,0.036111111111111094,0.0,0.0,7994867712.0,1791135561.59,0
1791159607,1,200,0,35758056,7348264,27282536,3.0,0.0,0.10833333333333328,0.0,0.0,7994867712.0,1791135561.59,0
1791159667,1,200,0,35758056,7348264,27282536,3.0,0.0,0.10833333333333328,0.0,0.0,7994867712.0,1791135561.59,0
1791159727,1,200,0,35758056,7348264,27282536,2.0,0.0,0.07499999999999996,0.0,0.0,7994867712.0,1791135561.59,0
1791159787,1,200,0,35758100,7348308,27282536,2.0,0.0,0.07499999999999996,0.0,0.0,7994867712.0,1791135561.59,0
1791159847,1,200,0,35758056,7348264,27282536,3.0,0.0,0.10833333333333328,0.0,0.0,7994867712.0,1791135561.59,0
1791159907,1,200,0,35758056,7348264,27282536,3.0,0.0,0.10833333333333328,0.0,0.0,7994867712.0,1791135561.59,0
1791159967,1,200,0,35758100,7348308,27282536,4.0,0.0,0.1444444444444445,0.0,0.0,7994867712.0,1791135561.59,0
1791160027,1,200,0,35758056,7348264,27282536,4.0,0.0,0.14722222222222225,0.0,0.0,7994867712.0,1791135561.59,0
1791160087,1,200,0,35758056,7348264,27282536,4.0,0.0,0.15000000000000002,0.0,0.0,7994867712.0,1791135561.59,0
1791160147,1,200,0,35758056,7348264,27282536,4.0,0.0,0.14722222222222225,0.0,0.0,7994867712.0,1791135561.59,0
1791160208,1,200,0,35758056,7348264,27282536,4.0,0.0,0.14722222222222225,0.0,0.0,7994867712.0,1791135561.59,0
1791160268,1,200,0,35758100,7348308,27282536,4.0,0.0,0.1444444444444445,0.0,0.0,7994867712.0,1791135561.59,0
1791160328,1,200,0,35758100,7348308,27282536,4.0,0.0,0.1444444444444445,0.0,0.0,7994867712.0,1791135561.59,0
1791160388,1,200,0,35758096,7348304,27282536,4.0,0.0,0.14722222222222225,0.0,0.0,7994867712.0,1791135561.59,0
1791160448,1,200,0,35758056,7348264,27282536,4.0,0.0,0.1444444444444445,0.0,0.0,7994867712.0,1791135561.59,0
1791160508,1,200,0,35758108,7348316,27282536,3.0,0.0,0.11111111111111116,0.0,0.0,7994867712.0,1791135561.59,0
1791160568,1,200,0,35758064,7348272,27282536,3.0,0.0,0.11111111111111116,0.0,0.0,7994867712.0,1791135561.59,0
1791160628,1,200,0,35758064,7348272,27282536,1.0,0.0,0.036111111111111094,0.0,0.0,7994867712.0,1791135561.59,0
1791160688,1,200,0,35758108,7348316,27282536,8.0,0.0,0.35277777777777775,0.0,0.0,7994867712.0,1791135561.59,0
1791160748,1,200,0,35758064,7348272,27282536,8.0,0.0,0.3305555555555556,0.0,0.0,7994867712.0,1791135561.59,0
1791160808,1,200,0,35758108,7348316,27282536,8.0,0.0,0.375,0.0,0.0,7994867712.0,1791135561.59,0
1791160868,1,200,0,35758108,7348316,27282536,8.0,0.0,0.3416666666666667,0.0,0.0,7994867712.0,1791135561.59,0
1791160928,1,200,0,35758064,7348272,27282536,8.0,0.0,0.38888888888888884,0.0,0.0,7994867712.0,1791135561.59,0
1791160988,1,200,0,35758108,7348316,27282536,8.0,0.0,0.32499999999999996,0.0,0.0,7994867712.0,1791135561.59,0
1791161048,1,200,0,35758064,7348272,27282536,8.0,0.0,0.3305555555555556,0.0,0.0,7994867712.0,1791135561.59,0
1791161108,1,200,0,35758064,7348272,27282536,8.0,0.0,0.3138888888888889,0.0,0.0,7994867712.0,1791135561.59,0
1791161168,1,200,0,35758108,7348316,27282536,8.0,0.0,0.3222222222222222,0.0,0.0,7965900800.0,1791135561.59,0
1791161228,1,200,0,35758108,7348316,27282536,7.0,0.0,0.2861111111111111,0.0,0.0,7994867712.0,1791135561.59,0
1791161288,1,200,0,35758108,7348316,27282536,7.0,0.0,0.36111111111111116,0.0,0.0,7994867712.0,1791135561.59,0
1791161348,1,200,0,35758064,7348272,27282536,8.0,0.0,0.37222222222222223,0.0,0.0,7965900800.0,1791135561.59,0
1791161408,1,200,0,35758064,7348272,27282536,7.0,0.0,0.28888888888888886,0.0,0.0,7994867712.0,1791135561.59,0
1791161468,1,200,0,35758064,7348272,27282536,3.0,0.0,0.16388888888888886,0.0,0.0,7994867712.0,1791135561.59,0
1791161528,1,200,0,35758064,7348272,27282536,0.0,0.0,0.0,0.0,0.0,7994867712.0,1791135561.59,0
1791161588,1,200,0,35758064,7348272,27282536,0.0,0.0,0.0,0.0,0.0,7994867712.0,1791135561.59,0
1791161648,1,200,0,35758064,7348272,27282536,1.0,0.0,0.036111111111111094,0.0,0.0,7994867712.0,1791135561.59,0
1791161708,1,200,0,35758064,7348272,27282536,1.0,0.0,0.07499999999999996,0.0,0.0,7965900800.0,1791135561.59,0
1791161768,1,200,0,35758064,7348272,27282536,2.0,0.0,0.07222222222222219,0.0,0.0,7994867712.0,1791135561.59,0
1791161828,1,200,0,35758108,7348316,27282536,4.0,0.0,0.16388888888888886,0.0,0.0,7965900800.0,1791135561.59,0
1791161888,1,200,0,35758108,7348316,27282536,3.0,0.0,0.14722222222222225,0.0,0.0,7994867712.0,1791135561.59,0
1791161948,1,200,0,35758064,7348272,27282536,8.0,0.0,0.3027777777777778,0.0,0.0,7994867712.0,1791135561.59,0
1791162008,1,200,0,35758064,7348272,27282536,12.0,0.0,0.5111111111111111,0.0,0.002079002079002079,7994867712.0,1791135561.59,0
1791162068,1,200,0,35758064,7348272,27282536,11.0,0.0,0.47777777777777775,0.0,0.0,7994867712.0,1791135561.59,0
1791162128,1,200,0,35758108,7348316,27282536,12.0,0.0,0.5555555555555556,0.0,0.0,7994867712.0,1791135561.59,0
1791162188,1,200,0,35758064,7348272,27282536,12.0,0.0,0.5194444444444444,0.0,0.0,7994867712.0,1791135561.59,0
1791162248,1,200,0,35758108,7348316,27282536,12.0,0.0,0.5277777777777778,0.0,0.0,7907966976.0,1791135561.59,0
1791162308,1,200,0,35758108,7348316,27282536,12.0,0.0,0.525,0.0,0.0,7936933888.0,1791135561.59,0
1791162368,1,200,0,35758064,7348272,27282536,9.0,0.0,0.35,0.0,0.0,7936933888.0,1791135561.59,0
1791162428,1,200,0,35758064,7348272,27282536,4.0,0.0,0.20833333333333337,0.0,0.0,7994867712.0,1791135561.59,0
1791162488,1,200,0,35758064,7348272,27282536,3.0,0.0,0.13888888888888884,0.0,0.0,7994867712.0,1791135561.59,0
1791162548,1,200,0,35758104,7348312,27282536,2.0,0.0,0.07222222222222219,0.0,0.0,7994867712.0,1791135561.59,0
1791162608,1,200,0,35758108,7348316,27282536,1.0,0.0,0.04166666666666663,0.0,0.004158004158004158,7994867712.0,1791135561.59,0
1791162669,1,200,0,35758108,7348316,27282536,5.0,0.0,0.18055555555555558,0.0,0.0,7994867712.0,1791135561.59,0
1791162729,1,200,0,35758064,7348272,27282536,3.0,0.0,0.10833333333333328,0.0,0.0,7994867712.0,1791135561.59,0
1791162789,1,200,0,35758064,7348272,27282536,3.0,0.0,0.10833333333333328,0.0,0.0,7994867712.0,1791135561.59,0
1791162849,1,200,0,35758104,7348312,27282536,4.0,0.0,0.1444444444444445,0.0,0.0,7994867712.0,1791135561.59,0
1791162909,1,200,0,35758104,7348312,27282536,3.0,0.0,0.10833333333333328,0.0,0.0,7994867712.0,1791135561.59,0
1791162969,1,200,0,35758108,7348316,27282536,5.0,0.0,0.18055555555555558,0.0,0.0,7994867712.0,1791135561.59,0
1791163029,1,200,0,35758064,7348272,27282536,3.0,0.0,0.10833333333333328,0.0,0.0,7994867712.0,1791135561.59,0
1791163089,1,200,0,35758064,7348272,27282536,4.0,0.0,0.1444444444444445,0.0,0.0,7994867712.0,1791135561.59,0
1791163149,1,200,0,35758064,7348272,27282536,3.0,0.0,0.10833333333333328,0.0,0.0,7994867712.0,1791135561.59,0
1791163209,1,200,0,35758108,7348316,27282536,4.0,0.0,0.1444444444444445,0.0,0.0,7994867712.0,1791135561.59,0
1791163269,1,200,0,35758064,7348272,27282536,3.0,0.0,0.10833333333333328,0.0,0.0,7994867712.0,1791135561.59,0
1791163329,1,200,0,35758064,7348272,27282536,4.0,0.0,0.1444444444444445,0.0,0.0,7994867712.0,1791135561.59,0
1791163389,1,200,0,35758064,7348272,27282536,4.0,0.0,0.1444444444444445,0.0,0.0,7994867712.0,1791135561.59,0
1791163449,1,200,0,35758108,7348316,27282536,5.0,0.0,0.18055555555555558,0.0,0.0,7994867712.0,1791135561.59,0
1791163509,1,200,0,35758064,7348272,27282536,4.0,0.0,0.1444444444444445,0.0,0.0,7994867712.0,1791135561.59,0
1791163569,1,200,0,35758108,7348316,27282536,6.0,0.0,0.21666666666666667,0.0,0.0,7994867712.0,1791135561.59,0
1791163629,1,200,0,35760376,7350584,27282536,0.0,0.0,0.0,0.0,0.0,7994867712.0,1791135561.59,0
1791163689,1,200,0,35760420,7350628,27282536,1.0,0.0,0.23333333333333328,0.0,0.004158004158004158,7907966976.0,1791135561.59,0
1791163749,1,200,0,35760376,7350584,27282536,1.0,0.0,0.3666666666666667,0.0,0.029106029106029108,7647264768.0,1791135561.59,0
1791163809,1,200,0,35760420,7350628,27282536,1.0,0.0,0.4833333333333333,0.0,0.004158004158004158,7994867712.0,1791135561.59,0
1791163869,1,200,0,35760376,7350584,27282536,1.0,0.0,0.5777777777777777,0.0,0.018711018711018712,7792099328.0,1791135561.59,0
1791163929,1,200,0,35760376,7350584,27282536,1.0,0.0,0.6666666666666667,0.0,0.004158004158004158,7994867712.0,1791135561.59,0
1791163989,1,200,0,35760420,7350628,27282536,3.0,0.0,0.19166666666666665,0.0,0.0,7965900800.0,1791135561.59,0
1791164049,1,200,0,35760420,7350628,27282536,3.0,0.0,0.30833333333333335,0.0,0.0,7994867712.0,1791135561.59,0
1791164109,1,200,0,35760420,7350628,27282536,3.0,0.0,0.4111111111111111,0.0,0.0,7994867712.0,1791135561.59,0
1791164169,1,200,0,35760376,7350584,27282536,2.0,0.0,0.07222222222222219,0.0,0.0,7994867712.0,1791135561.59,0
1791164229,1,200,0,35760376,7350584,27282536,2.0,0.0,0.07222222222222219,0.0,0.0,7994867712.0,1791135561.59,0
1791164289,1,200,0,35760376,7350584,27282536,2.0,0.0,0.07222222222222219,0.0,0.0,7994867712.0,1791135561.59,0
1791164349,1,200,0,35760416,7350624,27282536,2.0,0.0,0.07222222222222219,0.0,0.0,7994867712.0,1791135561.59,0
1791164409,1,200,0,35760376,7350584,27282536,2.0,0.0,0.07222222222222219,0.0,0.0,7994867712.0,1791135561.59,0
1791164469,1,200,0,35760376,7350584,27282536,2.0,0.0,0.07222222222222219,0.0,0.0,7994867712.0,1791135561.59,0
1791164529,1,200,0,35760376,7350584,27282536,2.0,0.0,0.07499999999999996,0.0,0.0,7994867712.0,1791135561.59,0
1791164589,1,200,0,35760420,7350628,27282536,1.0,0.0,0.18888888888888888,0.0,0.004158004158004158,7907966976.0,1791135561.59,0
1791164649,1,200,0,35760420,7350628,27282536,1.0,0.0,0.33333333333333337,0.0,0.004158004158004158,7994867712.0,1791135561.59,0
1791164709,1,200,0,35760376,7350584,27282536,1.0,0.0,0.44999999999999996,0.0,0.02286902286902287,7734165504.0,1791135561.59,0
1791164769,1,200,0,35760420,7350628,27282536,1.0,0.0,0.5555555555555556,0.0,0.004158004158004158,7994867712.0,1791135561.59,0
1791164829,1,200,0,35760376,7350584,27282536,1.0,0.0,0.6444444444444444,0.0,0.004158004158004158,7994867712.0,1791135561.59,0
1791164889,1,200,0,35760376,7350584,27282536,0.0,0.0,0.0,0.0,0.0,7994867712.0,1791135561.59,0
1791164949,1,200,0,35760376,7350584,27282536,0.0,0.0,0.0,0.0,0.0,7994867712.0,1791135561.59,0
1791165010,1,200,0,35760376,7350584,27282536,0.0,0.0,0.0,0.0,0.0,7994867712.0,1791135561.59,0
1791165070,1,200,0,35760376,7350584,27282536,0.0,0.0,0.0,0.0,0.0,7994867712.0,1791135561.59,0
1791165130,1,200,0,35760420,7350628,27282536,12.0,0.0,0.4805555555555555,0.0,0.0,7994867712.0,1791135561.59,0
1791165190,1,200,0,35760376,7350584,27282536,11.0,0.0,0.5416666666666667,0.0,0.0,7994867712.0,1791135561.59,0
1791165250,1,200,0,35760376,7350584,27282536,12.0,0.0,0.6722222222222223,0.0,0.0,7994867712.0,1791135561.59,0
1791165310,1,200,0,35760376,7350584,27282536,11.0,0.0,0.6444444444444444,0.0,0.0,7994867712.0,1791135561.59,0
1791165370,1,200,0,35760416,7350624,27282536,12.0,0.0,0.8027777777777778,0.0,0.008316008316008316,7994867712.0,1791135561.59,0
1791165430,1,200,0,35760420,7350628,27282536,12.0,0.0,0.7027777777777777,0.0,0.002079002079002079,7994867712.0,1791135561.59,0
1791165490,1,200,0,35760376,7350584,27282536,12.0,0.0,0.7166666666666667,0.0,0.0,7994867712.0,1791135561.59,0
1791165550,1,200,0,35760420,7350628,27282536,12.0,0.0,0.7083333333333333,0.0,0.0,7994867712.0,1791135561.59,0
1791165610,1,200,0,35760420,7350628,27282536,11.0,0.0,0.6222222222222222,0.0,0.0,7994867712.0,1791135561.59,0
1791165670,1,200,0,35760420,7350628,27282536,12.0,0.0,0.6861111111111111,0.0,0.0,7994867712.0,1791135561.59,0
1791165730,1,200,0,35760420,7350628,27282536,12.0,0.0,0.7083333333333333,0.0,0.0,7994867712.0,1791135561.59,0
1791165790,1,200,0,35760420,7350628,27282536,12.0,0.0,0.7111111111111111,0.0,0.002079002079002079,7994867712.0,1791135561.59,0
1791165850,1,200,0,35760420,7350628,27282536,12.0,0.0,0.7138888888888889,0.0,0.0,7994867712.0,1791135561.59,0
1791165910,1,200,0,35760376,7350584,27282536,10.0,0.0,0.725,0.0,0.02286902286902287,7618297856.0,1791135561.59,0
1791165970,1,200,0,35760376,7350584,27282536,11.0,0.0,0.7388888888888889,0.0,0.002079002079002079,7965900800.0,1791135561.59,0
1791166030,1,200,0,35760376,7350584,27282536,12.0,0.0,0.5138888888888888,0.0,0.002079002079002079,7965900800.0,1791135561.59,0
1791166090,1,200,0,35760420,7350628,27282536,11.0,0.0,0.5361111111111111,0.0,0.0,7994867712.0,1791135561.59,0
1791166150,1,200,0,35760376,7350584,27282536,11.0,0.0,0.5305555555555556,0.0,0.002079002079002079,7907966976.0,1791135561.59,0
1791166210,1,200,0,35760420,7350628,27282536,7.0,0.0,0.5111111111111111,0.0,0.004158004158004158,7936933888.0,1791135561.59,0
1791166270,1,200,0,35760376,7350584,27282536,2.0,0.0,0.21944444444444444,0.0,0.0,7994867712.0,1791135561.59,0
1791166330,1,200,0,35760420,7350628,27282536,8.0,0.0,0.3194444444444444,0.0,0.0,7994867712.0,1791135561.59,0
1791166390,1,200,0,35760416,7350624,27282536,8.0,0.0,0.3194444444444444,0.0,0.0,7994867712.0,1791135561.59,0
1791166450,1,200,0,35760420,7350628,27282536,8.0,0.0,0.31666666666666665,0.0,0.0,7994867712.0,1791135561.59,0
1791166510,1,200,0,35760376,7350584,27282536,8.0,0.0,0.3222222222222222,0.0,0.0,7994867712.0,1791135561.59,0
1791166570,1,200,0,35760376,7350584,27282536,8.0,0.0,0.3305555555555556,0.0,0.0,7994867712.0,1791135561.59,0
1791166630,1,200,0,35760420,7350628,27282536,8.0,0.0,0.32499999999999996,0.0,0.0,7994867712.0,1791135561.59,0
1791166690,1,200,0,35760420,7350628,27282536,8.0,0.0,0.33611111111111114,0.0,0.0,7994867712.0,1791135561.59,0
1791166750,1,200,0,35760376,7350584,27282536,8.0,0.0,0.31666666666666665,0.0,0.0,7994867712.0,1791135561.59,0
1791166810,1,200,0,35760420,7350628,27282536,8.0,0.0,0.3194444444444444,0.0,0.0,7994867712.0,1791135561.59,0
1791166870,1,200,0,35760420,7350628,27282536,8.0,0.0,0.3194444444444444,0.0,0.0,7994867712.0,1791135561.59,0
1791166930,1,200,0,35760376,7350584,27282536,8.0,0.0,0.31666666666666665,0.0,0.0,7994867712.0,1791135561.59,0
1791166990,1,200,0,35760376,7350584,27282536,8.0,0.0,0.3194444444444444,0.0,0.0,7994867712.0,1791135561.59,0
1791167050,1,200,0,35760420,7350628,27282536,8.0,0.0,0.32499999999999996,0.0,0.0,7994867712.0,1791135561.59,0
1791167110,1,200,0,35760420,7350628,27282536,8.0,0.0,0.31666666666666665,0.0,0.0,7994867712.0,1791135561.59,0
1791167170,1,200,0,35760420,7350628,27282536,8.0,0.0,0.3138888888888889,0.0,0.0,7994867712.0,1791135561.59,0
1791167230,1,200,0,35760416,7350624,27282536,8.0,0.0,0.3194444444444444,0.0,0.0,7994867712.0,1791135561.59,0
1791167291,1,200,0,35760420,7350628,27282536,6.0,0.0,0.42500000000000004,0.0,0.002079002079002079,7994867712.0,1791135561.59,0
1791167351,1,200,0,35760420,7350628,27282536,5.0,0.0,0.5416666666666667,0.0,0.016632016632016633,7792099328.0,1791135561.59,0
1791167411,1,200,0,35760424,7350632,27282536,6.0,0.0,0.33333333333333337,0.0,0.0,7994867712.0,1791135561.59,0
1791167471,1,200,0,35760424,7350632,27282536,6.0,0.0,0.2972222222222223,0.0,0.004158004158004158,7994867712.0,1791135561.59,0
1791167531,1,200,0,35760380,7350588,27282536,6.0,0.0,0.4027777777777778,0.0,0.0,7994867712.0,1791135561.59,0
1791167591,1,200,0,35760380,7350588,27282536,6.0,0.0,0.3555555555555555,0.0,0.0,7994867712.0,1791135561.59,0
1791167651,1,200,0,35760380,7350588,27282536,6.0,0.0,0.4805555555555555,0.0,0.0,7994867712.0,1791135561.59,0
1791167711,1,200,0,35760424,7350632,27282536,5.0,0.0,0.4361111111111111,0.0,0.002079002079002079,7994867712.0,1791135561.59,0
1791167771,1,200,0,35760424,7350632,27282536,5.0,0.0,0.3583333333333333,0.0,0.0,7965900800.0,1791135561.59,0
1791167831,1,200,0,35760424,7350632,27282536,6.0,0.0,0.4638888888888889,0.0,0.002079002079002079,7994867712.0,1791135561.59,0
1791167891,1,200,0,35760424,7350632,27282536,6.0,0.0,0.4361111111111111,0.0,0.002079002079002079,7994867712.0,1791135561.59,0
1791167951,1,200,0,35760424,7350632,27282536,6.0,0.0,0.47777777777777775,0.0,0.0,7994867712.0,1791135561.59,0
1791168011,1,200,0,35760380,7350588,27282536,5.0,0.0,0.4527777777777777,0.0,0.0,7965900800.0,1791135561.59,0
1791168071,1,200,0,35760424,7350632,27282536,5.0,0.0,0.5861111111111111,0.0,0.002079002079002079,7994867712.0,1791135561.59,0
1791168131,1,200,0,35760424,7350632,27282536,6.0,0.0,0.5083333333333333,0.0,0.0,7994867712.0,1791135561.59,0
1791168191,1,200,0,35760424,7350632,27282536,6.0,0.0,0.5166666666666666,0.0,0.0,7994867712.0,1791135561.59,0
1791168251,1,200,0,35760380,7350588,27282536,5.0,0.0,0.5916666666666667,0.0,0.0,7994867712.0,1791135561.59,0
1791168311,1,200,0,35760380,7350588,27282536,0.0,0.0,0.0,0.0,0.0,7994867712.0,1791135561.59,0
1791168371,1,200,0,35760380,7350588,27282536,0.0,0.0,0.0,0.0,0.0,7994867712.0,1791135561.59,0
1791168431,1,200,0,35760380,7350588,27282536,0.0,0.0,0.0,0.0,0.0,7994867712.0,1791135561.59,0
1791168491,1,200,0,35760380,7350588,27282536,0.0,0.0,0.0,0.0,0.0,7994867712.0,1791135561.59,0
1791168551,1,200,0,35760380,7350588,27282536,0.0,0.0,0.0,0.0,0.0,7994867712.0,1791135561.59,0
1791168611,1,200,0,35760424,7350632,27282536,12.0,0.0,0.4361111111111111,0.0,0.0,7994867712.0,1791135561.59,0
1791168671,1,200,0,35760424,7350632,27282536,8.0,0.0,0.36111111111111116,0.0,0.0,7994867712.0,1791135561.59,0
1791168731,1,200,0,35760424,7350632,27282536,11.0,0.0,0.39722222222222225,0.0,0.0,7994867712.0,1791135561.59,0
1791168791,1,200,0,35760424,7350632,27282536,12.0,0.0,0.45833333333333337,0.0,0.0,7994867712.0,1791135561.59,0
1791168851,1,200,0,35760380,7350588,27282536,3.0,0.0,0.1611111111111111,0.0,0.0,7994867712.0,1791135561.59,0
1791168911,1,200,0,35760380,7350588,27282536,1.0,0.0,0.06944444444444442,0.0,0.0,7994867712.0,1791135561.59,0
1791168971,1,200,0,35760380,7350588,27282536,1.0,0.0,0.07499999999999996,0.0,0.0,7994867712.0,1791135561.59,0
1791169031,1,200,0,35760380,7350588,27282536,3.0,0.0,0.11111111111111116,0.0,0.0,7994867712.0,1791135561.59,0
1791169091,1,200,0,35760420,7350628,27282536,3.0,0.0,0.11388888888888893,0.0,0.0,7994867712.0,1791135561.59,0
1791169151,1,200,0,35760380,7350588,27282536,2.0,0.0,0.10277777777777775,0.0,0.0,7994867712.0,1791135561.59,0
1791169211,1,200,0,35760380,7350588,27282536,4.0,0.0,0.18333333333333335,0.0,0.0,7994867712.0,1791135561.59,0
1791169271,1,200,0,35760420,7350628,27282536,1.0,0.0,0.07499999999999996,0.0,0.0,7994867712.0,1791135561.59,0
1791169331,1,200,0,35760380,7350588,27282536,4.0,0.0,0.15833333333333333,0.0,0.0,7994867712.0,1791135561.59,0
1791169391,1,200,0,35760424,7350632,27282536,8.0,0.0,0.33611111111111114,0.0,0.0,7994867712.0,1791135561.59,0
1791169451,1,200,0,35760380,7350588,27282536,4.0,0.0,0.1444444444444445,0.0,0.0,7994867712.0,1791135561.59,0
1791169511,1,200,0,35760424,7350632,27282536,3.0,0.0,0.10833333333333328,0.0,0.0,7994867712.0,1791135561.59,0
1791169571,1,200,0,35760424,7350632,27282536,4.0,0.0,0.1444444444444445,0.0,0.0,7994867712.0,1791135561.59,0
1791169632,1,200,0,35760380,7350588,27282536,4.0,0.0,0.1444444444444445,0.0,0.0,7994867712.0,1791135561.59,0
1791169692,1,200,0,35760384,7350592,27282536,3.0,0.0,0.10833333333333328,0.0,0.0,7994867712.0,1791135561.59,0
1791169752,1,200,0,35760428,7350636,27282536,4.0,0.0,0.1444444444444445,0.0,0.0,7994867712.0,1791135561.59,0
1791169812,1,200,0,35760384,7350592,27282536,4.0,0.0,0.1444444444444445,0.0,0.0,7994867712.0,1791135561.59,0
1791169872,1,200,0,35760428,7350636,27282536,4.0,0.0,0.1444444444444445,0.0,0.0,7994867712.0,1791135561.59,0
1791169932,1,200,0,35760428,7350636,27282536,4.0,0.0,0.1444444444444445,0.0,0.0,7994867712.0,1791135561.59,0
1791169992,1,200,0,35760428,7350636,27282536,4.0,0.0,0.1444444444444445,0.0,0.0,7994867712.0,1791135561.59,0
1791170052,1,200,0,35760384,7350592,27282536,3.0,0.0,0.10833333333333328,0.0,0.0,7994867712.0,1791135561.59,0
1791170112,1,200,0,35760428,7350636,27282536,4.0,0.0,0.1444444444444445,0.0,0.0,7994867712.0,1791135561.59,0
1791170172,1,200,0,35760428,7350636,27282536,4.0,0.0,0.1444444444444445,0.0,0.0,7994867712.0,1791135561.59,0
1791170232,1,200,0,35760384,7350592,27282536,3.0,0.0,0.10833333333333328,0.0,0.0,7994867712.0,1791135561.59,0
1791170292,1,200,0,35760424,7350632,27282536,4.0,0.0,0.1444444444444445,0.0,0.0,7994867712.0,1791135561.59,0
1791170352,1,200,0,35760384,7350592,27282536,4.0,0.0,0.1444444444444445,0.0,0.0,7994867712.0,1791135561.59,0
1791170412,1,200,0,35760384,7350592,27282536,3.0,0.0,0.10833333333333328,0.0,0.0,7994867712.0,1791135561.59,0
1791170472,1,200,0,35760384,7350592,27282536,3.0,0.0,0.10833333333333328,0.0,0.0,7994867712.0,1791135561.59,0
1791170532,1,200,0,35760388,7350596,27282536,6.0,0.0,0.4833333333333333,0.0,0.002079002079002079,7907966976.0,1791135561.59,0
1791170592,1,200,0,35760432,7350640,27282536,5.0,0.0,0.45833333333333337,0.0,0.0,7936933888.0,1791135561.59,0
1791170652,1,200,0,35760432,7350640,27282536,6.0,0.0,0.5333333333333333,0.0,0.0,7994867712.0,1791135561.59,0
1791170712,1,200,0,35760388,7350596,27282536,6.0,0.0,0.36111111111111116,0.0,0.0,7994867712.0,1791135561.59,0
1791170772,1,200,0,35760432,7350640,27282536,6.0,0.0,0.4666666666666667,0.0,0.0,7994867712.0,1791135561.59,0
1791170832,1,200,0,35760388,7350596,27282536,6.0,0.0,0.33333333333333337,0.0,0.0,7994867712.0,1791135561.59,0
1791170892,1,200,0,35760388,7350596,27282536,6.0,0.0,0.43333333333333335,0.0,0.0,7994867712.0,1791135561.59,0
1791170952,1,200,0,35760388,7350596,27282536,6.0,0.0,0.5527777777777778,0.0,0.002079002079002079,7994867712.0,1791135561.59,0
1791171012,1,200,0,35760432,7350640,27282536,6.0,0.0,0.675,0.0,0.0,7994867712.0,1791135561.59,0
1791171072,1,200,0,35760388,7350596,27282536,6.0,0.0,0.3583333333333333,0.0,0.0,7994867712.0,1791135561.59,0
1791171132,1,200,0,35760432,7350640,27282536,6.0,0.0,0.35277777777777775,0.0,0.0,7994867712.0,1791135561.59,0
1791171192,1,200,0,35760432,7350640,27282536,6.0,0.0,0.36944444444444446,0.0,0.0,7936933888.0,1791135561.59,0
1791171252,1,200,0,35760388,7350596,27282536,6.0,0.0,0.3305555555555556,0.0,0.0,7994867712.0,1791135561.59,0
1791171312,1,200,0,35760388,7350596,27282536,6.0,0.0,0.44999999999999996,0.0,0.0,7907966976.0,1791135561.59,0
1791171372,1,200,0,35760432,7350640,27282536,6.0,0.0,0.3111111111111111,0.0,0.0,7994867712.0,1791135561.59,0
1791171432,1,200,0,35760432,7350640,27282536,6.0,0.0,0.4388888888888889,0.0,0.0,7994867712.0,1791135561.59,0
1791171492,1,200,0,35760388,7350596,27282536,6.0,0.0,0.4027777777777778,0.0,0.0,7994867712.0,1791135561.59,0
1791171552,1,200,0,35760428,7350636,27282536,1.0,0.0,0.07222222222222219,0.0,0.0,7965900800.0,1791135561.59,0
1791171612,1,200,0,35760432,7350640,27282536,4.0,0.0,0.1444444444444445,0.0,0.0,7965900800.0,1791135561.59,0
1791171672,1,200,0,35760432,7350640,27282536,4.0,0.0,0.1444444444444445,0.0,0.0,7965900800.0,1791135561.59,0
1791171732,1,200,0,35760432,7350640,27282536,4.0,0.0,0.1444444444444445,0.0,0.0,7965900800.0,1791135561.59,0
1791171792,1,200,0,35760432,7350640,27282536,3.0,0.0,0.10833333333333328,0.0,0.0,7965900800.0,1791135561.59,0
1791171852,1,200,0,35760432,7350640,27282536,3.0,0.0,0.10833333333333328,0.0,0.0,7965900800.0,1791135561.59,0
1791171912,1,200,0,35760432,7350640,27282536,4.0,0.0,0.1444444444444445,0.0,0.0,7965900800.0,1791135561.59,0
1791171972,1,200,0,35760388,7350596,27282536,3.0,0.0,0.10833333333333328,0.0,0.0,7965900800.0,1791135561.59,0
1791172033,1,200,0,35760432,7350640,27282536,3.0,0.0,0.10833333333333328,0.0,0.0,7965900800.0,1791135561.59,0
1791172093,1,200,0,35760432,7350640,27282536,3.0,0.0,0.10833333333333328,0.0,0.0,7965900800.0,1791135561.59,0
1791172153,1,200,0,35760388,7350596,27282536,3.0,0.0,0.10833333333333328,0.0,0.0,7965900800.0,1791135561.59,0
1791172213,1,200,0,35760388,7350596,27282536,1.0,0.0,0.036111111111111094,0.0,0.0,7965900800.0,1791135561.59,0
1791172273,1,200,0,35760432,7350640,27282536,4.0,0.0,0.1444444444444445,0.0,0.0,7965900800.0,1791135561.59,0
1791172333,1,200,0,35760388,7350596,27282536,4.0,0.0,0.1444444444444445,0.0,0.0,7965900800.0,1791135561.59,0
1791172393,1,200,0,35760432,7350640,27282536,3.0,0.0,0.10833333333333328,0.0,0.0,7965900800.0,1791135561.59,0
1791172453,1,200,0,35760432,7350640,27282536,3.0,0.0,0.10833333333333328,0.0,0.0,7965900800.0,1791135561.59,0
1791172513,1,200,0,35760432,7350640,27282536,4.0,0.0,0.1444444444444445,0.0,0.0,7965900800.0,1791135561.59,0
1791172573,1,200,0,35760388,7350596,27282536,4.0,0.0,0.1444444444444445,0.0,0.0,7965900800.0,1791135561.59,0
1791172633,1,200,0,35760388,7350596,27282536,1.0,0.0,0.036111111111111094,0.0,0.0,7965900800.0,1791135561.59,0
1791172693,1,200,0,35760388,7350596,27282536,11.0,0.0,0.43333333333333335,0.0,0.0,7907966976.0,1791135561.59,0
1791172753,1,200,0,35760388,7350596,27282536,7.0,0.0,0.3027777777777778,0.0,0.0,7994867712.0,1791135561.59,0
1791172813,1,200,0,35760432,7350640,27282536,13.0,0.0,0.48611111111111116,0.0,0.0,7936933888.0,1791135561.59,0
1791172873,1,200,0,35760428,7350636,27282536,5.0,0.0,0.2055555555555556,0.0,0.0,7994867712.0,1791135561.59,0
1791172933,1,200,0,35760388,7350596,27282536,6.0,0.0,0.2666666666666667,0.0,0.0,7994867712.0,1791135561.59,0
1791172993,1,200,0,35760388,7350596,27282536,4.0,0.0,0.20277777777777772,0.0,0.0,7907966976.0,1791135561.59,0
1791173053,1,200,0,35760432,7350640,27282536,11.0,0.0,0.4388888888888889,0.0,0.002079002079002079,7907966976.0,1791135561.59,0
1791173113,1,200,0,35760392,7350600,27282536,3.0,0.0,0.11111111111111116,0.0,0.0,7994867712.0,1791135561.59,0
1791173173,1,200,0,35760392,7350600,27282536,4.0,0.0,0.1611111111111111,0.0,0.0,7936933888.0,1791135561.59,0
1791173233,1,200,0,35760436,7350644,27282536,12.0,0.0,0.4638888888888889,0.0,0.002079002079002079,7994867712.0,1791135561.59,0
1791173293,1,200,0,35760392,7350600,27282536,5.0,0.0,0.23333333333333328,0.0,0.0,7994867712.0,1791135561.59,0
1791173353,1,200,0,35760392,7350600,27282536,0.0,0.0,0.0,0.0,0.0,7994867712.0,1791135561.59,0
1791173413,1,200,0,35760392,7350600,27282536,0.0,0.0,0.0,0.0,0.0,7994867712.0,1791135561.59,0
1791173473,1,200,0,35760392,7350600,27282536,0.0,0.0,0.0,0.0,0.0,7994867712.0,1791135561.59,0
1791173533,1,200,0,35760392,7350600,27282536,0.0,0.0,0.0,0.0,0.0,7994867712.0,1791135561.59,0
1791173593,1,200,0,35760392,7350600,27282536,0.0,0.0,0.0,0.0,0.0,7994867712.0,1791135561.59,0
1791173653,1,200,0,35760392,7350600,27282536,1.0,0.0,0.03888888888888886,0.0,0.0,7994867712.0,1791135561.59,0
1791173713,1,200,0,35760392,7350600,27282536,1.0,0.0,0.03888888888888886,0.0,0.0,7994867712.0,1791135561.59,0
1791173773,1,200,0,35760392,7350600,27282536,1.0,0.0,0.036111111111111094,0.0,0.0,7994867712.0,1791135561.59,0
1791173833,1,200,0,35760392,7350600,27282536,1.0,0.0,0.036111111111111094,0.0,0.0,7994867712.0,1791135561.59,0
1791173893,1,200,0,35760392,7350600,27282536,1.0,0.0,0.036111111111111094,0.0,0.0,7994867712.0,1791135561.59,0
1791173953,1,200,0,35760392,7350600,27282536,1.0,0.0,0.03888888888888886,0.0,0.0,7994867712.0,1791135561.59,0
1791174013,1,200,0,35760432,7350640,27282536,1.0,0.0,0.036111111111111094,0.0,0.0,7994867712.0,1791135561.59,0
1791174073,1,200,0,35760392,7350600,27282536,1.0,0.0,0.036111111111111094,0.0,0.0,7994867712.0,1791135561.59,0
1791174133,1,200,0,35760432,7350640,27282536,3.0,0.0,0.10833333333333328,0.0,0.0,7994867712.0,1791135561.59,0
1791174194,1,200,0,35760392,7350600,27282536,3.0,0.0,0.10833333333333328,0.0,0.0,7994867712.0,1791135561.59,0
1791174254,1,200,0,35760392,7350600,27282536,3.0,0.0,0.10833333333333328,0.0,0.0,7994867712.0,1791135561.59,0
1791174314,1,200,0,35760392,7350600,27282536,3.0,0.0,0.11111111111111116,0.0,0.0,7994867712.0,1791135561.59,0
1791174374,1,200,0,35760432,7350640,27282536,3.0,0.0,0.10833333333333328,0.0,0.0,7994867712.0,1791135561.59,0
1791174434,1,200,0,35760392,7350600,27282536,3.0,0.0,0.11388888888888893,0.0,0.0,7994867712.0,1791135561.59,0
1791174494,1,200,0,35760436,7350644,27282536,2.0,0.0,0.07222222222222219,0.0,0.0,7994867712.0,1791135561.59,0
1791174554,1,200,0,35760392,7350600,27282536,3.0,0.0,0.11388888888888893,0.0,0.0,7994867712.0,1791135561.59,0
1791174614,1,200,0,35760392,7350600,27282536,3.0,0.0,0.11111111111111116,0.0,0.0,7994867712.0,1791135561.59,0
1791174674,1,200,0,35760392,7350600,27282536,1.0,0.0,0.05555555555555558,0.0,0.006237006237006237,7965900800.0,1791135561.59,0
1791174734,1,200,0,35760436,7350644,27282536,1.0,0.0,0.23888888888888893,0.0,0.018711018711018712,7705198592.0,1791135561.59,0
1791174794,1,200,0,35760392,7350600,27282536,1.0,0.0,0.37222222222222223,0.0,0.004158004158004158,7994867712.0,1791135561.59,0
1791174854,1,200,0,35760392,7350600,27282536,1.0,0.0,0.4833333333333333,0.0,0.004158004158004158,7994867712.0,1791135561.59,0
1791174914,1,200,0,35760392,7350600,27282536,1.0,0.0,0.5833333333333333,0.0,0.004158004158004158,7994867712.0,1791135561.59,0
1791174974,1,200,0,35760436,7350644,27282536,1.0,0.0,0.6722222222222223,0.0,0.004158004158004158,7994867712.0,1791135561.59,0
1791175034,1,200,0,35760644,7350852,27282536,3.0,0.0,0.2055555555555556,0.0,0.0,7965900800.0,1791135561.59,0
1791175094,1,200,0,35760600,7350808,27282536,2.0,0.0,0.07222222222222219,0.0,0.0,7994867712.0,1791135561.59,0
1791175154,1,200,0,35760600,7350808,27282536,2.0,0.0,0.07222222222222219,0.0,0.0,7994867712.0,1791135561.59,0
1791175214,1,200,0,35760644,7350852,27282536,2.0,0.0,0.07222222222222219,0.0,0.0,7994867712.0,1791135561.59,0
1791175274,1,200,0,35760600,7350808,27282536,2.0,0.0,0.07499999999999996,0.0,0.0,7994867712.0,1791135561.59,0
1791175334,1,200,0,35760600,7350808,27282536,2.0,0.0,0.07222222222222219,0.0,0.0,7994867712.0,1791135561.59,0
1791175394,1,200,0,35760600,7350808,27282536,2.0,0.0,0.07222222222222219,0.0,0.0,7994867712.0,1791135561.59,0
1791175454,1,200,0,35760600,7350808,27282536,2.0,0.0,0.07222222222222219,0.0,0.0,7994867712.0,1791135561.59,0
1791175514,1,200,0,35760600,7350808,27282536,2.0,0.0,0.07222222222222219,0.0,0.0,7994867712.0,1791135561.59,0
1791175574,1,200,0,35760600,7350808,27282536,2.0,0.0,0.07222222222222219,0.0,0.0,7994867712.0,1791135561.59,0
1791175634,1,200,0,35760600,7350808,27282536,2.0,0.0,0.07222222222222219,0.0,0.0,7994867712.0,1791135561.59,0
1791175694,1,200,0,35760600,7350808,27282536,1.0,0.0,0.036111111111111094,0.0,0.0,7994867712.0,1791135561.59,0
1791175754,1,200,0,35760600,7350808,27282536,1.0,0.0,0.15000000000000002,0.0,0.004158004158004158,7965900800.0,1791135561.59,0
1791175814,1,200,0,35760644,7350852,27282536,1.0,0.0,0.3055555555555556,0.0,0.004158004158004158,7994867712.0,1791135561.59,0
1791175874,1,200,0,35760644,7350852,27282536,1.0,0.0,0.4277777777777778,0.0,0.004158004158004158,7994867712.0,1791135561.59,0
1791175934,1,200,0,35760644,7350852,27282536,1.0,0.0,0.5333333333333333,0.0,0.004158004158004158,7907966976.0,1791135561.59,0
1791175994,1,200,0,35760644,7350852,27282536,1.0,0.0,0.6277777777777778,0.0,0.02286902286902287,7647264768.0,1791135561.59,0
1791176054,1,200,0,35760644,7350852,27282536,12.0,0.0,0.43333333333333335,0.0,0.0,7994867712.0,1791135561.59,0
1791176114,1,200,0,35760644,7350852,27282536,12.0,0.0,0.5611111111111111,0.0,0.0,7994867712.0,1791135561.59,0
1791176174,1,200,0,35760600,7350808,27282536,12.0,0.0,0.6027777777777779,0.0,0.0,7994867712.0,1791135561.59,0
1791176234,1,200,0,35760644,7350852,27282536,12.0,0.0,0.6027777777777779,0.0,0.0,7994867712.0,1791135561.59,0
1791176294,1,200,0,35760600,7350808,27282536,12.0,0.0,0.6833333333333333,0.0,0.0,7994867712.0,1791135561.59,0
1791176354,1,200,0,35760644,7350852,27282536,12.0,0.0,0.7972222222222223,0.0,0.002079002079002079,7965900800.0,1791135561.59,0
1791176414,1,200,0,35760600,7350808,27282536,12.0,0.0,0.7694444444444444,0.0,0.0,7994867712.0,1791135561.59,0
1791176474,1,200,0,35760644,7350852,27282536,12.0,0.0,0.7111111111111111,0.0,0.002079002079002079,7994867712.0,1791135561.59,0
1791176534,1,200,0,35760644,7350852,27282536,12.0,0.0,0.7388888888888889,0.0,0.0,7994867712.0,1791135561.59,0
1791176595,1,200,0,35760644,7350852,27282536,11.0,0.0,0.575,0.0,0.0,7994867712.0,1791135561.59,0
1791176655,1,200,0,35760644,7350852,27282536,13.0,0.0,0.6138888888888889,0.0,0.0,7994867712.0,1791135561.59,0
1791176715,1,200,0,35760600,7350808,27282536,2.0,0.0,0.11944444444444446,0.0,0.0,7994867712.0,1791135561.59,0
1791176775,1,200,0,35760600,7350808,27282536,0.0,0.0,0.0,0.0,0.0,7994867712.0,1791135561.59,0
1791176835,1,200,0,35760600,7350808,27282536,0.0,0.0,0.0,0.0,0.0,7994867712.0,1791135561.59,0
1791176895,1,200,0,35760600,7350808,27282536,0.0,0.0,0.0,0.0,0.0,7994867712.0,1791135561.59,0
1791176955,1,200,0,35760600,7350808,27282536,1.0,0.0,0.061111111111111116,0.0,0.0,7907966976.0,1791135561.59,0
1791177015,1,200,0,35760644,7350852,27282536,2.0,0.0,0.09444444444444444,0.0,0.002079002079002079,7994867712.0,1791135561.59,0
1791177075,1,200,0,35760600,7350808,27282536,2.0,0.0,0.07777777777777772,0.0,0.0,7994867712.0,1791135561.59,0
1791177135,1,200,0,35760600,7350808,27282536,4.0,0.0,0.16388888888888886,0.0,0.0,7994867712.0,1791135561.59,0
1791177195,1,200,0,35760644,7350852,27282536,8.0,0.0,0.31666666666666665,0.0,0.0,7994867712.0,1791135561.59,0
1791177255,1,200,0,35760644,7350852,27282536,12.0,0.0,0.5361111111111111,0.0,0.0,7994867712.0,1791135561.59,0
1791177315,1,200,0,35760644,7350852,27282536,12.0,0.0,0.5388888888888889,0.0,0.0,7994867712.0,1791135561.59,0
1791177375,1,200,0,35760644,7350852,27282536,12.0,0.0,0.5527777777777778,0.0,0.0,7994867712.0,1791135561.59,0
1791177435,1,200,0,35760600,7350808,27282536,12.0,0.0,0.4833333333333333,0.0,0.0,7994867712.0,1791135561.59,0
1791177495,1,200,0,35760600,7350808,27282536,12.0,0.0,0.4527777777777777,0.0,0.0,7994867712.0,1791135561.59,0
1791177555,1,200,0,35760644,7350852,27282536,10.0,0.0,0.41666666666666663,0.0,0.002079002079002079,7994867712.0,1791135561.59,0
1791177615,1,200,0,35760600,7350808,27282536,5.0,0.0,0.25555555555555554,0.0,0.002079002079002079,7994867712.0,1791135561.59,0
1791177675,1,200,0,35760600,7350808,27282536,4.0,0.0,0.1694444444444444,0.0,0.0,7994867712.0,1791135561.59,0
1791177735,1,200,0,35760600,7350808,27282536,2.0,0.0,0.07499999999999996,0.0,0.0,7994867712.0,1791135561.59,0
1791177795,1,200,0,35760640,7350848,27282536,1.0,0.0,0.036111111111111094,0.0,0.0,7994867712.0,1791135561.59,0
1791177855,1,200,0,35760644,7350852,27282536,8.0,0.0,0.36111111111111116,0.0,0.0,7994867712.0,1791135561.59,0
1791177915,1,200,0,35760644,7350852,27282536,8.0,0.0,0.32499999999999996,0.0,0.0,7994867712.0,1791135561.59,0
1791177975,1,200,0,35760600,7350808,27282536,8.0,0.0,0.35,0.0,0.0,7994867712.0,1791135561.59,0
1791178035,1,200,0,35760600,7350808,27282536,8.0,0.0,0.33333333333333337,0.0,0.0,7994867712.0,1791135561.59,0
1791178095,1,200,0,35760600,7350808,27282536,8.0,0.0,0.35,0.0,0.0,7994867712.0,1791135561.59,0
1791178155,1,200,0,35760600,7350808,27282536,8.0,0.0,0.3388888888888889,0.0,0.0,7994867712.0,1791135561.59,0
1791178215,1,200,0,35760604,7350812,27282536,7.0,0.0,0.3111111111111111,0.0,0.0,7994867712.0,1791135561.59,0
1791178275,1,200,0,35760648,7350856,27282536,8.0,0.0,0.33611111111111114,0.0,0.0,7994867712.0,1791135561.59,0
1791178335,1,200,0,35760604,7350812,27282536,8.0,0.0,0.35,0.0,0.0,7994867712.0,1791135561.59,0
1791178395,1,200,0,35760648,7350856,27282536,8.0,0.0,0.3305555555555556,0.0,0.0,7994867712.0,1791135561.59,0
1791178455,1,200,0,35760604,7350812,27282536,8.0,0.0,0.34444444444444444,0.0,0.0,7994867712.0,1791135561.59,0
1791178515,1,200,0,35760644,7350852,27282536,8.0,0.0,0.32499999999999996,0.0,0.0,7994867712.0,1791135561.59,0
1791178575,1,200,0,35760604,7350812,27282536,8.0,0.0,0.33611111111111114,0.0,0.0,7994867712.0,1791135561.59,0
1791178635,1,200,0,35760648,7350856,27282536,5.0,0.0,0.18055555555555558,0.0,0.0,7994867712.0,1791135561.59,0
1791178695,1,200,0,35760604,7350812,27282536,3.0,0.0,0.10833333333333328,0.0,0.0,7994867712.0,1791135561.59,0
1791178755,1,200,0,35760604,7350812,27282536,4.0,0.0,0.1444444444444445,0.0,0.0,7994867712.0,1791135561.59,0
1791178815,1,200,0,35760648,7350856,27282536,2.0,0.0,0.07222222222222219,0.0,0.0,7994867712.0,1791135561.59,0
1791178875,1,200,0,35760648,7350856,27282536,5.0,0.0,0.18055555555555558,0.0,0.0,7994867712.0,1791135561.59,0
1791178935,1,200,0,35760648,7350856,27282536,7.0,0.0,0.25277777777777777,0.0,0.0,7994867712.0,1791135561.59,0
1791178996,1,200,0,35760604,7350812,27282536,3.0,0.0,0.10833333333333328,0.0,0.0,7994867712.0,1791135561.59,0
1791179056,1,200,0,35760604,7350812,27282536,4.0,0.0,0.1444444444444445,0.0,0.0,7994867712.0,1791135561.59,0
1791179116,1,200,0,35760648,7350856,27282536,4.0,0.0,0.1444444444444445,0.0,0.0,7994867712.0,1791135561.59,0
1791179176,1,200,0,35760648,7350856,27282536,4.0,0.0,0.1444444444444445,0.0,0.0,7994867712.0,1791135561.59,0
1791179236,1,200,0,35760604,7350812,27282536,6.0,0.0,0.21666666666666667,0.0,0.0,7994867712.0,1791135561.59,0
1791179296,1,200,0,35760604,7350812,27282536,5.0,0.0,0.18055555555555558,0.0,0.0,7994867712.0,1791135561.59,0
