2026/10/05 06:24:42.138, 210, 405, 26.67, 0, 22, 0x0000000000000004
2026/10/05 06:24:43.143, 210, 405, 26.62, 0, 22, 0x0000000000000001
2026/10/05 06:24:44.143, 210, 405, 32.20, 0, 22, 0x0000000000000001
2026/10/05 06:24:45.143, 210, 405, 32.29, 0, 22, 0x0000000000000001
2026/10/05 06:24:46.143, 210, 405, 27.58, 0, 22, 0x0000000000000001
2026/10/05 06:24:47.143, 210, 405, 26.80, 0, 22, 0x0000000000000001
2026/10/05 06:24:48.144, 1800, 9501, 47.15, 0, 24, 0x0000000000000000
2026/10/05 06:24:49.144, 1800, 9501, 112.46, 5, 25, 0x0000000000000000
2026/10/05 06:24:50.144, 1800, 9501, 110.71, 0, 25, 0x0000000000000000
2026/10/05 06:24:51.144, 1800, 9501, 110.80, 0, 25, 0x0000000000000000
2026/10/05 06:24:52.144, 1800, 9501, 110.77, 1, 25, 0x0000000000000000
2026/10/05 06:24:53.144, 1995, 9501, 118.59, 1, 26, 0x0000000000000000
2026/10/05 06:24:54.144, 1980, 9501, 164.99, 75, 27, 0x0000000000000000
2026/10/05 06:24:55.144, 1980, 9501, 169.51, 82, 28, 0x0000000000000000
2026/10/05 06:24:56.144, 1980, 9501, 169.74, 65, 28, 0x0000000000000000
2026/10/05 06:24:57.145, 1980, 9501, 169.43, 100, 29, 0x0000000000000000
2026/10/05 06:24:58.145, 1980, 9501, 169.36, 0, 29, 0x0000000000000000
2026/10/05 06:24:59.145, 1980, 9501, 155.61, 62, 28, 0x0000000000000000
2026/10/05 06:25:00.145, 1980, 9501, 126.39, 1, 28, 0x0000000000000000
2026/10/05 06:25:01.145, 1800, 9501, 119.99, 2, 27, 0x0000000000000000
2026/10/05 06:25:02.145, 1800, 9501, 114.68, 2, 27, 0x0000000000000000
2026/10/05 06:25:03.145, 1800, 9501, 116.07, 4, 27, 0x0000000000000000
2026/10/05 06:25:04.146, 1800, 9501, 114.35, 1, 27, 0x0000000000000000
2026/10/05 06:25:05.146, 1800, 9501, 113.00, 1, 27, 0x0000000000000000
2026/10/05 06:25:06.146, 1800, 9501, 112.42, 0, 27, 0x0000000000000000
2026/10/05 06:25:07.146, 1800, 9501, 112.25, 0, 28, 0x0000000000000000
2026/10/05 06:25:08.146, 1800, 9501, 112.25, 0, 28, 0x0000000000000000
2026/10/05 06:25:09.147, 1800, 9501, 113.71, 2, 28, 0x0000000000000000
2026/10/05 06:25:10.147, 1800, 9501, 113.53, 3, 28, 0x0000000000000000
2026/10/05 06:25:11.147, 1800, 9501, 113.42, 0, 28, 0x0000000000000000
2026/10/05 06:25:12.147, 1800, 9501, 113.33, 2, 28, 0x0000000000000000
2026/10/05 06:25:13.147, 1800, 9501, 113.57, 2, 28, 0x0000000000000000
2026/10/05 06:25:14.147, 1800, 9501, 113.78, 4, 28, 0x0000000000000000
2026/10/05 06:25:15.147, 1800, 9501, 113.75, 4, 28, 0x0000000000000000
2026/10/05 06:25:16.148, 1800, 9501, 113.41, 0, 28, 0x0000000000000000
2026/10/05 06:25:17.148, 1800, 9501, 112.89, 1, 28, 0x0000000000000000
2026/10/05 06:25:18.148, 1800, 9501, 113.86, 4, 28, 0x0000000000000000
2026/10/05 06:25:19.148, 1800, 9501, 112.48, 2, 28, 0x0000000000000000
2026/10/05 06:25:20.149, 1800, 9501, 118.71, 12, 29, 0x0000000000000000
2026/10/05 06:25:21.149, 1800, 9501, 120.25, 12, 29, 0x0000000000000000
2026/10/05 06:25:22.149, 1800, 9501, 120.20, 7, 29, 0x0000000000000000
2026/10/05 06:25:23.149, 1800, 9501, 120.45, 7, 29, 0x0000000000000000
2026/10/05 06:25:24.149, 1800, 9501, 120.53, 5, 29, 0x0000000000000000
2026/10/05 06:25:25.149, 1800, 9501, 121.27, 11, 29, 0x0000000000000000
2026/10/05 06:25:26.149, 1800, 9501, 114.88, 0, 29, 0x0000000000000000
2026/10/05 06:25:27.150, 1800, 9501, 113.48, 13, 29, 0x0000000000000000
2026/10/05 06:25:28.150, 1800, 9501, 113.75, 0, 29, 0x0000000000000000
2026/10/05 06:25:29.150, 1800, 9501, 115.11, 0, 29, 0x0000000000000000
2026/10/05 06:25:30.150, 1800, 9501, 116.53, 16, 29, 0x0000000000000000
2026/10/05 06:25:31.150, 1800, 9501, 113.03, 0, 29, 0x0000000000000000
2026/10/05 06:25:32.151, 1800, 9501, 113.54, 0, 29, 0x0000000000000000
2026/10/05 06:25:33.151, 1800, 9501, 112.74, 0, 29, 0x0000000000000000
2026/10/05 06:25:34.151, 1800, 9501, 113.76, 0, 29, 0x0000000000000000
2026/10/05 06:25:35.151, 1800, 9501, 112.89, 0, 29, 0x0000000000000000
2026/10/05 06:25:36.151, 1800, 9501, 113.21, 0, 29, 0x0000000000000000
2026/10/05 06:25:37.152, 1800, 9501, 113.43, 0, 29, 0x0000000000000000
2026/10/05 06:25:38.152, 1800, 9501, 113.75, 3, 29, 0x0000000000000000
2026/10/05 06:25:39.152, 1800, 9501, 112.78, 0, 29, 0x0000000000000000
2026/10/05 06:25:40.152, 1800, 9501, 113.72, 11, 29, 0x0000000000000000
2026/10/05 06:25:41.153, 1800, 9501, 112.36, 0, 30, 0x0000000000000000
2026/10/05 06:25:42.153, 1800, 9501, 113.95, 0, 30, 0x0000000000000000
2026/10/05 06:25:43.153, 1800, 9501, 113.47, 0, 30, 0x0000000000000000
2026/10/05 06:25:44.153, 1800, 9501, 113.15, 0, 30, 0x0000000000000000
2026/10/05 06:25:45.153, 1800, 9501, 114.04, 2, 30, 0x0000000000000000
2026/10/05 06:25:46.153, 1800, 9501, 114.30, 8, 30, 0x0000000000000000
2026/10/05 06:25:47.153, 1800, 9501, 113.34, 3, 30, 0x0000000000000000
2026/10/05 06:25:48.154, 1800, 9501, 112.74, 0, 30, 0x0000000000000000
2026/10/05 06:25:49.154, 1800, 9501, 113.28, 0, 30, 0x0000000000000000
2026/10/05 06:25:50.154, 1800, 9501, 112.82, 1, 30, 0x0000000000000000
2026/10/05 06:25:51.155, 1800, 9501, 113.30, 0, 30, 0x0000000000000000
2026/10/05 06:25:52.155, 1800, 9501, 113.64, 0, 30, 0x0000000000000000
2026/10/05 06:25:53.155, 1800, 9501, 112.82, 3, 30, 0x0000000000000000
2026/10/05 06:25:54.155, 1800, 9501, 113.33, 0, 30, 0x0000000000000000
2026/10/05 06:25:55.155, 1800, 9501, 113.82, 0, 30, 0x0000000000000000
2026/10/05 06:25:56.155, 1800, 9501, 113.81, 0, 30, 0x0000000000000000
2026/10/05 06:25:57.156, 1800, 9501, 113.58, 0, 30, 0x0000000000000000
2026/10/05 06:25:58.156, 1800, 9501, 113.64, 0, 30, 0x0000000000000000
2026/10/05 06:25:59.156, 1800, 9501, 113.91, 0, 30, 0x0000000000000000
2026/10/05 06:26:00.156, 1800, 9501, 114.06, 0, 30, 0x0000000000000000
2026/10/05 06:26:01.156, 1800, 9501, 113.20, 0, 30, 0x0000000000000000
2026/10/05 06:26:02.157, 1800, 9501, 113.36, 0, 30, 0x0000000000000000
2026/10/05 06:26:03.157, 1800, 9501, 114.26, 0, 31, 0x0000000000000000
2026/10/05 06:26:04.157, 1800, 9501, 113.32, 0, 31, 0x0000000000000000
2026/10/05 06:26:05.157, 1800, 9501, 113.54, 0, 31, 0x0000000000000000
2026/10/05 06:26:06.157, 1800, 9501, 113.94, 0, 31, 0x0000000000000000
2026/10/05 06:26:07.158, 1800, 9501, 113.37, 0, 31, 0x0000000000000000
2026/10/05 06:26:08.158, 1800, 9501, 114.08, 0, 31, 0x0000000000000000
2026/10/05 06:26:09.158, 1800, 9501, 113.51, 2, 31, 0x0000000000000000
2026/10/05 06:26:10.158, 1800, 9501, 113.92, 0, 31, 0x0000000000000000
2026/10/05 06:26:11.158, 1800, 9501, 114.21, 0, 31, 0x0000000000000000
2026/10/05 06:26:12.158, 1800, 9501, 113.53, 4, 31, 0x0000000000000000
2026/10/05 06:26:13.159, 1800, 9501, 114.24, 0, 31, 0x0000000000000000
2026/10/05 06:26:14.159, 1800, 9501, 114.43, 0, 31, 0x0000000000000000
2026/10/05 06:26:15.159, 1800, 9501, 113.54, 0, 31, 0x0000000000000000
2026/10/05 06:26:16.159, 1800, 9501, 113.83, 0, 31, 0x0000000000000000
2026/10/05 06:26:17.159, 1800, 9501, 113.92, 0, 31, 0x0000000000000000
2026/10/05 06:26:18.160, 1800, 9501, 113.44, 0, 31, 0x0000000000000000
2026/10/05 06:26:19.160, 1800, 9501, 113.31, 3, 31, 0x0000000000000000
2026/10/05 06:26:20.160, 1800, 9501, 113.87, 2, 31, 0x0000000000000000
2026/10/05 06:26:21.160, 1800, 9501, 113.12, 0, 31, 0x0000000000000000
2026/10/05 06:26:22.160, 1800, 9501, 113.60, 0, 31, 0x0000000000000000
2026/10/05 06:26:23.161, 1800, 9501, 114.31, 0, 31, 0x0000000000000000
2026/10/05 06:26:24.161, 1800, 9501, 113.84, 0, 31, 0x0000000000000000
2026/10/05 06:26:25.161, 1800, 9501, 113.99, 0, 31, 0x0000000000000000
2026/10/05 06:26:26.161, 1800, 9501, 114.06, 0, 31, 0x0000000000000000
2026/10/05 06:26:27.161, 1800, 9501, 113.60, 3, 31, 0x0000000000000000
2026/10/05 06:26:28.162, 1800, 9501, 114.05, 2, 31, 0x0000000000000000
2026/10/05 06:26:29.162, 1800, 9501, 113.87, 2, 31, 0x0000000000000000
2026/10/05 06:26:30.162, 1800, 9501, 114.15, 0, 31, 0x0000000000000000
2026/10/05 06:26:31.162, 1800, 9501, 113.55, 0, 31, 0x0000000000000000
2026/10/05 06:26:32.162, 1800, 9501, 113.64, 0, 31, 0x0000000000000000
2026/10/05 06:26:33.163, 1800, 9501, 119.86, 8, 31, 0x0000000000000000
2026/10/05 06:26:34.163, 1800, 9501, 115.53, 0, 31, 0x0000000000000000
2026/10/05 06:26:35.163, 1800, 9501, 113.21, 0, 31, 0x0000000000000000
2026/10/05 06:26:36.163, 1800, 9501, 113.12, 0, 32, 0x0000000000000000
2026/10/05 06:26:37.163, 1800, 9501, 114.04, 0, 32, 0x0000000000000000
2026/10/05 06:26:38.163, 1965, 9501, 151.68, 60, 34, 0x0000000000000000
2026/10/05 06:26:39.164, 1965, 9501, 171.80, 21, 33, 0x0000000000000000
2026/10/05 06:26:40.164, 1965, 9501, 146.64, 22, 33, 0x0000000000000000
2026/10/05 06:26:41.164, 1800, 9501, 137.05, 23, 33, 0x0000000000000000
2026/10/05 06:26:42.164, 1800, 9501, 131.77, 21, 33, 0x0000000000000000
2026/10/05 06:26:43.164, 1800, 9501, 131.77, 23, 32, 0x0000000000000000
2026/10/05 06:26:44.164, 1800, 9501, 132.00, 23, 33, 0x0000000000000000
2026/10/05 06:26:45.164, 1800, 9501, 131.26, 24, 33, 0x0000000000000000
2026/10/05 06:26:46.164, 1800, 9501, 130.36, 23, 33, 0x0000000000000000
2026/10/05 06:26:47.164, 1800, 9501, 121.52, 11, 32, 0x0000000000000000
2026/10/05 06:26:48.165, 1800, 9501, 115.74, 0, 32, 0x0000000000000000
2026/10/05 06:26:49.165, 1800, 9501, 127.16, 18, 33, 0x0000000000000000
2026/10/05 06:26:50.165, 1800, 9501, 128.40, 16, 33, 0x0000000000000000
2026/10/05 06:26:51.165, 1800, 9501, 116.69, 2, 32, 0x0000000000000000
2026/10/05 06:26:52.166, 1800, 9501, 118.57, 0, 33, 0x0000000000000000
2026/10/05 06:26:53.166, 1800, 9501, 128.51, 19, 33, 0x0000000000000000
2026/10/05 06:26:54.166, 1800, 9501, 120.75, 0, 32, 0x0000000000000000
2026/10/05 06:26:55.166, 1800, 9751, 114.64, 38, 32, 0x0000000000000000
2026/10/05 06:26:56.166, 690, 810, 86.72, 0, 31, 0x0000000000000001
2026/10/05 06:26:57.166, 1800, 9501, 71.59, 0, 33, 0x0000000000000000
2026/10/05 06:26:58.166, 1965, 9501, 184.27, 81, 34, 0x0000000000000000
2026/10/05 06:26:59.167, 1950, 9501, 233.39, 91, 36, 0x0000000000000000
2026/10/05 06:27:00.167, 1935, 9501, 215.39, 100, 39, 0x0000000000000004
2026/10/05 06:27:01.167, 1950, 9501, 190.57, 100, 36, 0x0000000000000000
2026/10/05 06:27:02.167, 1950, 9501, 227.17, 94, 37, 0x0000000000000000
2026/10/05 06:27:03.167, 1950, 9501, 194.99, 82, 38, 0x0000000000000000
2026/10/05 06:27:04.167, 1950, 9501, 194.58, 94, 36, 0x0000000000000000
2026/10/05 06:27:05.167, 1950, 9501, 277.09, 98, 38, 0x0000000000000000
2026/10/05 06:27:06.167, 1950, 9501, 202.59, 97, 37, 0x0000000000000000
2026/10/05 06:27:07.168, 1950, 9501, 216.95, 97, 38, 0x0000000000000000
2026/10/05 06:27:08.168, 1950, 9501, 203.73, 100, 38, 0x0000000000000000
2026/10/05 06:27:09.168, 1950, 9501, 204.61, 97, 38, 0x0000000000000000
2026/10/05 06:27:10.168, 1950, 9501, 195.70, 100, 38, 0x0000000000000000
2026/10/05 06:27:11.168, 1950, 9501, 184.79, 100, 38, 0x0000000000000000
2026/10/05 06:27:12.168, 1950, 9501, 186.21, 100, 38, 0x0000000000000000
2026/10/05 06:27:13.168, 1950, 9501, 166.53, 100, 37, 0x0000000000000000
2026/10/05 06:27:14.169, 1950, 9501, 166.53, 100, 37, 0x0000000000000000
2026/10/05 06:27:15.169, 1950, 9501, 166.71, 100, 37, 0x0000000000000000
2026/10/05 06:27:16.169, 1950, 9501, 166.13, 100, 37, 0x0000000000000000
2026/10/05 06:27:17.169, 1950, 9501, 185.22, 100, 38, 0x0000000000000000
2026/10/05 06:27:18.169, 1950, 9501, 166.76, 100, 38, 0x0000000000000000
2026/10/05 06:27:19.169, 1950, 9501, 166.01, 100, 38, 0x0000000000000000
2026/10/05 06:27:20.169, 1950, 9501, 166.57, 100, 38, 0x0000000000000000
2026/10/05 06:27:21.169, 1950, 9501, 166.31, 100, 38, 0x0000000000000000
2026/10/05 06:27:22.170, 1950, 9501, 170.00, 2, 37, 0x0000000000000000
2026/10/05 06:27:23.170, 1950, 9501, 176.26, 9, 37, 0x0000000000000000
2026/10/05 06:27:24.170, 1950, 9501, 149.96, 0, 36, 0x0000000000000000
2026/10/05 06:27:25.170, 1800, 9501, 122.25, 0, 36, 0x0000000000000000
2026/10/05 06:27:26.170, 1800, 9501, 115.58, 0, 36, 0x0000000000000000
2026/10/05 06:27:27.170, 1800, 9501, 115.52, 0, 36, 0x0000000000000000
2026/10/05 06:27:28.170, 1800, 9501, 115.57, 0, 35, 0x0000000000000000
2026/10/05 06:27:29.170, 1800, 9501, 115.20, 0, 35, 0x0000000000000000
2026/10/05 06:27:30.171, 1800, 9501, 116.39, 0, 35, 0x0000000000000000
2026/10/05 06:27:31.171, 1800, 9501, 115.59, 0, 35, 0x0000000000000000
2026/10/05 06:27:32.171, 1800, 9501, 115.67, 9, 35, 0x0000000000000000
2026/10/05 06:27:33.171, 1800, 9501, 115.51, 0, 35, 0x0000000000000000
2026/10/05 06:27:34.171, 1800, 9501, 115.65, 0, 35, 0x0000000000000000
2026/10/05 06:27:35.171, 1800, 9501, 115.45, 0, 35, 0x0000000000000000
2026/10/05 06:27:36.171, 1800, 9501, 115.44, 0, 35, 0x0000000000000000
2026/10/05 06:27:37.172, 1800, 9501, 115.60, 0, 35, 0x0000000000000000
2026/10/05 06:27:38.172, 1800, 9501, 115.58, 0, 35, 0x0000000000000000
2026/10/05 06:27:39.172, 1800, 9501, 115.64, 0, 35, 0x0000000000000000
2026/10/05 06:27:40.172, 1800, 9501, 115.26, 0, 35, 0x0000000000000000
2026/10/05 06:27:41.172, 1800, 9501, 94.88, 0, 34, 0x0000000000000000
2026/10/05 06:27:42.172, 1800, 9501, 115.58, 0, 35, 0x0000000000000000
2026/10/05 06:27:43.172, 1800, 9501, 115.52, 0, 35, 0x0000000000000001
2026/10/05 06:27:44.173, 1800, 9501, 82.25, 0, 35, 0x0000000000000000
2026/10/05 06:27:45.173, 1800, 9501, 114.84, 0, 35, 0x0000000000000000
2026/10/05 06:27:46.174, 1800, 9501, 109.82, 0, 35, 0x0000000000000000
2026/10/05 06:27:47.174, 1800, 9501, 114.84, 0, 35, 0x0000000000000000
2026/10/05 06:27:48.174, 1800, 9501, 84.15, 0, 33, 0x0000000000000000
2026/10/05 06:27:49.175, 1950, 9501, 202.03, 36, 40, 0x0000000000000004
2026/10/05 06:27:50.175, 1935, 9501, 347.70, 100, 43, 0x0000000000000004
2026/10/05 06:27:51.175, 1950, 9501, 241.91, 90, 39, 0x0000000000000000
2026/10/05 06:27:52.175, 1950, 9501, 184.48, 97, 38, 0x0000000000000000
2026/10/05 06:27:53.175, 1950, 9501, 192.01, 94, 38, 0x0000000000000000
2026/10/05 06:27:54.176, 1950, 9501, 202.21, 98, 39, 0x0000000000000000
2026/10/05 06:27:55.176, 1935, 9501, 215.45, 97, 39, 0x0000000000000004
2026/10/05 06:27:56.176, 1950, 9501, 202.51, 100, 39, 0x0000000000000000
2026/10/05 06:27:57.176, 1950, 9501, 196.10, 100, 39, 0x0000000000000000
2026/10/05 06:27:58.176, 1950, 9501, 196.94, 100, 40, 0x0000000000000000
2026/10/05 06:27:59.176, 1950, 9501, 187.29, 100, 39, 0x0000000000000000
2026/10/05 06:28:00.176, 1950, 9501, 188.86, 100, 39, 0x0000000000000000
2026/10/05 06:28:01.176, 1950, 9501, 189.68, 100, 39, 0x0000000000000000
2026/10/05 06:28:02.177, 1950, 9501, 178.67, 100, 39, 0x0000000000000000
2026/10/05 06:28:03.177, 1950, 9501, 193.01, 100, 40, 0x0000000000000000
2026/10/05 06:28:04.177, 1950, 9501, 178.23, 100, 40, 0x0000000000000000
2026/10/05 06:28:05.177, 1950, 9501, 222.87, 100, 41, 0x0000000000000000
2026/10/05 06:28:06.177, 1920, 9501, 195.29, 81, 40, 0x0000000000000004
2026/10/05 06:28:07.177, 1950, 9501, 199.94, 97, 39, 0x0000000000000000
2026/10/05 06:28:08.177, 1950, 9501, 127.52, 0, 38, 0x0000000000000000
2026/10/05 06:28:09.178, 1950, 9501, 185.50, 96, 40, 0x0000000000000000
2026/10/05 06:28:10.178, 1950, 9501, 153.60, 16, 38, 0x0000000000000000
2026/10/05 06:28:11.178, 1950, 9501, 141.33, 0, 38, 0x0000000000000000
2026/10/05 06:28:12.178, 1800, 9501, 121.22, 6, 37, 0x0000000000000000
