2026/10/05 06:47:48.958, 1800, 9501, 113.92, 0, 32, 0x0000000000000000
2026/10/05 06:47:49.961, 1830, 9501, 187.81, 96, 38, 0x0000000000000004
2026/10/05 06:47:50.961, 1830, 9501, 348.49, 96, 39, 0x0000000000000004
2026/10/05 06:47:51.962, 1875, 9501, 349.00, 96, 40, 0x0000000000000004
2026/10/05 06:47:52.962, 1815, 9501, 348.65, 97, 40, 0x0000000000000004
2026/10/05 06:47:53.962, 1815, 9501, 348.45, 96, 41, 0x0000000000000004
2026/10/05 06:47:54.962, 1755, 9501, 349.05, 95, 42, 0x0000000000000004
2026/10/05 06:47:55.962, 1770, 9501, 348.82, 97, 42, 0x0000000000000004
2026/10/05 06:47:56.962, 1770, 9501, 349.04, 96, 42, 0x0000000000000004
2026/10/05 06:47:57.963, 1770, 9501, 349.08, 96, 43, 0x0000000000000004
2026/10/05 06:47:58.963, 1770, 9501, 348.24, 96, 43, 0x0000000000000004
2026/10/05 06:47:59.963, 1755, 9501, 348.76, 96, 44, 0x0000000000000004
2026/10/05 06:48:00.963, 1830, 9501, 335.56, 100, 44, 0x0000000000000004
2026/10/05 06:48:01.963, 1755, 9501, 348.63, 97, 44, 0x0000000000000004
2026/10/05 06:48:02.963, 1755, 9501, 348.86, 94, 45, 0x0000000000000004
2026/10/05 06:48:03.964, 1755, 9501, 347.35, 97, 45, 0x0000000000000004
2026/10/05 06:48:04.964, 1785, 9501, 346.68, 97, 46, 0x0000000000000004
2026/10/05 06:48:05.964, 1740, 9501, 349.36, 97, 46, 0x0000000000000004
2026/10/05 06:48:06.964, 1740, 9501, 348.71, 97, 46, 0x0000000000000004
2026/10/05 06:48:07.964, 1785, 9501, 347.75, 96, 46, 0x0000000000000004
2026/10/05 06:48:08.964, 1665, 9501, 348.56, 100, 47, 0x0000000000000004
2026/10/05 06:48:09.965, 1695, 9501, 346.98, 98, 47, 0x0000000000000004
2026/10/05 06:48:10.965, 1695, 9501, 348.59, 97, 47, 0x0000000000000004
2026/10/05 06:48:11.965, 1680, 9501, 348.83, 98, 48, 0x0000000000000004
2026/10/05 06:48:12.965, 1845, 9501, 345.43, 98, 48, 0x0000000000000004
2026/10/05 06:48:13.965, 1725, 9501, 348.55, 98, 48, 0x0000000000000004
2026/10/05 06:48:14.965, 1695, 9501, 350.09, 97, 48, 0x0000000000000004
2026/10/05 06:48:15.966, 1695, 9501, 349.39, 98, 48, 0x0000000000000004
2026/10/05 06:48:16.966, 1680, 9501, 348.52, 98, 49, 0x0000000000000004
2026/10/05 06:48:17.966, 1845, 9501, 346.59, 99, 49, 0x0000000000000004
2026/10/05 06:48:18.966, 1800, 9501, 350.25, 96, 49, 0x0000000000000004
2026/10/05 06:48:19.966, 1785, 9501, 349.19, 96, 49, 0x0000000000000004
2026/10/05 06:48:20.966, 1785, 9501, 348.88, 97, 50, 0x0000000000000004
2026/10/05 06:48:21.967, 1785, 9501, 349.05, 97, 50, 0x0000000000000004
2026/10/05 06:48:22.967, 1800, 9501, 348.94, 97, 50, 0x0000000000000004
2026/10/05 06:48:23.967, 1770, 9501, 349.47, 96, 50, 0x0000000000000004
2026/10/05 06:48:24.967, 1755, 9501, 349.38, 96, 50, 0x0000000000000004
2026/10/05 06:48:25.967, 1830, 9501, 347.74, 99, 50, 0x0000000000000004
2026/10/05 06:48:26.968, 1770, 9501, 348.46, 96, 50, 0x0000000000000004
2026/10/05 06:48:27.968, 1755, 9501, 348.66, 96, 51, 0x0000000000000004
2026/10/05 06:48:28.968, 1770, 9501, 348.58, 97, 51, 0x0000000000000004
2026/10/05 06:48:29.968, 1740, 9501, 348.80, 97, 51, 0x0000000000000004
2026/10/05 06:48:30.968, 1725, 9501, 348.63, 97, 51, 0x0000000000000004
2026/10/05 06:48:31.968, 1740, 9501, 347.96, 97, 52, 0x0000000000000004
2026/10/05 06:48:32.969, 1845, 9501, 346.50, 98, 51, 0x0000000000000004
2026/10/05 06:48:33.969, 1740, 9501, 346.96, 97, 52, 0x0000000000000004
2026/10/05 06:48:34.969, 1725, 9501, 348.24, 97, 52, 0x0000000000000004
2026/10/05 06:48:35.969, 1725, 9501, 348.31, 96, 52, 0x0000000000000004
2026/10/05 06:48:36.969, 1710, 9501, 348.26, 100, 53, 0x0000000000000004
2026/10/05 06:48:37.970, 1710, 9501, 347.62, 98, 52, 0x0000000000000004
2026/10/05 06:48:38.970, 1695, 9501, 348.23, 98, 52, 0x0000000000000004
2026/10/05 06:48:39.970, 1710, 9501, 347.93, 96, 52, 0x0000000000000004
2026/10/05 06:48:40.970, 1710, 9501, 347.70, 95, 53, 0x0000000000000004
2026/10/05 06:48:41.970, 1695, 9501, 348.23, 97, 53, 0x0000000000000004
2026/10/05 06:48:42.970, 1710, 9501, 346.98, 95, 53, 0x0000000000000004
2026/10/05 06:48:43.970, 1710, 9501, 348.14, 96, 53, 0x0000000000000004
2026/10/05 06:48:44.970, 1710, 9501, 349.16, 98, 53, 0x0000000000000004
2026/10/05 06:48:45.971, 1740, 9501, 348.06, 97, 53, 0x0000000000000004
