2026/10/05 06:28:16.513, 270, 810, 77.90, 0, 35, 0x0000000000000001
2026/10/05 06:28:17.516, 210, 405, 30.75, 0, 34, 0x0000000000000001
2026/10/05 06:28:18.516, 210, 405, 32.33, 0, 34, 0x0000000000000001
2026/10/05 06:28:19.516, 210, 405, 27.80, 0, 34, 0x0000000000000001
2026/10/05 06:28:20.516, 1620, 9501, 76.22, 72, 38, 0x0000000000000004
2026/10/05 06:28:21.517, 1890, 9501, 338.60, 100, 42, 0x0000000000000004
2026/10/05 06:28:22.517, 1950, 9501, 327.90, 90, 43, 0x0000000000000000
2026/10/05 06:28:23.517, 1590, 9501, 336.51, 97, 45, 0x0000000000000004
2026/10/05 06:28:24.517, 1815, 9501, 343.40, 96, 45, 0x0000000000000004
2026/10/05 06:28:25.518, 1830, 9501, 345.89, 97, 46, 0x0000000000000004
2026/10/05 06:28:26.518, 1710, 9501, 343.82, 96, 47, 0x0000000000000004
2026/10/05 06:28:27.518, 1845, 9501, 344.62, 96, 46, 0x0000000000000004
2026/10/05 06:28:28.518, 1800, 9501, 346.02, 99, 47, 0x0000000000000004
2026/10/05 06:28:29.518, 1665, 9501, 347.36, 98, 48, 0x0000000000000004
2026/10/05 06:28:30.519, 1770, 9501, 344.00, 99, 48, 0x0000000000000004
2026/10/05 06:28:31.519, 1665, 9501, 347.83, 100, 49, 0x0000000000000004
2026/10/05 06:28:32.519, 1680, 9501, 344.63, 97, 49, 0x0000000000000004
2026/10/05 06:28:33.519, 1815, 9501, 345.60, 98, 49, 0x0000000000000004
2026/10/05 06:28:34.520, 1710, 9501, 344.31, 99, 50, 0x0000000000000004
2026/10/05 06:28:35.520, 1830, 9501, 344.48, 96, 49, 0x0000000000000004
2026/10/05 06:28:36.520, 1650, 9501, 347.75, 98, 50, 0x0000000000000004
2026/10/05 06:28:37.520, 1665, 9501, 342.24, 80, 50, 0x0000000000000004
2026/10/05 06:28:38.520, 1650, 9501, 348.75, 100, 51, 0x0000000000000004
2026/10/05 06:28:39.521, 1830, 9501, 341.05, 98, 50, 0x0000000000000004
2026/10/05 06:28:40.521, 1755, 9501, 319.66, 95, 50, 0x0000000000000004
2026/10/05 06:28:41.521, 1725, 9501, 341.57, 95, 50, 0x0000000000000004
2026/10/05 06:28:42.521, 1800, 9501, 345.02, 98, 50, 0x0000000000000004
2026/10/05 06:28:43.521, 1725, 9501, 342.29, 97, 51, 0x0000000000000004
2026/10/05 06:28:44.522, 1860, 9501, 341.68, 94, 51, 0x0000000000000004
2026/10/05 06:28:45.522, 1770, 9501, 346.11, 98, 51, 0x0000000000000004
2026/10/05 06:28:46.522, 1815, 9501, 341.56, 75, 51, 0x0000000000000004
2026/10/05 06:28:47.522, 1845, 9501, 341.99, 98, 51, 0x0000000000000004
2026/10/05 06:28:48.523, 1740, 9501, 337.74, 69, 51, 0x0000000000000004
2026/10/05 06:28:49.523, 1725, 9501, 343.45, 98, 52, 0x0000000000000004
2026/10/05 06:28:50.523, 1845, 9501, 341.88, 100, 52, 0x0000000000000004
2026/10/05 06:28:51.523, 1890, 9501, 317.40, 80, 52, 0x0000000000000000
2026/10/05 06:28:52.523, 1890, 9501, 341.52, 79, 51, 0x0000000000000004
2026/10/05 06:28:53.524, 1740, 9501, 345.48, 99, 52, 0x0000000000000004
2026/10/05 06:28:54.524, 1785, 9501, 343.72, 100, 52, 0x0000000000000004
2026/10/05 06:28:55.524, 1680, 9501, 342.94, 96, 53, 0x0000000000000004
2026/10/05 06:28:56.524, 1680, 9501, 345.91, 94, 53, 0x0000000000000004
2026/10/05 06:28:57.524, 1800, 9501, 345.05, 97, 53, 0x0000000000000004
2026/10/05 06:28:58.525, 1620, 9501, 349.55, 97, 53, 0x0000000000000004
2026/10/05 06:28:59.525, 1740, 9501, 344.77, 99, 53, 0x0000000000000004
2026/10/05 06:29:00.525, 1650, 9501, 347.91, 98, 53, 0x0000000000000004
2026/10/05 06:29:01.525, 1845, 9501, 342.92, 95, 53, 0x0000000000000004
2026/10/05 06:29:02.526, 1800, 9501, 331.22, 81, 53, 0x0000000000000000
2026/10/05 06:29:03.526, 1695, 9501, 340.02, 94, 53, 0x0000000000000004
2026/10/05 06:29:04.526, 1800, 9501, 348.52, 98, 53, 0x0000000000000004
2026/10/05 06:29:05.526, 1680, 9501, 343.04, 100, 54, 0x0000000000000004
2026/10/05 06:29:06.526, 1755, 9501, 343.35, 96, 54, 0x0000000000000004
2026/10/05 06:29:07.527, 1710, 9501, 345.62, 97, 54, 0x0000000000000004
2026/10/05 06:29:08.527, 1650, 9501, 349.11, 100, 54, 0x0000000000000004
2026/10/05 06:29:09.527, 1845, 9501, 343.92, 98, 54, 0x0000000000000004
2026/10/05 06:29:10.527, 1515, 9501, 346.64, 97, 54, 0x0000000000000004
2026/10/05 06:29:11.527, 1830, 9501, 340.69, 97, 53, 0x0000000000000004
2026/10/05 06:29:12.528, 1695, 9501, 347.20, 98, 54, 0x0000000000000004
2026/10/05 06:29:13.528, 1605, 9501, 346.32, 98, 55, 0x0000000000000004
2026/10/05 06:29:14.528, 1605, 9501, 345.91, 99, 54, 0x0000000000000004
2026/10/05 06:29:15.528, 1710, 9501, 343.88, 94, 55, 0x0000000000000004
2026/10/05 06:29:16.529, 1755, 9501, 341.04, 87, 54, 0x0000000000000004
2026/10/05 06:29:17.529, 1800, 9501, 343.08, 97, 54, 0x0000000000000004
2026/10/05 06:29:18.529, 1770, 9501, 345.60, 78, 55, 0x0000000000000004
2026/10/05 06:29:19.529, 1545, 9501, 344.80, 98, 56, 0x0000000000000004
2026/10/05 06:29:20.529, 1500, 9501, 348.62, 100, 55, 0x0000000000000004
2026/10/05 06:29:21.530, 1695, 9501, 342.13, 100, 55, 0x0000000000000004
2026/10/05 06:29:22.530, 1890, 9501, 341.88, 100, 55, 0x0000000000000004
2026/10/05 06:29:23.530, 1560, 9501, 347.46, 100, 55, 0x0000000000000004
2026/10/05 06:29:24.530, 1935, 9501, 319.22, 93, 55, 0x0000000000000004
2026/10/05 06:29:25.531, 1830, 9501, 344.26, 98, 55, 0x0000000000000004
2026/10/05 06:29:26.531, 1785, 9501, 343.88, 97, 55, 0x0000000000000004
2026/10/05 06:29:27.531, 1650, 9501, 349.17, 100, 55, 0x0000000000000004
2026/10/05 06:29:28.531, 1650, 9501, 345.71, 98, 56, 0x0000000000000004
2026/10/05 06:29:29.531, 1605, 9501, 348.60, 98, 56, 0x0000000000000004
2026/10/05 06:29:30.532, 1845, 9501, 350.00, 99, 55, 0x0000000000000004
2026/10/05 06:29:31.532, 1830, 9501, 343.68, 98, 55, 0x0000000000000004
2026/10/05 06:29:32.532, 1680, 9501, 344.48, 96, 55, 0x0000000000000004
2026/10/05 06:29:33.532, 1830, 9501, 345.17, 98, 55, 0x0000000000000004
2026/10/05 06:29:34.533, 1710, 9501, 348.04, 100, 56, 0x0000000000000004
2026/10/05 06:29:35.533, 1740, 9501, 345.74, 100, 55, 0x0000000000000004
2026/10/05 06:29:36.533, 1710, 9501, 344.65, 98, 56, 0x0000000000000004
2026/10/05 06:29:37.533, 1680, 9501, 349.68, 100, 56, 0x0000000000000004
2026/10/05 06:29:38.533, 1680, 9501, 343.21, 95, 56, 0x0000000000000004
2026/10/05 06:29:39.534, 1740, 9501, 346.09, 97, 56, 0x0000000000000004
2026/10/05 06:29:40.534, 1875, 9501, 345.41, 98, 56, 0x0000000000000004
2026/10/05 06:29:41.534, 1710, 9501, 345.69, 100, 56, 0x0000000000000004
2026/10/05 06:29:42.534, 1935, 9501, 288.53, 0, 52, 0x0000000000000000
2026/10/05 06:29:43.535, 1695, 9501, 282.24, 99, 55, 0x0000000000000004
2026/10/05 06:29:44.535, 1710, 9501, 346.07, 99, 55, 0x0000000000000004
2026/10/05 06:29:45.535, 1635, 9501, 347.23, 100, 55, 0x0000000000000004
2026/10/05 06:29:46.535, 1725, 9501, 348.64, 98, 56, 0x0000000000000004
2026/10/05 06:29:47.535, 1620, 9501, 348.37, 99, 55, 0x0000000000000004
2026/10/05 06:29:48.536, 1650, 9501, 348.92, 100, 56, 0x0000000000000004
2026/10/05 06:29:49.536, 1425, 9501, 351.62, 99, 56, 0x0000000000000004
2026/10/05 06:29:50.536, 1665, 9501, 349.26, 99, 56, 0x0000000000000004
2026/10/05 06:29:51.536, 1650, 9501, 349.36, 100, 56, 0x0000000000000004
2026/10/05 06:29:52.537, 1695, 9501, 349.00, 100, 56, 0x0000000000000004
2026/10/05 06:29:53.537, 1500, 9501, 348.02, 100, 56, 0x0000000000000004
2026/10/05 06:29:54.537, 1680, 9501, 348.91, 100, 56, 0x0000000000000004
2026/10/05 06:29:55.537, 1665, 9501, 349.71, 100, 56, 0x0000000000000004
2026/10/05 06:29:56.538, 1620, 9501, 348.81, 100, 56, 0x0000000000000004
2026/10/05 06:29:57.538, 1545, 9501, 350.73, 99, 56, 0x0000000000000004
2026/10/05 06:29:58.538, 1650, 9501, 348.69, 100, 56, 0x0000000000000004
2026/10/05 06:29:59.538, 1665, 9501, 349.77, 100, 56, 0x0000000000000004
2026/10/05 06:30:00.538, 1665, 9501, 349.59, 100, 56, 0x0000000000000004
2026/10/05 06:30:01.539, 1710, 9501, 349.48, 100, 57, 0x0000000000000004
2026/10/05 06:30:02.539, 1710, 9501, 350.27, 100, 56, 0x0000000000000004
2026/10/05 06:30:03.539, 1680, 9501, 347.32, 100, 56, 0x0000000000000004
2026/10/05 06:30:04.539, 1620, 9501, 347.86, 100, 56, 0x0000000000000004
2026/10/05 06:30:05.539, 1695, 9501, 348.13, 100, 57, 0x0000000000000004
2026/10/05 06:30:06.540, 1710, 9501, 349.17, 100, 57, 0x0000000000000004
2026/10/05 06:30:07.540, 1650, 9501, 349.32, 100, 57, 0x0000000000000004
2026/10/05 06:30:08.540, 1710, 9501, 347.73, 100, 57, 0x0000000000000004
2026/10/05 06:30:09.540, 1710, 9501, 349.70, 100, 57, 0x0000000000000004
2026/10/05 06:30:10.541, 1710, 9501, 350.12, 100, 57, 0x0000000000000004
2026/10/05 06:30:11.541, 1830, 9501, 350.20, 100, 57, 0x0000000000000004
2026/10/05 06:30:12.541, 1695, 9501, 344.45, 99, 57, 0x0000000000000004
2026/10/05 06:30:13.541, 1695, 9501, 347.70, 100, 57, 0x0000000000000004
2026/10/05 06:30:14.541, 1695, 9501, 348.60, 100, 57, 0x0000000000000004
2026/10/05 06:30:15.542, 1695, 9501, 349.08, 100, 57, 0x0000000000000004
2026/10/05 06:30:16.542, 1695, 9501, 349.59, 100, 57, 0x0000000000000004
2026/10/05 06:30:17.542, 1665, 9501, 349.04, 100, 58, 0x0000000000000004
2026/10/05 06:30:18.542, 1695, 9501, 346.05, 100, 58, 0x0000000000000004
2026/10/05 06:30:19.543, 1695, 9501, 349.58, 100, 57, 0x0000000000000004
2026/10/05 06:30:20.543, 1695, 9501, 349.44, 100, 57, 0x0000000000000004
2026/10/05 06:30:21.543, 1695, 9501, 349.29, 100, 57, 0x0000000000000004
2026/10/05 06:30:22.543, 1695, 9501, 349.02, 100, 58, 0x0000000000000004
2026/10/05 06:30:23.543, 1695, 9501, 348.91, 100, 58, 0x0000000000000004
2026/10/05 06:30:24.544, 1695, 9501, 349.43, 100, 58, 0x0000000000000004
2026/10/05 06:30:25.544, 1695, 9501, 349.52, 100, 58, 0x0000000000000004
2026/10/05 06:30:26.544, 1695, 9501, 349.28, 100, 58, 0x0000000000000004
2026/10/05 06:30:27.544, 1695, 9501, 349.55, 100, 58, 0x0000000000000004
2026/10/05 06:30:28.545, 1635, 9501, 349.28, 100, 58, 0x0000000000000004
2026/10/05 06:30:29.545, 1425, 9501, 349.39, 100, 58, 0x0000000000000004
2026/10/05 06:30:30.545, 1665, 9501, 312.33, 96, 58, 0x0000000000000004
2026/10/05 06:30:31.545, 1695, 9501, 348.45, 97, 58, 0x0000000000000004
2026/10/05 06:30:32.545, 1650, 9501, 338.23, 97, 58, 0x0000000000000004
2026/10/05 06:30:33.546, 1785, 9501, 344.83, 97, 58, 0x0000000000000004
2026/10/05 06:30:34.546, 1695, 9501, 349.87, 100, 58, 0x0000000000000004
2026/10/05 06:30:35.546, 1725, 9501, 334.87, 91, 57, 0x0000000000000004
2026/10/05 06:30:36.546, 1650, 9501, 339.33, 98, 58, 0x0000000000000004
2026/10/05 06:30:37.546, 1785, 9501, 344.38, 98, 58, 0x0000000000000004
2026/10/05 06:30:38.547, 1695, 9501, 347.88, 99, 58, 0x0000000000000004
2026/10/05 06:30:39.547, 1725, 9501, 347.38, 98, 58, 0x0000000000000004
2026/10/05 06:30:40.547, 1665, 9501, 348.84, 100, 58, 0x0000000000000004
2026/10/05 06:30:41.547, 1575, 9501, 341.91, 99, 57, 0x0000000000000004
2026/10/05 06:30:42.548, 1680, 9501, 346.86, 98, 57, 0x0000000000000004
2026/10/05 06:30:43.548, 1665, 9501, 349.49, 100, 58, 0x0000000000000004
2026/10/05 06:30:44.548, 1785, 9501, 347.08, 100, 57, 0x0000000000000004
2026/10/05 06:30:45.548, 1545, 9501, 340.98, 99, 57, 0x0000000000000004
2026/10/05 06:30:46.548, 1830, 9501, 345.81, 98, 58, 0x0000000000000004
2026/10/05 06:30:47.549, 1665, 9501, 350.34, 100, 58, 0x0000000000000004
2026/10/05 06:30:48.549, 1620, 9501, 345.21, 99, 58, 0x0000000000000004
2026/10/05 06:30:49.549, 1830, 9501, 348.02, 100, 58, 0x0000000000000004
2026/10/05 06:30:50.550, 1935, 9751, 208.35, 19, 53, 0x0000000000000000
2026/10/05 06:30:51.550, 1800, 9751, 135.57, 0, 52, 0x0000000000000000
2026/10/05 06:30:52.551, 1800, 9501, 81.24, 0, 49, 0x0000000000000004
2026/10/05 06:30:53.551, 1920, 9501, 258.78, 99, 56, 0x0000000000000004
2026/10/05 06:30:54.551, 1740, 9501, 345.55, 99, 56, 0x0000000000000004
2026/10/05 06:30:55.551, 1785, 9501, 344.53, 98, 57, 0x0000000000000004
2026/10/05 06:30:56.551, 1710, 9501, 345.35, 99, 57, 0x0000000000000004
2026/10/05 06:30:57.552, 1800, 9501, 343.92, 98, 58, 0x0000000000000004
2026/10/05 06:30:58.552, 1680, 9501, 345.74, 98, 57, 0x0000000000000004
2026/10/05 06:30:59.552, 1605, 9501, 339.16, 100, 57, 0x0000000000000004
2026/10/05 06:31:00.552, 1545, 9501, 348.57, 100, 57, 0x0000000000000004
2026/10/05 06:31:01.553, 1455, 9501, 349.03, 100, 57, 0x0000000000000004
2026/10/05 06:31:02.553, 1425, 9501, 347.23, 100, 57, 0x0000000000000004
2026/10/05 06:31:03.553, 1500, 9501, 344.09, 100, 57, 0x0000000000000004
2026/10/05 06:31:04.553, 1575, 9501, 345.04, 100, 57, 0x0000000000000004
2026/10/05 06:31:05.553, 1575, 9501, 347.02, 99, 57, 0x0000000000000004
2026/10/05 06:31:06.554, 1785, 9501, 347.03, 100, 58, 0x0000000000000004
2026/10/05 06:31:07.554, 1575, 9501, 349.62, 100, 57, 0x0000000000000004
2026/10/05 06:31:08.554, 1575, 9501, 348.98, 100, 57, 0x0000000000000004
2026/10/05 06:31:09.554, 1800, 9501, 347.49, 100, 58, 0x0000000000000004
2026/10/05 06:31:10.554, 1845, 9501, 336.36, 98, 58, 0x0000000000000004
2026/10/05 06:31:11.555, 1860, 9501, 346.94, 100, 58, 0x0000000000000004
2026/10/05 06:31:12.555, 1815, 9501, 344.71, 96, 57, 0x0000000000000004
2026/10/05 06:31:13.555, 1725, 9501, 343.12, 100, 58, 0x0000000000000004
