2026/10/05 06:20:14.904, 0, 41.92 W, 42.09 W, 1725 MHz, 7001 MHz, 53, 486 MiB, 22 %, P0, 0 %
2026/10/05 12:01:09.875, 1, 143.74 W, 143.74 W, 1785 MHz, 6800 MHz, 72, 5167 MiB, 0 %, P2, 73 %, 0x0000000000000004
2026/10/05 12:01:10.001, 1, 94.74 W, 94.74 W, 1815 MHz, 6800 MHz, 73, 5167 MiB, 0 %, P2, 73 %, 0x0000000000000000
2026/10/05 12:01:10.111, 1, 109.18 W, 109.18 W, 1815 MHz, 6800 MHz, 73, 5167 MiB, 0 %, P2, 73 %, 0x0000000000000000
2026/10/05 12:01:10.220, 1, 109.78 W, 109.78 W, 1815 MHz, 6800 MHz, 73, 5167 MiB, 11 %, P2, 73 %, 0x0000000000000000
2026/10/05 12:01:10.329, 1, 110.20 W, 110.20 W, 1815 MHz, 6800 MHz, 73, 5167 MiB, 11 %, P2, 73 %, 0x0000000000000000
2026/10/05 12:01:10.438, 1, 111.25 W, 111.25 W, 1815 MHz, 6800 MHz, 73, 5167 MiB, 11 %, P2, 73 %, 0x0000000000000000
2026/10/05 12:01:10.546, 1, 111.72 W, 111.72 W, 1815 MHz, 6800 MHz, 74, 5167 MiB, 11 %, P2, 74 %, 0x0000000000000000
2026/10/05 12:01:10.655, 1, 111.69 W, 111.69 W, 1815 MHz, 6800 MHz, 74, 5167 MiB, 11 %, P2, 74 %, 0x0000000000000000
2026/10/05 12:01:10.763, 1, 111.84 W, 111.84 W, 1815 MHz, 6800 MHz, 74, 5167 MiB, 11 %, P2, 74 %, 0x0000000000000000
2026/10/05 12:01:10.872, 1, 111.94 W, 111.94 W, 1815 MHz, 6800 MHz, 74, 5167 MiB, 11 %, P2, 75 %, 0x0000000000000000
2026/10/05 12:01:10.980, 1, 112.01 W, 112.01 W, 1815 MHz, 6800 MHz, 74, 5167 MiB, 11 %, P2, 75 %, 0x0000000000000000
2026/10/05 12:01:11.089, 1, 111.97 W, 111.97 W, 1815 MHz, 6800 MHz, 74, 5167 MiB, 11 %, P2, 76 %, 0x0000000000000000
2026/10/05 12:01:11.197, 1, 111.78 W, 111.78 W, 1815 MHz, 6800 MHz, 74, 5167 MiB, 0 %, P2, 76 %, 0x0000000000000000
2026/10/05 12:01:11.305, 1, 112.06 W, 112.06 W, 1815 MHz, 6800 MHz, 74, 5167 MiB, 0 %, P2, 77 %, 0x0000000000000000
2026/10/05 12:01:11.415, 1, 112.11 W, 112.11 W, 1815 MHz, 6800 MHz, 74, 5167 MiB, 0 %, P2, 77 %, 0x0000000000000000
2026/10/05 12:01:11.523, 1, 111.82 W, 111.82 W, 1815 MHz, 6800 MHz, 74, 5167 MiB, 0 %, P2, 77 %, 0x0000000000000000
2026/10/05 12:01:11.632, 1, 110.71 W, 110.71 W, 1815 MHz, 6800 MHz, 74, 5167 MiB, 0 %, P2, 77 %, 0x0000000000000000
2026/10/05 12:01:11.740, 1, 98.25 W, 98.25 W, 1350 MHz, 6800 MHz, 74, 5167 MiB, 0 %, P2, 78 %, 0x0000000000000000
2026/10/05 12:01:11.865, 1, 117.75 W, 117.75 W, 1350 MHz, 6800 MHz, 74, 5167 MiB, 0 %, P2, 77 %, 0x0000000000000000
2026/10/05 12:01:11.996, 1, 124.00 W, 124.00 W, 1815 MHz, 6800 MHz, 74, 5167 MiB, 0 %, P2, 77 %, 0x0000000000000004
2026/10/05 12:01:12.109, 1, 109.23 W, 109.23 W, 1815 MHz, 6800 MHz, 74, 5167 MiB, 0 %, P2, 77 %, 0x0000000000000000
2026/10/05 12:01:12.217, 1, 110.43 W, 110.43 W, 1815 MHz, 6800 MHz, 74, 5167 MiB, 11 %, P2, 77 %, 0x0000000000000000
2026/10/05 12:01:12.326, 1, 111.13 W, 111.13 W, 1815 MHz, 6800 MHz, 74, 5167 MiB, 11 %, P2, 77 %, 0x0000000000000000
2026/10/05 12:01:12.434, 1, 111.47 W, 110.73 W, 1815 MHz, 6800 MHz, 74, 5167 MiB, 11 %, P2, 77 %, 0x0000000000000000
2026/10/05 12:01:12.543, 1, 111.43 W, 111.43 W, 1815 MHz, 6800 MHz, 74, 5167 MiB, 11 %, P2, 77 %, 0x0000000000000000
2026/10/05 12:01:12.652, 1, 111.83 W, 111.83 W, 1815 MHz, 6800 MHz, 74, 5167 MiB, 11 %, P2, 77 %, 0x0000000000000000
2026/10/05 12:01:12.761, 1, 114.84 W, 114.84 W, 1800 MHz, 6800 MHz, 74, 5167 MiB, 11 %, P2, 77 %, 0x0000000000000004
2026/10/05 12:01:12.876, 1, 205.21 W, 205.21 W, 1815 MHz, 6800 MHz, 74, 5167 MiB, 11 %, P2, 77 %, 0x0000000000000004
2026/10/05 12:01:12.987, 1, 117.71 W, 117.71 W, 1815 MHz, 6800 MHz, 74, 5167 MiB, 11 %, P2, 77 %, 0x0000000000000000
2026/10/05 12:01:13.095, 1, 112.04 W, 112.04 W, 1815 MHz, 6800 MHz, 75, 5167 MiB, 11 %, P2, 77 %, 0x0000000000000000
2026/10/05 12:01:13.206, 1, 112.81 W, 112.81 W, 1815 MHz, 6800 MHz, 75, 5167 MiB, 11 %, P2, 77 %, 0x0000000000000000
2026/10/05 12:01:13.314, 1, 112.76 W, 112.76 W, 1815 MHz, 6800 MHz, 75, 5167 MiB, 11 %, P2, 77 %, 0x0000000000000000
2026/10/05 12:01:13.423, 1, 112.73 W, 112.73 W, 1815 MHz, 6800 MHz, 75, 5167 MiB, 11 %, P2, 77 %, 0x0000000000000000
2026/10/05 12:01:13.533, 1, 112.82 W, 112.82 W, 1815 MHz, 6800 MHz, 75, 5167 MiB, 11 %, P2, 77 %, 0x0000000000000000
2026/10/05 12:01:13.641, 1, 112.86 W, 112.01 W, 1815 MHz, 6800 MHz, 75, 5167 MiB, 11 %, P2, 78 %, 0x0000000000000000
2026/10/05 12:01:13.751, 1, 144.96 W, 144.96 W, 1800 MHz, 6800 MHz, 75, 5167 MiB, 11 %, P2, 78 %, 0x0000000000000004
2026/10/05 12:01:13.867, 1, 180.86 W, 180.86 W, 1815 MHz, 6800 MHz, 75, 5167 MiB, 11 %, P2, 79 %, 0x0000000000000004
2026/10/05 12:01:13.976, 1, 112.36 W, 112.36 W, 1815 MHz, 6800 MHz, 75, 5167 MiB, 11 %, P2, 79 %, 0x0000000000000000
2026/10/05 12:01:14.086, 1, 112.68 W, 112.68 W, 1815 MHz, 6800 MHz, 75, 5167 MiB, 11 %, P2, 79 %, 0x0000000000000000
2026/10/05 12:01:14.196, 1, 113.14 W, 113.14 W, 1815 MHz, 6800 MHz, 75, 5167 MiB, 11 %, P2, 79 %, 0x0000000000000000
2026/10/05 12:01:14.304, 1, 113.02 W, 113.02 W, 1815 MHz, 6800 MHz, 75, 5167 MiB, 11 %, P2, 79 %, 0x0000000000000000
2026/10/05 12:01:14.414, 1, 113.38 W, 113.38 W, 1815 MHz, 6800 MHz, 75, 5167 MiB, 11 %, P2, 79 %, 0x0000000000000000
2026/10/05 12:01:14.523, 1, 112.90 W, 112.90 W, 1815 MHz, 6800 MHz, 75, 5167 MiB, 11 %, P2, 79 %, 0x0000000000000000
2026/10/05 12:01:14.634, 1, 113.27 W, 113.27 W, 1815 MHz, 6800 MHz, 75, 5167 MiB, 11 %, P2, 79 %, 0x0000000000000000
2026/10/05 12:01:14.742, 1, 112.73 W, 112.73 W, 1800 MHz, 6800 MHz, 75, 5167 MiB, 11 %, P2, 79 %, 0x0000000000000004
2026/10/05 12:01:14.857, 1, 208.82 W, 208.82 W, 1740 MHz, 6800 MHz, 75, 4703 MiB, 11 %, P2, 79 %, 0x0000000000000004
2026/10/05 12:01:14.967, 1, 186.56 W, 186.56 W, 1575 MHz, 6800 MHz, 75, 4573 MiB, 11 %, P2, 79 %, 0x0000000000000004
2026/10/05 12:01:15.121, 1, 150.59 W, 150.59 W, 1695 MHz, 6800 MHz, 76, 4749 MiB, 11 %, P2, 79 %, 0x0000000000000004
2026/10/05 12:01:15.231, 1, 205.09 W, 205.09 W, 1695 MHz, 6800 MHz, 76, 4573 MiB, 38 %, P2, 79 %, 0x0000000000000004
2026/10/05 12:01:15.348, 1, 178.21 W, 178.21 W, 1725 MHz, 6800 MHz, 76, 4785 MiB, 38 %, P2, 79 %, 0x0000000000000004
2026/10/05 12:01:15.458, 1, 197.31 W, 197.31 W, 1710 MHz, 6800 MHz, 76, 4855 MiB, 38 %, P2, 79 %, 0x0000000000000004
2026/10/05 12:01:15.571, 1, 111.46 W, 111.46 W, 1815 MHz, 6800 MHz, 77, 4855 MiB, 38 %, P2, 79 %, 0x0000000000000004
2026/10/05 12:01:15.680, 1, 114.88 W, 114.88 W, 1815 MHz, 6800 MHz, 77, 4855 MiB, 38 %, P2, 80 %, 0x0000000000000000
2026/10/05 12:01:15.789, 1, 114.91 W, 114.91 W, 1815 MHz, 6800 MHz, 77, 4855 MiB, 38 %, P2, 80 %, 0x0000000000000000
2026/10/05 12:01:15.898, 1, 114.96 W, 114.96 W, 1815 MHz, 6800 MHz, 77, 4855 MiB, 38 %, P2, 81 %, 0x0000000000000000
2026/10/05 12:01:16.008, 1, 115.41 W, 115.41 W, 1815 MHz, 6800 MHz, 76, 4855 MiB, 38 %, P2, 82 %, 0x0000000000000000
2026/10/05 12:01:16.120, 1, 115.48 W, 115.48 W, 1815 MHz, 6800 MHz, 76, 4855 MiB, 38 %, P2, 82 %, 0x0000000000000000
2026/10/05 12:01:16.229, 1, 115.27 W, 115.27 W, 1815 MHz, 6800 MHz, 76, 4855 MiB, 23 %, P2, 83 %, 0x0000000000000000
2026/10/05 12:01:16.338, 1, [GPU is lost], [GPU is lost], [GPU is lost], [GPU is lost], [GPU is lost], [GPU is lost], [GPU is lost], [GPU is lost], [GPU is lost], [GPU is lost]
2026/10/05 12:01:16.441, 1, [GPU is lost], [GPU is lost], [GPU is lost], [GPU is lost], [GPU is lost], [GPU is lost], [GPU is lost], [GPU is lost], [GPU is lost], [GPU is lost]
2026/10/05 12:01:16.543, 1, [GPU is lost], [GPU is lost], [GPU is lost], [GPU is lost], [GPU is lost], [GPU is lost], [GPU is lost], [GPU is lost], [GPU is lost], [GPU is lost]
