2026/09/30 07:58:56.974, 1950 MHz, 9501 MHz, 284.48 W, 0 %
2026/09/30 07:58:57.978, 1950 MHz, 9501 MHz, 177.99 W, 0 %
2026/09/30 07:58:58.979, 1695 MHz, 9501 MHz, 149.80 W, 0 %
2026/09/30 07:58:59.979, 1695 MHz, 9501 MHz, 121.44 W, 0 %
2026/09/30 07:59:00.979, 1695 MHz, 9501 MHz, 121.39 W, 0 %
2026/09/30 07:59:01.979, 1695 MHz, 9501 MHz, 120.85 W, 0 %
2026/09/30 07:59:02.979, 1695 MHz, 9501 MHz, 120.34 W, 0 %
2026/09/30 07:59:03.979, 1695 MHz, 9501 MHz, 119.82 W, 0 %
2026/09/30 07:59:04.980, 1695 MHz, 9501 MHz, 119.61 W, 0 %
2026/09/30 07:59:05.980, 1695 MHz, 9501 MHz, 119.34 W, 0 %
2026/09/30 07:59:06.980, 1695 MHz, 9501 MHz, 118.99 W, 0 %
2026/09/30 07:59:07.980, 1860 MHz, 9501 MHz, 319.46 W, 96 %
2026/09/30 07:59:08.980, 1860 MHz, 9501 MHz, 348.05 W, 95 %
2026/09/30 07:59:09.980, 1845 MHz, 9501 MHz, 348.30 W, 96 %
2026/09/30 07:59:10.981, 1845 MHz, 9501 MHz, 347.71 W, 96 %
2026/09/30 07:59:11.981, 1830 MHz, 9501 MHz, 348.70 W, 96 %
2026/09/30 07:59:12.981, 1845 MHz, 9501 MHz, 348.50 W, 96 %
2026/09/30 07:59:13.981, 1845 MHz, 9501 MHz, 348.33 W, 94 %
2026/09/30 07:59:14.981, 1860 MHz, 9501 MHz, 338.65 W, 96 %
2026/09/30 07:59:15.981, 1860 MHz, 9501 MHz, 347.98 W, 96 %
2026/09/30 07:59:16.981, 1830 MHz, 9501 MHz, 348.38 W, 96 %
2026/09/30 07:59:17.982, 1830 MHz, 9501 MHz, 347.69 W, 96 %
2026/09/30 07:59:18.982, 1830 MHz, 9501 MHz, 348.48 W, 100 %
2026/09/30 07:59:19.982, 1860 MHz, 9501 MHz, 348.25 W, 96 %
2026/09/30 07:59:20.983, 1830 MHz, 9501 MHz, 348.67 W, 96 %
2026/09/30 07:59:21.983, 1830 MHz, 9501 MHz, 341.21 W, 96 %
2026/09/30 07:59:22.983, 1830 MHz, 9501 MHz, 348.49 W, 100 %
2026/09/30 07:59:23.983, 1830 MHz, 9501 MHz, 349.17 W, 96 %
2026/09/30 07:59:24.984, 1830 MHz, 9501 MHz, 347.53 W, 96 %
2026/09/30 07:59:25.984, 1830 MHz, 9501 MHz, 349.24 W, 99 %
2026/09/30 07:59:26.984, 1860 MHz, 9501 MHz, 347.77 W, 92 %
2026/09/30 07:59:27.985, 1830 MHz, 9501 MHz, 347.95 W, 96 %
2026/09/30 07:59:28.985, 1845 MHz, 9501 MHz, 340.32 W, 96 %
2026/09/30 07:59:29.985, 1845 MHz, 9501 MHz, 348.67 W, 95 %
2026/09/30 07:59:30.985, 1815 MHz, 9501 MHz, 348.97 W, 96 %
2026/09/30 07:59:31.985, 1830 MHz, 9501 MHz, 348.23 W, 96 %
2026/09/30 07:59:32.986, 1830 MHz, 9501 MHz, 348.43 W, 96 %
2026/09/30 07:59:33.986, 1830 MHz, 9501 MHz, 348.23 W, 96 %
2026/09/30 07:59:34.986, 1830 MHz, 9501 MHz, 348.86 W, 95 %
2026/09/30 07:59:35.986, 1815 MHz, 9501 MHz, 340.36 W, 95 %
2026/09/30 07:59:36.987, 1815 MHz, 9501 MHz, 350.75 W, 100 %
2026/09/30 07:59:37.987, 1830 MHz, 9501 MHz, 348.17 W, 91 %
2026/09/30 07:59:38.987, 1830 MHz, 9501 MHz, 348.16 W, 96 %
2026/09/30 07:59:39.987, 1845 MHz, 9501 MHz, 349.04 W, 97 %
2026/09/30 07:59:40.987, 1830 MHz, 9501 MHz, 348.35 W, 96 %
2026/09/30 07:59:41.988, 1815 MHz, 9501 MHz, 348.73 W, 96 %
2026/09/30 07:59:42.988, 1830 MHz, 9501 MHz, 347.87 W, 99 %
2026/09/30 07:59:43.988, 1800 MHz, 9501 MHz, 344.52 W, 96 %
2026/09/30 07:59:44.988, 1800 MHz, 9501 MHz, 347.44 W, 96 %
2026/09/30 07:59:45.988, 1815 MHz, 9501 MHz, 347.02 W, 96 %
2026/09/30 07:59:46.988, 1830 MHz, 9501 MHz, 348.28 W, 100 %
2026/09/30 07:59:47.989, 1815 MHz, 9501 MHz, 347.99 W, 92 %
2026/09/30 07:59:48.989, 1815 MHz, 9501 MHz, 348.19 W, 96 %
2026/09/30 07:59:49.989, 1830 MHz, 9501 MHz, 347.68 W, 96 %
2026/09/30 07:59:50.989, 1830 MHz, 9501 MHz, 342.53 W, 96 %
2026/09/30 07:59:51.989, 1830 MHz, 9501 MHz, 348.21 W, 96 %
2026/09/30 07:59:52.990, 1830 MHz, 9501 MHz, 348.34 W, 96 %
2026/09/30 07:59:53.990, 1815 MHz, 9501 MHz, 348.90 W, 96 %
2026/09/30 07:59:54.990, 1815 MHz, 9501 MHz, 348.40 W, 96 %
2026/09/30 07:59:55.990, 1830 MHz, 9501 MHz, 348.06 W, 99 %
2026/09/30 07:59:56.990, 1830 MHz, 9501 MHz, 347.64 W, 96 %
2026/09/30 07:59:57.991, 1830 MHz, 9501 MHz, 341.75 W, 96 %
2026/09/30 07:59:58.991, 1830 MHz, 9501 MHz, 348.14 W, 91 %
2026/09/30 07:59:59.991, 1830 MHz, 9501 MHz, 347.95 W, 96 %
2026/09/30 08:00:00.991, 1845 MHz, 9501 MHz, 348.98 W, 99 %
2026/09/30 08:00:01.991, 1830 MHz, 9501 MHz, 347.56 W, 96 %
2026/09/30 08:00:02.992, 1830 MHz, 9501 MHz, 348.88 W, 96 %
2026/09/30 08:00:03.992, 1845 MHz, 9501 MHz, 347.71 W, 100 %
2026/09/30 08:00:04.992, 1935 MHz, 9501 MHz, 314.22 W, 0 %
