2026/10/05 09:17:11.908, 1815 MHz, 9501 MHz, 347.57 W, 90 %
2026/10/05 09:17:12.910, 1935 MHz, 9501 MHz, 181.53 W, 0 %
2026/10/05 09:17:13.910, 1935 MHz, 9501 MHz, 162.24 W, 0 %
2026/10/05 09:17:14.911, 1800 MHz, 9501 MHz, 131.75 W, 0 %
2026/10/05 09:17:15.911, 1800 MHz, 9501 MHz, 125.65 W, 0 %
2026/10/05 09:17:16.911, 1680 MHz, 9501 MHz, 125.54 W, 96 %
2026/10/05 09:17:17.911, 1665 MHz, 9501 MHz, 352.18 W, 100 %
2026/10/05 09:17:18.911, 1665 MHz, 9501 MHz, 348.08 W, 100 %
2026/10/05 09:17:19.912, 1680 MHz, 9501 MHz, 348.39 W, 100 %
2026/10/05 09:17:20.912, 1680 MHz, 9501 MHz, 348.70 W, 100 %
2026/10/05 09:17:21.912, 1710 MHz, 9501 MHz, 348.54 W, 100 %
2026/10/05 09:17:22.912, 1665 MHz, 9501 MHz, 348.82 W, 100 %
2026/10/05 09:17:23.913, 1665 MHz, 9501 MHz, 347.99 W, 100 %
2026/10/05 09:17:24.913, 1665 MHz, 9501 MHz, 348.62 W, 100 %
2026/10/05 09:17:25.913, 1650 MHz, 9501 MHz, 348.02 W, 100 %
2026/10/05 09:17:26.913, 1665 MHz, 9501 MHz, 348.99 W, 100 %
2026/10/05 09:17:27.914, 1650 MHz, 9501 MHz, 348.13 W, 100 %
2026/10/05 09:17:28.914, 1665 MHz, 9501 MHz, 348.27 W, 100 %
2026/10/05 09:17:29.914, 1755 MHz, 9501 MHz, 347.70 W, 100 %
2026/10/05 09:17:30.914, 1665 MHz, 9501 MHz, 348.05 W, 100 %
2026/10/05 09:17:31.914, 1665 MHz, 9501 MHz, 346.85 W, 100 %
2026/10/05 09:17:32.915, 1680 MHz, 9501 MHz, 348.42 W, 100 %
2026/10/05 09:17:33.915, 1695 MHz, 9501 MHz, 348.51 W, 100 %
2026/10/05 09:17:34.915, 1680 MHz, 9501 MHz, 348.71 W, 100 %
2026/10/05 09:17:35.915, 1665 MHz, 9501 MHz, 348.48 W, 100 %
2026/10/05 09:17:36.916, 1665 MHz, 9501 MHz, 348.22 W, 100 %
2026/10/05 09:17:37.916, 1650 MHz, 9501 MHz, 348.33 W, 100 %
2026/10/05 09:17:38.916, 1665 MHz, 9501 MHz, 345.66 W, 100 %
2026/10/05 09:17:39.916, 1665 MHz, 9501 MHz, 349.44 W, 100 %
2026/10/05 09:17:40.916, 1680 MHz, 9501 MHz, 348.85 W, 100 %
2026/10/05 09:17:41.917, 1665 MHz, 9501 MHz, 348.96 W, 100 %
2026/10/05 09:17:42.917, 1725 MHz, 9501 MHz, 348.06 W, 100 %
2026/10/05 09:17:43.917, 1680 MHz, 9501 MHz, 347.94 W, 100 %
2026/10/05 09:17:44.917, 1665 MHz, 9501 MHz, 347.58 W, 100 %
